Degree,Type,Name
Browse,Type,"System.Runtime.InteropServices.COMException"
Browse,Type,"System.Runtime.InteropServices.InvalidComObjectException"
Browse,Type,"System.Runtime.InteropServices.InvalidOleVariantTypeException"
Browse,Type,"System.Runtime.InteropServices.SafeArrayRankMismatchException"
Browse,Type,"System.Runtime.InteropServices.SafeArrayTypeMismatchException"
Browse,Type,"Windows.UI.Xaml.LayoutCycleException"
Browse,Type,"Windows.UI.Xaml.Markup.XamlParseException"
Browse,Type,"Windows.UI.Xaml.Automation.ElementNotAvailableException"
Browse,Type,"Windows.UI.Xaml.Automation.ElementNotEnabledException"
Browse,Type,"System.ApplicationException"
Browse,Type,"System.AggregateException"
Browse,Type,"System.ArgumentException"
Browse,Type,"System.ArgumentNullException"
Browse,Type,"System.ArgumentOutOfRangeException"
Browse,Type,"System.ArithmeticException"
Browse,Type,"System.ArrayTypeMismatchException"
Browse,Type,"System.BadImageFormatException"
Browse,Type,"System.DataMisalignedException"
Browse,Type,"System.DivideByZeroException"
Browse,Type,"System.DllNotFoundException"
Browse,Type,"System.EntryPointNotFoundException"
Browse,Type,"System.FormatException"
Browse,Type,"System.IndexOutOfRangeException"
Browse,Type,"System.InsufficientExecutionStackException"
Browse,Type,"System.InvalidCastException"
Browse,Type,"System.InvalidOperationException"
Browse,Type,"System.InvalidProgramException"
Browse,Type,"System.MemberAccessException"
Browse,Type,"System.MissingMemberException"
Browse,Type,"System.MissingMethodException"
Browse,Type,"System.NotImplementedException"
Browse,Type,"System.NotSupportedException"
Browse,Type,"System.NullReferenceException"
Browse,Type,"System.ObjectDisposedException"
Browse,Type,"System.OperationCanceledException"
Browse,Type,"System.OutOfMemoryException"
Browse,Type,"System.OverflowException"
Browse,Type,"System.PlatformNotSupportedException"
Browse,Type,"System.RankException"
Browse,Type,"System.SystemException"
Browse,Type,"System.TypeAccessException"
Browse,Type,"System.TypeInitializationException"
Browse,Type,"System.UnauthorizedAccessException"
Browse,Type,"System.Exception"
Browse,Type,"System.TypeLoadException"
Browse,Type,"System.Threading.SynchronizationLockException"
Browse,Type,"System.Security.SecurityException"
Browse,Type,"System.Security.VerificationException"
Browse,Type,"System.Runtime.Serialization.SerializationException"
Browse,Type,"System.Runtime.InteropServices.ExternalException"
Browse,Type,"System.Runtime.InteropServices.MarshalDirectiveException"
Browse,Type,"System.Resources.MissingManifestResourceException"
Browse,Type,"System.Reflection.InvalidFilterCriteriaException"
Browse,Type,"System.Reflection.ReflectionTypeLoadException"
Browse,Type,"System.Reflection.TargetInvocationException"
Browse,Type,"System.Reflection.TargetParameterCountException"
Browse,Type,"System.Reflection.MissingMetadataException"
Browse,Type,"System.IO.DirectoryNotFoundException"
Browse,Type,"System.IO.EndOfStreamException"
Browse,Type,"System.IO.FileLoadException"
Browse,Type,"System.IO.FileNotFoundException"
Browse,Type,"System.IO.IOException"
Browse,Type,"System.IO.PathTooLongException"
Browse,Type,"System.Diagnostics.Tracing.EventSourceException"
Browse,Type,"System.Collections.Generic.KeyNotFoundException"
Browse,Type,"System.UriFormatException"
Browse,Type,"System.MissingFieldException"
Browse,Type,"System.Object"
Browse,Type,"System.Threading.Tasks.TaskCanceledException"
Browse,Type,"System.Threading.Tasks.TaskSchedulerException"
Browse,Type,"System.Reflection.AmbiguousMatchException"
Browse,Type,"System.Globalization.CultureNotFoundException"
Browse,Type,"System.Threading.SemaphoreFullException"
Browse,Type,"System.Threading.ThreadAbortException"
Browse,Type,"System.Resources.MissingSatelliteAssemblyException"
Browse,Type,"System.Reflection.CustomAttributeFormatException"
Browse,Type,"System.DBNull"
Browse,Type,"System.Threading.ThreadStateException"
Browse,Type,"System.Threading.WaitHandleCannotBeOpenedException"
Browse,Type,"System.InvalidTimeZoneException"
Browse,Type,"System.Threading.AbandonedMutexException"
Browse,Type,"System.Threading.LockRecursionException"
Browse,Type,"System.Threading.ThreadStartException"
Browse,Type,"System.DuplicateWaitObjectException"
Browse,Type,"System.Reflection.TargetException"
Browse,Type,"System.Text.EncoderFallbackException"
Browse,Type,"System.Text.DecoderFallbackException"
Browse,Type,"System.FieldAccessException"
Browse,Field,"System.String System.MissingMemberException.ClassName"
Browse,Field,"System.String System.MissingMemberException.MemberName"
Browse,Field,"System.Byte[] System.MissingMemberException.Signature"
Browse,Field,"System.Int32 System.AttributeTargets.value__"
Browse,Field,"System.AttributeTargets System.AttributeTargets.Assembly"
Browse,Field,"System.AttributeTargets System.AttributeTargets.Module"
Browse,Field,"System.AttributeTargets System.AttributeTargets.Class"
Browse,Field,"System.AttributeTargets System.AttributeTargets.Struct"
Browse,Field,"System.AttributeTargets System.AttributeTargets.Enum"
Browse,Field,"System.AttributeTargets System.AttributeTargets.Constructor"
Browse,Field,"System.AttributeTargets System.AttributeTargets.Method"
Browse,Field,"System.AttributeTargets System.AttributeTargets.Property"
Browse,Field,"System.AttributeTargets System.AttributeTargets.Field"
Browse,Field,"System.AttributeTargets System.AttributeTargets.Event"
Browse,Field,"System.AttributeTargets System.AttributeTargets.Interface"
Browse,Field,"System.AttributeTargets System.AttributeTargets.Parameter"
Browse,Field,"System.AttributeTargets System.AttributeTargets.Delegate"
Browse,Field,"System.AttributeTargets System.AttributeTargets.ReturnValue"
Browse,Field,"System.AttributeTargets System.AttributeTargets.GenericParameter"
Browse,Field,"System.AttributeTargets System.AttributeTargets.All"
Browse,Field,"System.Int32 System.Collections.Specialized.NotifyCollectionChangedAction.value__"
Browse,Field,"System.Collections.Specialized.NotifyCollectionChangedAction System.Collections.Specialized.NotifyCollectionChangedAction.Add"
Browse,Field,"System.Collections.Specialized.NotifyCollectionChangedAction System.Collections.Specialized.NotifyCollectionChangedAction.Remove"
Browse,Field,"System.Collections.Specialized.NotifyCollectionChangedAction System.Collections.Specialized.NotifyCollectionChangedAction.Replace"
Browse,Field,"System.Collections.Specialized.NotifyCollectionChangedAction System.Collections.Specialized.NotifyCollectionChangedAction.Move"
Browse,Field,"System.Collections.Specialized.NotifyCollectionChangedAction System.Collections.Specialized.NotifyCollectionChangedAction.Reset"
Browse,Field,"System.Int32 Windows.UI.Xaml.DurationType.value__"
Browse,Field,"Windows.UI.Xaml.DurationType Windows.UI.Xaml.DurationType.Automatic"
Browse,Field,"Windows.UI.Xaml.DurationType Windows.UI.Xaml.DurationType.TimeSpan"
Browse,Field,"Windows.UI.Xaml.DurationType Windows.UI.Xaml.DurationType.Forever"
Browse,Field,"System.Int32 Windows.UI.Xaml.GridUnitType.value__"
Browse,Field,"Windows.UI.Xaml.GridUnitType Windows.UI.Xaml.GridUnitType.Auto"
Browse,Field,"Windows.UI.Xaml.GridUnitType Windows.UI.Xaml.GridUnitType.Pixel"
Browse,Field,"Windows.UI.Xaml.GridUnitType Windows.UI.Xaml.GridUnitType.Star"
Browse,Field,"System.Int32 Windows.UI.Xaml.Media.Animation.RepeatBehaviorType.value__"
Browse,Field,"Windows.UI.Xaml.Media.Animation.RepeatBehaviorType Windows.UI.Xaml.Media.Animation.RepeatBehaviorType.Count"
Browse,Field,"Windows.UI.Xaml.Media.Animation.RepeatBehaviorType Windows.UI.Xaml.Media.Animation.RepeatBehaviorType.Duration"
Browse,Field,"Windows.UI.Xaml.Media.Animation.RepeatBehaviorType Windows.UI.Xaml.Media.Animation.RepeatBehaviorType.Forever"
Browse,Field,"Windows.Foundation.PropertyType Windows.Foundation.PropertyType.Empty"
Browse,Field,"Windows.Foundation.PropertyType Windows.Foundation.PropertyType.UInt8"
Browse,Field,"Windows.Foundation.PropertyType Windows.Foundation.PropertyType.Int16"
Browse,Field,"Windows.Foundation.PropertyType Windows.Foundation.PropertyType.UInt16"
Browse,Field,"Windows.Foundation.PropertyType Windows.Foundation.PropertyType.Int32"
Browse,Field,"Windows.Foundation.PropertyType Windows.Foundation.PropertyType.UInt32"
Browse,Field,"Windows.Foundation.PropertyType Windows.Foundation.PropertyType.Int64"
Browse,Field,"Windows.Foundation.PropertyType Windows.Foundation.PropertyType.UInt64"
Browse,Field,"Windows.Foundation.PropertyType Windows.Foundation.PropertyType.Single"
Browse,Field,"Windows.Foundation.PropertyType Windows.Foundation.PropertyType.Double"
Browse,Field,"Windows.Foundation.PropertyType Windows.Foundation.PropertyType.Char16"
Browse,Field,"Windows.Foundation.PropertyType Windows.Foundation.PropertyType.Boolean"
Browse,Field,"Windows.Foundation.PropertyType Windows.Foundation.PropertyType.String"
Browse,Field,"Windows.Foundation.PropertyType Windows.Foundation.PropertyType.Inspectable"
Browse,Field,"Windows.Foundation.PropertyType Windows.Foundation.PropertyType.DateTime"
Browse,Field,"Windows.Foundation.PropertyType Windows.Foundation.PropertyType.TimeSpan"
Browse,Field,"Windows.Foundation.PropertyType Windows.Foundation.PropertyType.Guid"
Browse,Field,"Windows.Foundation.PropertyType Windows.Foundation.PropertyType.Point"
Browse,Field,"Windows.Foundation.PropertyType Windows.Foundation.PropertyType.Size"
Browse,Field,"Windows.Foundation.PropertyType Windows.Foundation.PropertyType.Rect"
Browse,Field,"Windows.Foundation.PropertyType Windows.Foundation.PropertyType.OtherType"
Browse,Field,"Windows.Foundation.PropertyType Windows.Foundation.PropertyType.UInt8Array"
Browse,Field,"Windows.Foundation.PropertyType Windows.Foundation.PropertyType.Int16Array"
Browse,Field,"Windows.Foundation.PropertyType Windows.Foundation.PropertyType.UInt16Array"
Browse,Field,"Windows.Foundation.PropertyType Windows.Foundation.PropertyType.Int32Array"
Browse,Field,"Windows.Foundation.PropertyType Windows.Foundation.PropertyType.UInt32Array"
Browse,Field,"Windows.Foundation.PropertyType Windows.Foundation.PropertyType.Int64Array"
Browse,Field,"Windows.Foundation.PropertyType Windows.Foundation.PropertyType.UInt64Array"
Browse,Field,"Windows.Foundation.PropertyType Windows.Foundation.PropertyType.SingleArray"
Browse,Field,"Windows.Foundation.PropertyType Windows.Foundation.PropertyType.DoubleArray"
Browse,Field,"Windows.Foundation.PropertyType Windows.Foundation.PropertyType.Char16Array"
Browse,Field,"Windows.Foundation.PropertyType Windows.Foundation.PropertyType.BooleanArray"
Browse,Field,"Windows.Foundation.PropertyType Windows.Foundation.PropertyType.StringArray"
Browse,Field,"Windows.Foundation.PropertyType Windows.Foundation.PropertyType.InspectableArray"
Browse,Field,"Windows.Foundation.PropertyType Windows.Foundation.PropertyType.DateTimeArray"
Browse,Field,"Windows.Foundation.PropertyType Windows.Foundation.PropertyType.TimeSpanArray"
Browse,Field,"Windows.Foundation.PropertyType Windows.Foundation.PropertyType.GuidArray"
Browse,Field,"Windows.Foundation.PropertyType Windows.Foundation.PropertyType.PointArray"
Browse,Field,"Windows.Foundation.PropertyType Windows.Foundation.PropertyType.SizeArray"
Browse,Field,"Windows.Foundation.PropertyType Windows.Foundation.PropertyType.RectArray"
Browse,Field,"Windows.Foundation.PropertyType Windows.Foundation.PropertyType.OtherTypeArray"
Browse,Field,"Windows.Foundation.AsyncStatus Windows.Foundation.AsyncStatus.Canceled"
Browse,Field,"Windows.Foundation.AsyncStatus Windows.Foundation.AsyncStatus.Completed"
Browse,Field,"Windows.Foundation.AsyncStatus Windows.Foundation.AsyncStatus.Error"
Browse,Field,"Windows.Foundation.AsyncStatus Windows.Foundation.AsyncStatus.Started"
Browse,Field,"System.Int32 System.Diagnostics.DebuggableAttribute.DebuggingModes.value__"
Browse,Field,"System.Diagnostics.DebuggableAttribute.DebuggingModes System.Diagnostics.DebuggableAttribute.DebuggingModes.None"
Browse,Field,"System.Diagnostics.DebuggableAttribute.DebuggingModes System.Diagnostics.DebuggableAttribute.DebuggingModes.Default"
Browse,Field,"System.Diagnostics.DebuggableAttribute.DebuggingModes System.Diagnostics.DebuggableAttribute.DebuggingModes.DisableOptimizations"
Browse,Field,"System.Diagnostics.DebuggableAttribute.DebuggingModes System.Diagnostics.DebuggableAttribute.DebuggingModes.IgnoreSymbolStoreSequencePoints"
Browse,Field,"System.Diagnostics.DebuggableAttribute.DebuggingModes System.Diagnostics.DebuggableAttribute.DebuggingModes.EnableEditAndContinue"
Browse,Field,"System.Int32 System.Runtime.InteropServices.DllImportSearchPath.value__"
Browse,Field,"System.Runtime.InteropServices.DllImportSearchPath System.Runtime.InteropServices.DllImportSearchPath.UseDllDirectoryForDependencies"
Browse,Field,"System.Runtime.InteropServices.DllImportSearchPath System.Runtime.InteropServices.DllImportSearchPath.ApplicationDirectory"
Browse,Field,"System.Runtime.InteropServices.DllImportSearchPath System.Runtime.InteropServices.DllImportSearchPath.UserDirectories"
Browse,Field,"System.Runtime.InteropServices.DllImportSearchPath System.Runtime.InteropServices.DllImportSearchPath.System32"
Browse,Field,"System.Runtime.InteropServices.DllImportSearchPath System.Runtime.InteropServices.DllImportSearchPath.SafeDirectories"
Browse,Field,"System.Runtime.InteropServices.DllImportSearchPath System.Runtime.InteropServices.DllImportSearchPath.AssemblyDirectory"
Browse,Field,"System.Runtime.InteropServices.DllImportSearchPath System.Runtime.InteropServices.DllImportSearchPath.LegacyBehavior"
Browse,Field,"System.Int32 System.DayOfWeek.value__"
Browse,Field,"System.DayOfWeek System.DayOfWeek.Sunday"
Browse,Field,"System.DayOfWeek System.DayOfWeek.Monday"
Browse,Field,"System.DayOfWeek System.DayOfWeek.Tuesday"
Browse,Field,"System.DayOfWeek System.DayOfWeek.Wednesday"
Browse,Field,"System.DayOfWeek System.DayOfWeek.Thursday"
Browse,Field,"System.DayOfWeek System.DayOfWeek.Friday"
Browse,Field,"System.DayOfWeek System.DayOfWeek.Saturday"
Browse,Field,"System.Int32 System.Globalization.DateTimeStyles.value__"
Browse,Field,"System.Globalization.DateTimeStyles System.Globalization.DateTimeStyles.None"
Browse,Field,"System.Globalization.DateTimeStyles System.Globalization.DateTimeStyles.AllowLeadingWhite"
Browse,Field,"System.Globalization.DateTimeStyles System.Globalization.DateTimeStyles.AllowTrailingWhite"
Browse,Field,"System.Globalization.DateTimeStyles System.Globalization.DateTimeStyles.AllowInnerWhite"
Browse,Field,"System.Globalization.DateTimeStyles System.Globalization.DateTimeStyles.AllowWhiteSpaces"
Browse,Field,"System.Globalization.DateTimeStyles System.Globalization.DateTimeStyles.NoCurrentDateDefault"
Browse,Field,"System.Globalization.DateTimeStyles System.Globalization.DateTimeStyles.AdjustToUniversal"
Browse,Field,"System.Globalization.DateTimeStyles System.Globalization.DateTimeStyles.AssumeLocal"
Browse,Field,"System.Globalization.DateTimeStyles System.Globalization.DateTimeStyles.AssumeUniversal"
Browse,Field,"System.Globalization.DateTimeStyles System.Globalization.DateTimeStyles.RoundtripKind"
Browse,Field,"System.Int32 System.Globalization.TimeSpanStyles.value__"
Browse,Field,"System.Globalization.TimeSpanStyles System.Globalization.TimeSpanStyles.None"
Browse,Field,"System.Globalization.TimeSpanStyles System.Globalization.TimeSpanStyles.AssumeNegative"
Browse,Field,"System.Int32 System.Reflection.MemberTypes.value__"
Browse,Field,"System.Reflection.MemberTypes System.Reflection.MemberTypes.Constructor"
Browse,Field,"System.Reflection.MemberTypes System.Reflection.MemberTypes.Event"
Browse,Field,"System.Reflection.MemberTypes System.Reflection.MemberTypes.Field"
Browse,Field,"System.Reflection.MemberTypes System.Reflection.MemberTypes.Method"
Browse,Field,"System.Reflection.MemberTypes System.Reflection.MemberTypes.Property"
Browse,Field,"System.Reflection.MemberTypes System.Reflection.MemberTypes.TypeInfo"
Browse,Field,"System.Reflection.MemberTypes System.Reflection.MemberTypes.Custom"
Browse,Field,"System.Reflection.MemberTypes System.Reflection.MemberTypes.NestedType"
Browse,Field,"System.Reflection.MemberTypes System.Reflection.MemberTypes.All"
Browse,Field,"System.Int32 System.Reflection.GenericParameterAttributes.value__"
Browse,Field,"System.Reflection.GenericParameterAttributes System.Reflection.GenericParameterAttributes.None"
Browse,Field,"System.Reflection.GenericParameterAttributes System.Reflection.GenericParameterAttributes.VarianceMask"
Browse,Field,"System.Reflection.GenericParameterAttributes System.Reflection.GenericParameterAttributes.Covariant"
Browse,Field,"System.Reflection.GenericParameterAttributes System.Reflection.GenericParameterAttributes.Contravariant"
Browse,Field,"System.Reflection.GenericParameterAttributes System.Reflection.GenericParameterAttributes.SpecialConstraintMask"
Browse,Field,"System.Reflection.GenericParameterAttributes System.Reflection.GenericParameterAttributes.ReferenceTypeConstraint"
Browse,Field,"System.Reflection.GenericParameterAttributes System.Reflection.GenericParameterAttributes.NotNullableValueTypeConstraint"
Browse,Field,"System.Reflection.GenericParameterAttributes System.Reflection.GenericParameterAttributes.DefaultConstructorConstraint"
Browse,Field,"System.Int32 System.Reflection.TypeAttributes.value__"
Browse,Field,"System.Reflection.TypeAttributes System.Reflection.TypeAttributes.VisibilityMask"
Browse,Field,"System.Reflection.TypeAttributes System.Reflection.TypeAttributes.NotPublic"
Browse,Field,"System.Reflection.TypeAttributes System.Reflection.TypeAttributes.Public"
Browse,Field,"System.Reflection.TypeAttributes System.Reflection.TypeAttributes.NestedPublic"
Browse,Field,"System.Reflection.TypeAttributes System.Reflection.TypeAttributes.NestedPrivate"
Browse,Field,"System.Reflection.TypeAttributes System.Reflection.TypeAttributes.NestedFamily"
Browse,Field,"System.Reflection.TypeAttributes System.Reflection.TypeAttributes.NestedAssembly"
Browse,Field,"System.Reflection.TypeAttributes System.Reflection.TypeAttributes.NestedFamANDAssem"
Browse,Field,"System.Reflection.TypeAttributes System.Reflection.TypeAttributes.NestedFamORAssem"
Browse,Field,"System.Reflection.TypeAttributes System.Reflection.TypeAttributes.LayoutMask"
Browse,Field,"System.Reflection.TypeAttributes System.Reflection.TypeAttributes.AutoLayout"
Browse,Field,"System.Reflection.TypeAttributes System.Reflection.TypeAttributes.SequentialLayout"
Browse,Field,"System.Reflection.TypeAttributes System.Reflection.TypeAttributes.ExplicitLayout"
Browse,Field,"System.Reflection.TypeAttributes System.Reflection.TypeAttributes.ClassSemanticsMask"
Browse,Field,"System.Reflection.TypeAttributes System.Reflection.TypeAttributes.Class"
Browse,Field,"System.Reflection.TypeAttributes System.Reflection.TypeAttributes.Interface"
Browse,Field,"System.Reflection.TypeAttributes System.Reflection.TypeAttributes.Abstract"
Browse,Field,"System.Reflection.TypeAttributes System.Reflection.TypeAttributes.Sealed"
Browse,Field,"System.Reflection.TypeAttributes System.Reflection.TypeAttributes.SpecialName"
Browse,Field,"System.Reflection.TypeAttributes System.Reflection.TypeAttributes.Import"
Browse,Field,"System.Reflection.TypeAttributes System.Reflection.TypeAttributes.Serializable"
Browse,Field,"System.Reflection.TypeAttributes System.Reflection.TypeAttributes.WindowsRuntime"
Browse,Field,"System.Reflection.TypeAttributes System.Reflection.TypeAttributes.StringFormatMask"
Browse,Field,"System.Reflection.TypeAttributes System.Reflection.TypeAttributes.AnsiClass"
Browse,Field,"System.Reflection.TypeAttributes System.Reflection.TypeAttributes.UnicodeClass"
Browse,Field,"System.Reflection.TypeAttributes System.Reflection.TypeAttributes.AutoClass"
Browse,Field,"System.Reflection.TypeAttributes System.Reflection.TypeAttributes.CustomFormatClass"
Browse,Field,"System.Reflection.TypeAttributes System.Reflection.TypeAttributes.CustomFormatMask"
Browse,Field,"System.Reflection.TypeAttributes System.Reflection.TypeAttributes.BeforeFieldInit"
Browse,Field,"System.Reflection.TypeAttributes System.Reflection.TypeAttributes.RTSpecialName"
Browse,Field,"System.Reflection.TypeAttributes System.Reflection.TypeAttributes.HasSecurity"
Browse,Field,"System.Reflection.TypeAttributes System.Reflection.TypeAttributes.ReservedMask"
Browse,Field,"System.Int32 System.Reflection.BindingFlags.value__"
Browse,Field,"System.Reflection.BindingFlags System.Reflection.BindingFlags.Default"
Browse,Field,"System.Reflection.BindingFlags System.Reflection.BindingFlags.IgnoreCase"
Browse,Field,"System.Reflection.BindingFlags System.Reflection.BindingFlags.DeclaredOnly"
Browse,Field,"System.Reflection.BindingFlags System.Reflection.BindingFlags.Instance"
Browse,Field,"System.Reflection.BindingFlags System.Reflection.BindingFlags.Static"
Browse,Field,"System.Reflection.BindingFlags System.Reflection.BindingFlags.Public"
Browse,Field,"System.Reflection.BindingFlags System.Reflection.BindingFlags.NonPublic"
Browse,Field,"System.Reflection.BindingFlags System.Reflection.BindingFlags.FlattenHierarchy"
Browse,Field,"System.Reflection.BindingFlags System.Reflection.BindingFlags.InvokeMethod"
Browse,Field,"System.Reflection.BindingFlags System.Reflection.BindingFlags.CreateInstance"
Browse,Field,"System.Reflection.BindingFlags System.Reflection.BindingFlags.GetField"
Browse,Field,"System.Reflection.BindingFlags System.Reflection.BindingFlags.SetField"
Browse,Field,"System.Reflection.BindingFlags System.Reflection.BindingFlags.GetProperty"
Browse,Field,"System.Reflection.BindingFlags System.Reflection.BindingFlags.SetProperty"
Browse,Field,"System.Reflection.BindingFlags System.Reflection.BindingFlags.PutDispProperty"
Browse,Field,"System.Reflection.BindingFlags System.Reflection.BindingFlags.PutRefDispProperty"
Browse,Field,"System.Reflection.BindingFlags System.Reflection.BindingFlags.ExactBinding"
Browse,Field,"System.Reflection.BindingFlags System.Reflection.BindingFlags.SuppressChangeType"
Browse,Field,"System.Reflection.BindingFlags System.Reflection.BindingFlags.OptionalParamBinding"
Browse,Field,"System.Reflection.BindingFlags System.Reflection.BindingFlags.IgnoreReturn"
Browse,Field,"System.Reflection.BindingFlags System.Reflection.BindingFlags.DoNotWrapExceptions"
Browse,Field,"System.Int32 System.Reflection.CallingConventions.value__"
Browse,Field,"System.Reflection.CallingConventions System.Reflection.CallingConventions.Standard"
Browse,Field,"System.Reflection.CallingConventions System.Reflection.CallingConventions.VarArgs"
Browse,Field,"System.Reflection.CallingConventions System.Reflection.CallingConventions.Any"
Browse,Field,"System.Reflection.CallingConventions System.Reflection.CallingConventions.HasThis"
Browse,Field,"System.Reflection.CallingConventions System.Reflection.CallingConventions.ExplicitThis"
Browse,Field,"System.Int32 System.TypeCode.value__"
Browse,Field,"System.TypeCode System.TypeCode.Empty"
Browse,Field,"System.TypeCode System.TypeCode.Object"
Browse,Field,"System.TypeCode System.TypeCode.DBNull"
Browse,Field,"System.TypeCode System.TypeCode.Boolean"
Browse,Field,"System.TypeCode System.TypeCode.Char"
Browse,Field,"System.TypeCode System.TypeCode.SByte"
Browse,Field,"System.TypeCode System.TypeCode.Byte"
Browse,Field,"System.TypeCode System.TypeCode.Int16"
Browse,Field,"System.TypeCode System.TypeCode.UInt16"
Browse,Field,"System.TypeCode System.TypeCode.Int32"
Browse,Field,"System.TypeCode System.TypeCode.UInt32"
Browse,Field,"System.TypeCode System.TypeCode.Int64"
Browse,Field,"System.TypeCode System.TypeCode.UInt64"
Browse,Field,"System.TypeCode System.TypeCode.Single"
Browse,Field,"System.TypeCode System.TypeCode.Double"
Browse,Field,"System.TypeCode System.TypeCode.Decimal"
Browse,Field,"System.TypeCode System.TypeCode.DateTime"
Browse,Field,"System.TypeCode System.TypeCode.String"
Browse,Field,"System.Int32 System.StringComparison.value__"
Browse,Field,"System.StringComparison System.StringComparison.CurrentCulture"
Browse,Field,"System.StringComparison System.StringComparison.CurrentCultureIgnoreCase"
Browse,Field,"System.StringComparison System.StringComparison.InvariantCulture"
Browse,Field,"System.StringComparison System.StringComparison.InvariantCultureIgnoreCase"
Browse,Field,"System.StringComparison System.StringComparison.Ordinal"
Browse,Field,"System.StringComparison System.StringComparison.OrdinalIgnoreCase"
Browse,Field,"System.Int32 System.UriKind.value__"
Browse,Field,"System.UriKind System.UriKind.RelativeOrAbsolute"
Browse,Field,"System.UriKind System.UriKind.Absolute"
Browse,Field,"System.UriKind System.UriKind.Relative"
Browse,Field,"System.Int32 System.UriHostNameType.value__"
Browse,Field,"System.UriHostNameType System.UriHostNameType.Unknown"
Browse,Field,"System.UriHostNameType System.UriHostNameType.Basic"
Browse,Field,"System.UriHostNameType System.UriHostNameType.Dns"
Browse,Field,"System.UriHostNameType System.UriHostNameType.IPv4"
Browse,Field,"System.UriHostNameType System.UriHostNameType.IPv6"
Browse,Field,"System.Int32 System.UriPartial.value__"
Browse,Field,"System.UriPartial System.UriPartial.Scheme"
Browse,Field,"System.UriPartial System.UriPartial.Authority"
Browse,Field,"System.UriPartial System.UriPartial.Path"
Browse,Field,"System.UriPartial System.UriPartial.Query"
Browse,Field,"System.Int32 System.UriComponents.value__"
Browse,Field,"System.UriComponents System.UriComponents.Scheme"
Browse,Field,"System.UriComponents System.UriComponents.UserInfo"
Browse,Field,"System.UriComponents System.UriComponents.Host"
Browse,Field,"System.UriComponents System.UriComponents.Port"
Browse,Field,"System.UriComponents System.UriComponents.Path"
Browse,Field,"System.UriComponents System.UriComponents.Query"
Browse,Field,"System.UriComponents System.UriComponents.Fragment"
Browse,Field,"System.UriComponents System.UriComponents.StrongPort"
Browse,Field,"System.UriComponents System.UriComponents.NormalizedHost"
Browse,Field,"System.UriComponents System.UriComponents.KeepDelimiter"
Browse,Field,"System.UriComponents System.UriComponents.SerializationInfoString"
Browse,Field,"System.UriComponents System.UriComponents.AbsoluteUri"
Browse,Field,"System.UriComponents System.UriComponents.HostAndPort"
Browse,Field,"System.UriComponents System.UriComponents.StrongAuthority"
Browse,Field,"System.UriComponents System.UriComponents.SchemeAndServer"
Browse,Field,"System.UriComponents System.UriComponents.HttpRequestUrl"
Browse,Field,"System.UriComponents System.UriComponents.PathAndQuery"
Browse,Field,"System.Int32 System.UriFormat.value__"
Browse,Field,"System.UriFormat System.UriFormat.UriEscaped"
Browse,Field,"System.UriFormat System.UriFormat.Unescaped"
Browse,Field,"System.UriFormat System.UriFormat.SafeUnescaped"
Browse,Field,"System.Int32 System.ComponentModel.EditorBrowsableState.value__"
Browse,Field,"System.ComponentModel.EditorBrowsableState System.ComponentModel.EditorBrowsableState.Always"
Browse,Field,"System.ComponentModel.EditorBrowsableState System.ComponentModel.EditorBrowsableState.Never"
Browse,Field,"System.ComponentModel.EditorBrowsableState System.ComponentModel.EditorBrowsableState.Advanced"
Browse,Field,"System.Int32 System.Globalization.UnicodeCategory.value__"
Browse,Field,"System.Globalization.UnicodeCategory System.Globalization.UnicodeCategory.UppercaseLetter"
Browse,Field,"System.Globalization.UnicodeCategory System.Globalization.UnicodeCategory.LowercaseLetter"
Browse,Field,"System.Globalization.UnicodeCategory System.Globalization.UnicodeCategory.TitlecaseLetter"
Browse,Field,"System.Globalization.UnicodeCategory System.Globalization.UnicodeCategory.ModifierLetter"
Browse,Field,"System.Globalization.UnicodeCategory System.Globalization.UnicodeCategory.OtherLetter"
Browse,Field,"System.Globalization.UnicodeCategory System.Globalization.UnicodeCategory.NonSpacingMark"
Browse,Field,"System.Globalization.UnicodeCategory System.Globalization.UnicodeCategory.SpacingCombiningMark"
Browse,Field,"System.Globalization.UnicodeCategory System.Globalization.UnicodeCategory.EnclosingMark"
Browse,Field,"System.Globalization.UnicodeCategory System.Globalization.UnicodeCategory.DecimalDigitNumber"
Browse,Field,"System.Globalization.UnicodeCategory System.Globalization.UnicodeCategory.LetterNumber"
Browse,Field,"System.Globalization.UnicodeCategory System.Globalization.UnicodeCategory.OtherNumber"
Browse,Field,"System.Globalization.UnicodeCategory System.Globalization.UnicodeCategory.SpaceSeparator"
Browse,Field,"System.Globalization.UnicodeCategory System.Globalization.UnicodeCategory.LineSeparator"
Browse,Field,"System.Globalization.UnicodeCategory System.Globalization.UnicodeCategory.ParagraphSeparator"
Browse,Field,"System.Globalization.UnicodeCategory System.Globalization.UnicodeCategory.Control"
Browse,Field,"System.Globalization.UnicodeCategory System.Globalization.UnicodeCategory.Format"
Browse,Field,"System.Globalization.UnicodeCategory System.Globalization.UnicodeCategory.Surrogate"
Browse,Field,"System.Globalization.UnicodeCategory System.Globalization.UnicodeCategory.PrivateUse"
Browse,Field,"System.Globalization.UnicodeCategory System.Globalization.UnicodeCategory.ConnectorPunctuation"
Browse,Field,"System.Globalization.UnicodeCategory System.Globalization.UnicodeCategory.DashPunctuation"
Browse,Field,"System.Globalization.UnicodeCategory System.Globalization.UnicodeCategory.OpenPunctuation"
Browse,Field,"System.Globalization.UnicodeCategory System.Globalization.UnicodeCategory.ClosePunctuation"
Browse,Field,"System.Globalization.UnicodeCategory System.Globalization.UnicodeCategory.InitialQuotePunctuation"
Browse,Field,"System.Globalization.UnicodeCategory System.Globalization.UnicodeCategory.FinalQuotePunctuation"
Browse,Field,"System.Globalization.UnicodeCategory System.Globalization.UnicodeCategory.OtherPunctuation"
Browse,Field,"System.Globalization.UnicodeCategory System.Globalization.UnicodeCategory.MathSymbol"
Browse,Field,"System.Globalization.UnicodeCategory System.Globalization.UnicodeCategory.CurrencySymbol"
Browse,Field,"System.Globalization.UnicodeCategory System.Globalization.UnicodeCategory.ModifierSymbol"
Browse,Field,"System.Globalization.UnicodeCategory System.Globalization.UnicodeCategory.OtherSymbol"
Browse,Field,"System.Globalization.UnicodeCategory System.Globalization.UnicodeCategory.OtherNotAssigned"
Browse,Field,"System.Int32 System.Globalization.NumberStyles.value__"
Browse,Field,"System.Globalization.NumberStyles System.Globalization.NumberStyles.None"
Browse,Field,"System.Globalization.NumberStyles System.Globalization.NumberStyles.AllowLeadingWhite"
Browse,Field,"System.Globalization.NumberStyles System.Globalization.NumberStyles.AllowTrailingWhite"
Browse,Field,"System.Globalization.NumberStyles System.Globalization.NumberStyles.AllowLeadingSign"
Browse,Field,"System.Globalization.NumberStyles System.Globalization.NumberStyles.AllowTrailingSign"
Browse,Field,"System.Globalization.NumberStyles System.Globalization.NumberStyles.AllowParentheses"
Browse,Field,"System.Globalization.NumberStyles System.Globalization.NumberStyles.AllowDecimalPoint"
Browse,Field,"System.Globalization.NumberStyles System.Globalization.NumberStyles.AllowThousands"
Browse,Field,"System.Globalization.NumberStyles System.Globalization.NumberStyles.AllowExponent"
Browse,Field,"System.Globalization.NumberStyles System.Globalization.NumberStyles.AllowCurrencySymbol"
Browse,Field,"System.Globalization.NumberStyles System.Globalization.NumberStyles.AllowHexSpecifier"
Browse,Field,"System.Globalization.NumberStyles System.Globalization.NumberStyles.Integer"
Browse,Field,"System.Globalization.NumberStyles System.Globalization.NumberStyles.HexNumber"
Browse,Field,"System.Globalization.NumberStyles System.Globalization.NumberStyles.Number"
Browse,Field,"System.Globalization.NumberStyles System.Globalization.NumberStyles.Float"
Browse,Field,"System.Globalization.NumberStyles System.Globalization.NumberStyles.Currency"
Browse,Field,"System.Globalization.NumberStyles System.Globalization.NumberStyles.Any"
Browse,Field,"System.Int32 System.Runtime.InteropServices.VarEnum.value__"
Browse,Field,"System.Runtime.InteropServices.VarEnum System.Runtime.InteropServices.VarEnum.VT_EMPTY"
Browse,Field,"System.Runtime.InteropServices.VarEnum System.Runtime.InteropServices.VarEnum.VT_NULL"
Browse,Field,"System.Runtime.InteropServices.VarEnum System.Runtime.InteropServices.VarEnum.VT_I2"
Browse,Field,"System.Runtime.InteropServices.VarEnum System.Runtime.InteropServices.VarEnum.VT_I4"
Browse,Field,"System.Runtime.InteropServices.VarEnum System.Runtime.InteropServices.VarEnum.VT_R4"
Browse,Field,"System.Runtime.InteropServices.VarEnum System.Runtime.InteropServices.VarEnum.VT_R8"
Browse,Field,"System.Runtime.InteropServices.VarEnum System.Runtime.InteropServices.VarEnum.VT_CY"
Browse,Field,"System.Runtime.InteropServices.VarEnum System.Runtime.InteropServices.VarEnum.VT_DATE"
Browse,Field,"System.Runtime.InteropServices.VarEnum System.Runtime.InteropServices.VarEnum.VT_BSTR"
Browse,Field,"System.Runtime.InteropServices.VarEnum System.Runtime.InteropServices.VarEnum.VT_DISPATCH"
Browse,Field,"System.Runtime.InteropServices.VarEnum System.Runtime.InteropServices.VarEnum.VT_ERROR"
Browse,Field,"System.Runtime.InteropServices.VarEnum System.Runtime.InteropServices.VarEnum.VT_BOOL"
Browse,Field,"System.Runtime.InteropServices.VarEnum System.Runtime.InteropServices.VarEnum.VT_VARIANT"
Browse,Field,"System.Runtime.InteropServices.VarEnum System.Runtime.InteropServices.VarEnum.VT_UNKNOWN"
Browse,Field,"System.Runtime.InteropServices.VarEnum System.Runtime.InteropServices.VarEnum.VT_DECIMAL"
Browse,Field,"System.Runtime.InteropServices.VarEnum System.Runtime.InteropServices.VarEnum.VT_I1"
Browse,Field,"System.Runtime.InteropServices.VarEnum System.Runtime.InteropServices.VarEnum.VT_UI1"
Browse,Field,"System.Runtime.InteropServices.VarEnum System.Runtime.InteropServices.VarEnum.VT_UI2"
Browse,Field,"System.Runtime.InteropServices.VarEnum System.Runtime.InteropServices.VarEnum.VT_UI4"
Browse,Field,"System.Runtime.InteropServices.VarEnum System.Runtime.InteropServices.VarEnum.VT_I8"
Browse,Field,"System.Runtime.InteropServices.VarEnum System.Runtime.InteropServices.VarEnum.VT_UI8"
Browse,Field,"System.Runtime.InteropServices.VarEnum System.Runtime.InteropServices.VarEnum.VT_INT"
Browse,Field,"System.Runtime.InteropServices.VarEnum System.Runtime.InteropServices.VarEnum.VT_UINT"
Browse,Field,"System.Runtime.InteropServices.VarEnum System.Runtime.InteropServices.VarEnum.VT_VOID"
Browse,Field,"System.Runtime.InteropServices.VarEnum System.Runtime.InteropServices.VarEnum.VT_HRESULT"
Browse,Field,"System.Runtime.InteropServices.VarEnum System.Runtime.InteropServices.VarEnum.VT_PTR"
Browse,Field,"System.Runtime.InteropServices.VarEnum System.Runtime.InteropServices.VarEnum.VT_SAFEARRAY"
Browse,Field,"System.Runtime.InteropServices.VarEnum System.Runtime.InteropServices.VarEnum.VT_CARRAY"
Browse,Field,"System.Runtime.InteropServices.VarEnum System.Runtime.InteropServices.VarEnum.VT_USERDEFINED"
Browse,Field,"System.Runtime.InteropServices.VarEnum System.Runtime.InteropServices.VarEnum.VT_LPSTR"
Browse,Field,"System.Runtime.InteropServices.VarEnum System.Runtime.InteropServices.VarEnum.VT_LPWSTR"
Browse,Field,"System.Runtime.InteropServices.VarEnum System.Runtime.InteropServices.VarEnum.VT_RECORD"
Browse,Field,"System.Runtime.InteropServices.VarEnum System.Runtime.InteropServices.VarEnum.VT_FILETIME"
Browse,Field,"System.Runtime.InteropServices.VarEnum System.Runtime.InteropServices.VarEnum.VT_BLOB"
Browse,Field,"System.Runtime.InteropServices.VarEnum System.Runtime.InteropServices.VarEnum.VT_STREAM"
Browse,Field,"System.Runtime.InteropServices.VarEnum System.Runtime.InteropServices.VarEnum.VT_STORAGE"
Browse,Field,"System.Runtime.InteropServices.VarEnum System.Runtime.InteropServices.VarEnum.VT_STREAMED_OBJECT"
Browse,Field,"System.Runtime.InteropServices.VarEnum System.Runtime.InteropServices.VarEnum.VT_STORED_OBJECT"
Browse,Field,"System.Runtime.InteropServices.VarEnum System.Runtime.InteropServices.VarEnum.VT_BLOB_OBJECT"
Browse,Field,"System.Runtime.InteropServices.VarEnum System.Runtime.InteropServices.VarEnum.VT_CF"
Browse,Field,"System.Runtime.InteropServices.VarEnum System.Runtime.InteropServices.VarEnum.VT_CLSID"
Browse,Field,"System.Runtime.InteropServices.VarEnum System.Runtime.InteropServices.VarEnum.VT_VECTOR"
Browse,Field,"System.Runtime.InteropServices.VarEnum System.Runtime.InteropServices.VarEnum.VT_ARRAY"
Browse,Field,"System.Runtime.InteropServices.VarEnum System.Runtime.InteropServices.VarEnum.VT_BYREF"
Browse,Field,"System.Int32 System.IO.SeekOrigin.value__"
Browse,Field,"System.IO.SeekOrigin System.IO.SeekOrigin.Begin"
Browse,Field,"System.IO.SeekOrigin System.IO.SeekOrigin.Current"
Browse,Field,"System.IO.SeekOrigin System.IO.SeekOrigin.End"
Browse,Field,"System.Int32 System.Diagnostics.Tracing.EventLevel.value__"
Browse,Field,"System.Diagnostics.Tracing.EventLevel System.Diagnostics.Tracing.EventLevel.LogAlways"
Browse,Field,"System.Diagnostics.Tracing.EventLevel System.Diagnostics.Tracing.EventLevel.Critical"
Browse,Field,"System.Diagnostics.Tracing.EventLevel System.Diagnostics.Tracing.EventLevel.Error"
Browse,Field,"System.Diagnostics.Tracing.EventLevel System.Diagnostics.Tracing.EventLevel.Warning"
Browse,Field,"System.Diagnostics.Tracing.EventLevel System.Diagnostics.Tracing.EventLevel.Informational"
Browse,Field,"System.Diagnostics.Tracing.EventLevel System.Diagnostics.Tracing.EventLevel.Verbose"
Browse,Field,"System.Int64 System.Diagnostics.Tracing.EventKeywords.value__"
Browse,Field,"System.Diagnostics.Tracing.EventKeywords System.Diagnostics.Tracing.EventKeywords.None"
Browse,Field,"System.Diagnostics.Tracing.EventKeywords System.Diagnostics.Tracing.EventKeywords.All"
Browse,Field,"System.Diagnostics.Tracing.EventKeywords System.Diagnostics.Tracing.EventKeywords.MicrosoftTelemetry"
Browse,Field,"System.Diagnostics.Tracing.EventKeywords System.Diagnostics.Tracing.EventKeywords.WdiContext"
Browse,Field,"System.Diagnostics.Tracing.EventKeywords System.Diagnostics.Tracing.EventKeywords.WdiDiagnostic"
Browse,Field,"System.Diagnostics.Tracing.EventKeywords System.Diagnostics.Tracing.EventKeywords.Sqm"
Browse,Field,"System.Diagnostics.Tracing.EventKeywords System.Diagnostics.Tracing.EventKeywords.AuditFailure"
Browse,Field,"System.Diagnostics.Tracing.EventKeywords System.Diagnostics.Tracing.EventKeywords.AuditSuccess"
Browse,Field,"System.Diagnostics.Tracing.EventKeywords System.Diagnostics.Tracing.EventKeywords.CorrelationHint"
Browse,Field,"System.Diagnostics.Tracing.EventKeywords System.Diagnostics.Tracing.EventKeywords.EventLogClassic"
Browse,Field,"System.Int32 System.Diagnostics.Tracing.EventOpcode.value__"
Browse,Field,"System.Diagnostics.Tracing.EventOpcode System.Diagnostics.Tracing.EventOpcode.Info"
Browse,Field,"System.Diagnostics.Tracing.EventOpcode System.Diagnostics.Tracing.EventOpcode.Start"
Browse,Field,"System.Diagnostics.Tracing.EventOpcode System.Diagnostics.Tracing.EventOpcode.Stop"
Browse,Field,"System.Diagnostics.Tracing.EventOpcode System.Diagnostics.Tracing.EventOpcode.DataCollectionStart"
Browse,Field,"System.Diagnostics.Tracing.EventOpcode System.Diagnostics.Tracing.EventOpcode.DataCollectionStop"
Browse,Field,"System.Diagnostics.Tracing.EventOpcode System.Diagnostics.Tracing.EventOpcode.Extension"
Browse,Field,"System.Diagnostics.Tracing.EventOpcode System.Diagnostics.Tracing.EventOpcode.Reply"
Browse,Field,"System.Diagnostics.Tracing.EventOpcode System.Diagnostics.Tracing.EventOpcode.Resume"
Browse,Field,"System.Diagnostics.Tracing.EventOpcode System.Diagnostics.Tracing.EventOpcode.Suspend"
Browse,Field,"System.Diagnostics.Tracing.EventOpcode System.Diagnostics.Tracing.EventOpcode.Send"
Browse,Field,"System.Diagnostics.Tracing.EventOpcode System.Diagnostics.Tracing.EventOpcode.Receive"
Browse,Field,"System.Int32 System.Diagnostics.Tracing.EventTask.value__"
Browse,Field,"System.Diagnostics.Tracing.EventTask System.Diagnostics.Tracing.EventTask.None"
Browse,Field,"System.Byte System.Diagnostics.Tracing.EventChannel.value__"
Browse,Field,"System.Diagnostics.Tracing.EventChannel System.Diagnostics.Tracing.EventChannel.None"
Browse,Field,"System.Diagnostics.Tracing.EventChannel System.Diagnostics.Tracing.EventChannel.Admin"
Browse,Field,"System.Diagnostics.Tracing.EventChannel System.Diagnostics.Tracing.EventChannel.Operational"
Browse,Field,"System.Diagnostics.Tracing.EventChannel System.Diagnostics.Tracing.EventChannel.Analytic"
Browse,Field,"System.Diagnostics.Tracing.EventChannel System.Diagnostics.Tracing.EventChannel.Debug"
Browse,Field,"System.Int32 System.Diagnostics.Tracing.EventTags.value__"
Browse,Field,"System.Diagnostics.Tracing.EventTags System.Diagnostics.Tracing.EventTags.None"
Browse,Field,"System.Int32 System.Diagnostics.Tracing.EventActivityOptions.value__"
Browse,Field,"System.Diagnostics.Tracing.EventActivityOptions System.Diagnostics.Tracing.EventActivityOptions.None"
Browse,Field,"System.Diagnostics.Tracing.EventActivityOptions System.Diagnostics.Tracing.EventActivityOptions.Disable"
Browse,Field,"System.Diagnostics.Tracing.EventActivityOptions System.Diagnostics.Tracing.EventActivityOptions.Recursive"
Browse,Field,"System.Diagnostics.Tracing.EventActivityOptions System.Diagnostics.Tracing.EventActivityOptions.Detachable"
Browse,Field,"System.Int32 System.Diagnostics.Tracing.EventSourceSettings.value__"
Browse,Field,"System.Diagnostics.Tracing.EventSourceSettings System.Diagnostics.Tracing.EventSourceSettings.Default"
Browse,Field,"System.Diagnostics.Tracing.EventSourceSettings System.Diagnostics.Tracing.EventSourceSettings.ThrowOnEventWriteErrors"
Browse,Field,"System.Diagnostics.Tracing.EventSourceSettings System.Diagnostics.Tracing.EventSourceSettings.EtwManifestEventFormat"
Browse,Field,"System.Diagnostics.Tracing.EventSourceSettings System.Diagnostics.Tracing.EventSourceSettings.EtwSelfDescribingEventFormat"
Browse,Field,"System.Int32 System.Diagnostics.Tracing.EventManifestOptions.value__"
Browse,Field,"System.Diagnostics.Tracing.EventManifestOptions System.Diagnostics.Tracing.EventManifestOptions.None"
Browse,Field,"System.Diagnostics.Tracing.EventManifestOptions System.Diagnostics.Tracing.EventManifestOptions.Strict"
Browse,Field,"System.Diagnostics.Tracing.EventManifestOptions System.Diagnostics.Tracing.EventManifestOptions.AllCultures"
Browse,Field,"System.Diagnostics.Tracing.EventManifestOptions System.Diagnostics.Tracing.EventManifestOptions.OnlyIfNeededForRegistration"
Browse,Field,"System.Diagnostics.Tracing.EventManifestOptions System.Diagnostics.Tracing.EventManifestOptions.AllowEventSourceOverride"
Browse,Field,"System.Int32 System.Diagnostics.Tracing.EventCommand.value__"
Browse,Field,"System.Diagnostics.Tracing.EventCommand System.Diagnostics.Tracing.EventCommand.Update"
Browse,Field,"System.Diagnostics.Tracing.EventCommand System.Diagnostics.Tracing.EventCommand.SendManifest"
Browse,Field,"System.Diagnostics.Tracing.EventCommand System.Diagnostics.Tracing.EventCommand.Enable"
Browse,Field,"System.Diagnostics.Tracing.EventCommand System.Diagnostics.Tracing.EventCommand.Disable"
Browse,Field,"System.Int32 System.Reflection.MethodAttributes.value__"
Browse,Field,"System.Reflection.MethodAttributes System.Reflection.MethodAttributes.MemberAccessMask"
Browse,Field,"System.Reflection.MethodAttributes System.Reflection.MethodAttributes.PrivateScope"
Browse,Field,"System.Reflection.MethodAttributes System.Reflection.MethodAttributes.Private"
Browse,Field,"System.Reflection.MethodAttributes System.Reflection.MethodAttributes.FamANDAssem"
Browse,Field,"System.Reflection.MethodAttributes System.Reflection.MethodAttributes.Assembly"
Browse,Field,"System.Reflection.MethodAttributes System.Reflection.MethodAttributes.Family"
Browse,Field,"System.Reflection.MethodAttributes System.Reflection.MethodAttributes.FamORAssem"
Browse,Field,"System.Reflection.MethodAttributes System.Reflection.MethodAttributes.Public"
Browse,Field,"System.Reflection.MethodAttributes System.Reflection.MethodAttributes.Static"
Browse,Field,"System.Reflection.MethodAttributes System.Reflection.MethodAttributes.Final"
Browse,Field,"System.Reflection.MethodAttributes System.Reflection.MethodAttributes.Virtual"
Browse,Field,"System.Reflection.MethodAttributes System.Reflection.MethodAttributes.HideBySig"
Browse,Field,"System.Reflection.MethodAttributes System.Reflection.MethodAttributes.CheckAccessOnOverride"
Browse,Field,"System.Reflection.MethodAttributes System.Reflection.MethodAttributes.VtableLayoutMask"
Browse,Field,"System.Reflection.MethodAttributes System.Reflection.MethodAttributes.ReuseSlot"
Browse,Field,"System.Reflection.MethodAttributes System.Reflection.MethodAttributes.NewSlot"
Browse,Field,"System.Reflection.MethodAttributes System.Reflection.MethodAttributes.Abstract"
Browse,Field,"System.Reflection.MethodAttributes System.Reflection.MethodAttributes.SpecialName"
Browse,Field,"System.Reflection.MethodAttributes System.Reflection.MethodAttributes.PinvokeImpl"
Browse,Field,"System.Reflection.MethodAttributes System.Reflection.MethodAttributes.UnmanagedExport"
Browse,Field,"System.Reflection.MethodAttributes System.Reflection.MethodAttributes.RTSpecialName"
Browse,Field,"System.Reflection.MethodAttributes System.Reflection.MethodAttributes.HasSecurity"
Browse,Field,"System.Reflection.MethodAttributes System.Reflection.MethodAttributes.RequireSecObject"
Browse,Field,"System.Reflection.MethodAttributes System.Reflection.MethodAttributes.ReservedMask"
Browse,Field,"System.Int32 System.Reflection.MethodImplAttributes.value__"
Browse,Field,"System.Reflection.MethodImplAttributes System.Reflection.MethodImplAttributes.CodeTypeMask"
Browse,Field,"System.Reflection.MethodImplAttributes System.Reflection.MethodImplAttributes.IL"
Browse,Field,"System.Reflection.MethodImplAttributes System.Reflection.MethodImplAttributes.Native"
Browse,Field,"System.Reflection.MethodImplAttributes System.Reflection.MethodImplAttributes.OPTIL"
Browse,Field,"System.Reflection.MethodImplAttributes System.Reflection.MethodImplAttributes.Runtime"
Browse,Field,"System.Reflection.MethodImplAttributes System.Reflection.MethodImplAttributes.ManagedMask"
Browse,Field,"System.Reflection.MethodImplAttributes System.Reflection.MethodImplAttributes.Unmanaged"
Browse,Field,"System.Reflection.MethodImplAttributes System.Reflection.MethodImplAttributes.Managed"
Browse,Field,"System.Reflection.MethodImplAttributes System.Reflection.MethodImplAttributes.ForwardRef"
Browse,Field,"System.Reflection.MethodImplAttributes System.Reflection.MethodImplAttributes.PreserveSig"
Browse,Field,"System.Reflection.MethodImplAttributes System.Reflection.MethodImplAttributes.InternalCall"
Browse,Field,"System.Reflection.MethodImplAttributes System.Reflection.MethodImplAttributes.Synchronized"
Browse,Field,"System.Reflection.MethodImplAttributes System.Reflection.MethodImplAttributes.NoInlining"
Browse,Field,"System.Reflection.MethodImplAttributes System.Reflection.MethodImplAttributes.AggressiveInlining"
Browse,Field,"System.Reflection.MethodImplAttributes System.Reflection.MethodImplAttributes.NoOptimization"
Browse,Field,"System.Reflection.MethodImplAttributes System.Reflection.MethodImplAttributes.MaxMethodImplVal"
Browse,Field,"System.Int32 System.Runtime.InteropServices.CustomQueryInterfaceMode.value__"
Browse,Field,"System.Runtime.InteropServices.CustomQueryInterfaceMode System.Runtime.InteropServices.CustomQueryInterfaceMode.Ignore"
Browse,Field,"System.Runtime.InteropServices.CustomQueryInterfaceMode System.Runtime.InteropServices.CustomQueryInterfaceMode.Allow"
Browse,Field,"System.Int32 System.Text.NormalizationForm.value__"
Browse,Field,"System.Text.NormalizationForm System.Text.NormalizationForm.FormC"
Browse,Field,"System.Text.NormalizationForm System.Text.NormalizationForm.FormD"
Browse,Field,"System.Text.NormalizationForm System.Text.NormalizationForm.FormKC"
Browse,Field,"System.Text.NormalizationForm System.Text.NormalizationForm.FormKD"
Browse,Field,"System.Int32 System.Threading.Tasks.TaskCreationOptions.value__"
Browse,Field,"System.Threading.Tasks.TaskCreationOptions System.Threading.Tasks.TaskCreationOptions.None"
Browse,Field,"System.Threading.Tasks.TaskCreationOptions System.Threading.Tasks.TaskCreationOptions.PreferFairness"
Browse,Field,"System.Threading.Tasks.TaskCreationOptions System.Threading.Tasks.TaskCreationOptions.LongRunning"
Browse,Field,"System.Threading.Tasks.TaskCreationOptions System.Threading.Tasks.TaskCreationOptions.AttachedToParent"
Browse,Field,"System.Threading.Tasks.TaskCreationOptions System.Threading.Tasks.TaskCreationOptions.DenyChildAttach"
Browse,Field,"System.Threading.Tasks.TaskCreationOptions System.Threading.Tasks.TaskCreationOptions.HideScheduler"
Browse,Field,"System.Threading.Tasks.TaskCreationOptions System.Threading.Tasks.TaskCreationOptions.RunContinuationsAsynchronously"
Browse,Field,"System.Int32 System.Threading.Tasks.TaskStatus.value__"
Browse,Field,"System.Threading.Tasks.TaskStatus System.Threading.Tasks.TaskStatus.Created"
Browse,Field,"System.Threading.Tasks.TaskStatus System.Threading.Tasks.TaskStatus.WaitingForActivation"
Browse,Field,"System.Threading.Tasks.TaskStatus System.Threading.Tasks.TaskStatus.WaitingToRun"
Browse,Field,"System.Threading.Tasks.TaskStatus System.Threading.Tasks.TaskStatus.Running"
Browse,Field,"System.Threading.Tasks.TaskStatus System.Threading.Tasks.TaskStatus.WaitingForChildrenToComplete"
Browse,Field,"System.Threading.Tasks.TaskStatus System.Threading.Tasks.TaskStatus.RanToCompletion"
Browse,Field,"System.Threading.Tasks.TaskStatus System.Threading.Tasks.TaskStatus.Canceled"
Browse,Field,"System.Threading.Tasks.TaskStatus System.Threading.Tasks.TaskStatus.Faulted"
Browse,Field,"System.Int32 System.Threading.Tasks.TaskContinuationOptions.value__"
Browse,Field,"System.Threading.Tasks.TaskContinuationOptions System.Threading.Tasks.TaskContinuationOptions.None"
Browse,Field,"System.Threading.Tasks.TaskContinuationOptions System.Threading.Tasks.TaskContinuationOptions.PreferFairness"
Browse,Field,"System.Threading.Tasks.TaskContinuationOptions System.Threading.Tasks.TaskContinuationOptions.LongRunning"
Browse,Field,"System.Threading.Tasks.TaskContinuationOptions System.Threading.Tasks.TaskContinuationOptions.AttachedToParent"
Browse,Field,"System.Threading.Tasks.TaskContinuationOptions System.Threading.Tasks.TaskContinuationOptions.DenyChildAttach"
Browse,Field,"System.Threading.Tasks.TaskContinuationOptions System.Threading.Tasks.TaskContinuationOptions.HideScheduler"
Browse,Field,"System.Threading.Tasks.TaskContinuationOptions System.Threading.Tasks.TaskContinuationOptions.LazyCancellation"
Browse,Field,"System.Threading.Tasks.TaskContinuationOptions System.Threading.Tasks.TaskContinuationOptions.RunContinuationsAsynchronously"
Browse,Field,"System.Threading.Tasks.TaskContinuationOptions System.Threading.Tasks.TaskContinuationOptions.NotOnRanToCompletion"
Browse,Field,"System.Threading.Tasks.TaskContinuationOptions System.Threading.Tasks.TaskContinuationOptions.NotOnFaulted"
Browse,Field,"System.Threading.Tasks.TaskContinuationOptions System.Threading.Tasks.TaskContinuationOptions.NotOnCanceled"
Browse,Field,"System.Threading.Tasks.TaskContinuationOptions System.Threading.Tasks.TaskContinuationOptions.OnlyOnRanToCompletion"
Browse,Field,"System.Threading.Tasks.TaskContinuationOptions System.Threading.Tasks.TaskContinuationOptions.OnlyOnFaulted"
Browse,Field,"System.Threading.Tasks.TaskContinuationOptions System.Threading.Tasks.TaskContinuationOptions.OnlyOnCanceled"
Browse,Field,"System.Threading.Tasks.TaskContinuationOptions System.Threading.Tasks.TaskContinuationOptions.ExecuteSynchronously"
Browse,Field,"System.Int32 System.Runtime.InteropServices.CallingConvention.value__"
Browse,Field,"System.Runtime.InteropServices.CallingConvention System.Runtime.InteropServices.CallingConvention.Winapi"
Browse,Field,"System.Runtime.InteropServices.CallingConvention System.Runtime.InteropServices.CallingConvention.Cdecl"
Browse,Field,"System.Runtime.InteropServices.CallingConvention System.Runtime.InteropServices.CallingConvention.StdCall"
Browse,Field,"System.Runtime.InteropServices.CallingConvention System.Runtime.InteropServices.CallingConvention.ThisCall"
Browse,Field,"System.Runtime.InteropServices.CallingConvention System.Runtime.InteropServices.CallingConvention.FastCall"
Browse,Field,"System.Int32 System.Runtime.GCLatencyMode.value__"
Browse,Field,"System.Runtime.GCLatencyMode System.Runtime.GCLatencyMode.Batch"
Browse,Field,"System.Runtime.GCLatencyMode System.Runtime.GCLatencyMode.Interactive"
Browse,Field,"System.Runtime.GCLatencyMode System.Runtime.GCLatencyMode.LowLatency"
Browse,Field,"System.Runtime.GCLatencyMode System.Runtime.GCLatencyMode.SustainedLowLatency"
Browse,Field,"System.Runtime.GCLatencyMode System.Runtime.GCLatencyMode.NoGCRegion"
Browse,Field,"System.Int32 System.Runtime.InteropServices.GCHandleType.value__"
Browse,Field,"System.Runtime.InteropServices.GCHandleType System.Runtime.InteropServices.GCHandleType.Weak"
Browse,Field,"System.Runtime.InteropServices.GCHandleType System.Runtime.InteropServices.GCHandleType.WeakTrackResurrection"
Browse,Field,"System.Runtime.InteropServices.GCHandleType System.Runtime.InteropServices.GCHandleType.Normal"
Browse,Field,"System.Runtime.InteropServices.GCHandleType System.Runtime.InteropServices.GCHandleType.Pinned"
Browse,Field,"System.Int32 System.Runtime.InteropServices.CustomQueryInterfaceResult.value__"
Browse,Field,"System.Runtime.InteropServices.CustomQueryInterfaceResult System.Runtime.InteropServices.CustomQueryInterfaceResult.Handled"
Browse,Field,"System.Runtime.InteropServices.CustomQueryInterfaceResult System.Runtime.InteropServices.CustomQueryInterfaceResult.NotHandled"
Browse,Field,"System.Runtime.InteropServices.CustomQueryInterfaceResult System.Runtime.InteropServices.CustomQueryInterfaceResult.Failed"
Browse,Field,"System.Int32 System.Security.Permissions.SecurityAction.value__"
Browse,Field,"System.Security.Permissions.SecurityAction System.Security.Permissions.SecurityAction.Assert"
Browse,Field,"System.Security.Permissions.SecurityAction System.Security.Permissions.SecurityAction.Demand"
Browse,Field,"System.Security.Permissions.SecurityAction System.Security.Permissions.SecurityAction.Deny"
Browse,Field,"System.Security.Permissions.SecurityAction System.Security.Permissions.SecurityAction.InheritanceDemand"
Browse,Field,"System.Security.Permissions.SecurityAction System.Security.Permissions.SecurityAction.LinkDemand"
Browse,Field,"System.Security.Permissions.SecurityAction System.Security.Permissions.SecurityAction.PermitOnly"
Browse,Field,"System.Security.Permissions.SecurityAction System.Security.Permissions.SecurityAction.RequestMinimum"
Browse,Field,"System.Security.Permissions.SecurityAction System.Security.Permissions.SecurityAction.RequestOptional"
Browse,Field,"System.Security.Permissions.SecurityAction System.Security.Permissions.SecurityAction.RequestRefuse"
Browse,Field,"System.Int32 System.Diagnostics.DebuggerBrowsableState.value__"
Browse,Field,"System.Diagnostics.DebuggerBrowsableState System.Diagnostics.DebuggerBrowsableState.Never"
Browse,Field,"System.Diagnostics.DebuggerBrowsableState System.Diagnostics.DebuggerBrowsableState.Collapsed"
Browse,Field,"System.Diagnostics.DebuggerBrowsableState System.Diagnostics.DebuggerBrowsableState.RootHidden"
Browse,Field,"System.Int32 System.Runtime.InteropServices.ComInterfaceType.value__"
Browse,Field,"System.Runtime.InteropServices.ComInterfaceType System.Runtime.InteropServices.ComInterfaceType.InterfaceIsDual"
Browse,Field,"System.Runtime.InteropServices.ComInterfaceType System.Runtime.InteropServices.ComInterfaceType.InterfaceIsIUnknown"
Browse,Field,"System.Runtime.InteropServices.ComInterfaceType System.Runtime.InteropServices.ComInterfaceType.InterfaceIsIDispatch"
Browse,Field,"System.Runtime.InteropServices.ComInterfaceType System.Runtime.InteropServices.ComInterfaceType.InterfaceIsIInspectable"
Browse,Field,"Windows.Foundation.Metadata.MarshalingType Windows.Foundation.Metadata.MarshalingType.None"
Browse,Field,"Windows.Foundation.Metadata.MarshalingType Windows.Foundation.Metadata.MarshalingType.Agile"
Browse,Field,"Windows.Foundation.Metadata.MarshalingType Windows.Foundation.Metadata.MarshalingType.Standard"
Browse,Field,"Windows.Foundation.Metadata.MarshalingType Windows.Foundation.Metadata.MarshalingType.InvalidMarshaling"
Browse,Field,"System.Int32 System.Runtime.InteropServices.CharSet.value__"
Browse,Field,"System.Runtime.InteropServices.CharSet System.Runtime.InteropServices.CharSet.None"
Browse,Field,"System.Runtime.InteropServices.CharSet System.Runtime.InteropServices.CharSet.Ansi"
Browse,Field,"System.Runtime.InteropServices.CharSet System.Runtime.InteropServices.CharSet.Unicode"
Browse,Field,"System.Runtime.InteropServices.CharSet System.Runtime.InteropServices.CharSet.Auto"
Browse,Field,"System.Int32 System.Runtime.Serialization.StreamingContextStates.value__"
Browse,Field,"System.Runtime.Serialization.StreamingContextStates System.Runtime.Serialization.StreamingContextStates.CrossProcess"
Browse,Field,"System.Runtime.Serialization.StreamingContextStates System.Runtime.Serialization.StreamingContextStates.CrossMachine"
Browse,Field,"System.Runtime.Serialization.StreamingContextStates System.Runtime.Serialization.StreamingContextStates.File"
Browse,Field,"System.Runtime.Serialization.StreamingContextStates System.Runtime.Serialization.StreamingContextStates.Persistence"
Browse,Field,"System.Runtime.Serialization.StreamingContextStates System.Runtime.Serialization.StreamingContextStates.Remoting"
Browse,Field,"System.Runtime.Serialization.StreamingContextStates System.Runtime.Serialization.StreamingContextStates.Other"
Browse,Field,"System.Runtime.Serialization.StreamingContextStates System.Runtime.Serialization.StreamingContextStates.Clone"
Browse,Field,"System.Runtime.Serialization.StreamingContextStates System.Runtime.Serialization.StreamingContextStates.CrossAppDomain"
Browse,Field,"System.Runtime.Serialization.StreamingContextStates System.Runtime.Serialization.StreamingContextStates.All"
Browse,Field,"System.Int32 System.Reflection.FieldAttributes.value__"
Browse,Field,"System.Reflection.FieldAttributes System.Reflection.FieldAttributes.FieldAccessMask"
Browse,Field,"System.Reflection.FieldAttributes System.Reflection.FieldAttributes.PrivateScope"
Browse,Field,"System.Reflection.FieldAttributes System.Reflection.FieldAttributes.Private"
Browse,Field,"System.Reflection.FieldAttributes System.Reflection.FieldAttributes.FamANDAssem"
Browse,Field,"System.Reflection.FieldAttributes System.Reflection.FieldAttributes.Assembly"
Browse,Field,"System.Reflection.FieldAttributes System.Reflection.FieldAttributes.Family"
Browse,Field,"System.Reflection.FieldAttributes System.Reflection.FieldAttributes.FamORAssem"
Browse,Field,"System.Reflection.FieldAttributes System.Reflection.FieldAttributes.Public"
Browse,Field,"System.Reflection.FieldAttributes System.Reflection.FieldAttributes.Static"
Browse,Field,"System.Reflection.FieldAttributes System.Reflection.FieldAttributes.InitOnly"
Browse,Field,"System.Reflection.FieldAttributes System.Reflection.FieldAttributes.Literal"
Browse,Field,"System.Reflection.FieldAttributes System.Reflection.FieldAttributes.NotSerialized"
Browse,Field,"System.Reflection.FieldAttributes System.Reflection.FieldAttributes.SpecialName"
Browse,Field,"System.Reflection.FieldAttributes System.Reflection.FieldAttributes.PinvokeImpl"
Browse,Field,"System.Reflection.FieldAttributes System.Reflection.FieldAttributes.RTSpecialName"
Browse,Field,"System.Reflection.FieldAttributes System.Reflection.FieldAttributes.HasFieldMarshal"
Browse,Field,"System.Reflection.FieldAttributes System.Reflection.FieldAttributes.HasDefault"
Browse,Field,"System.Reflection.FieldAttributes System.Reflection.FieldAttributes.HasFieldRVA"
Browse,Field,"System.Reflection.FieldAttributes System.Reflection.FieldAttributes.ReservedMask"
Browse,Field,"System.Int32 System.Runtime.InteropServices.ComTypes.IMPLTYPEFLAGS.value__"
Browse,Field,"System.Runtime.InteropServices.ComTypes.IMPLTYPEFLAGS System.Runtime.InteropServices.ComTypes.IMPLTYPEFLAGS.IMPLTYPEFLAG_FDEFAULT"
Browse,Field,"System.Runtime.InteropServices.ComTypes.IMPLTYPEFLAGS System.Runtime.InteropServices.ComTypes.IMPLTYPEFLAGS.IMPLTYPEFLAG_FSOURCE"
Browse,Field,"System.Runtime.InteropServices.ComTypes.IMPLTYPEFLAGS System.Runtime.InteropServices.ComTypes.IMPLTYPEFLAGS.IMPLTYPEFLAG_FRESTRICTED"
Browse,Field,"System.Runtime.InteropServices.ComTypes.IMPLTYPEFLAGS System.Runtime.InteropServices.ComTypes.IMPLTYPEFLAGS.IMPLTYPEFLAG_FDEFAULTVTABLE"
Browse,Field,"System.Int32 System.Runtime.InteropServices.ComTypes.INVOKEKIND.value__"
Browse,Field,"System.Runtime.InteropServices.ComTypes.INVOKEKIND System.Runtime.InteropServices.ComTypes.INVOKEKIND.INVOKE_FUNC"
Browse,Field,"System.Runtime.InteropServices.ComTypes.INVOKEKIND System.Runtime.InteropServices.ComTypes.INVOKEKIND.INVOKE_PROPERTYGET"
Browse,Field,"System.Runtime.InteropServices.ComTypes.INVOKEKIND System.Runtime.InteropServices.ComTypes.INVOKEKIND.INVOKE_PROPERTYPUT"
Browse,Field,"System.Runtime.InteropServices.ComTypes.INVOKEKIND System.Runtime.InteropServices.ComTypes.INVOKEKIND.INVOKE_PROPERTYPUTREF"
Browse,Field,"System.Int32 System.DateTimeKind.value__"
Browse,Field,"System.DateTimeKind System.DateTimeKind.Unspecified"
Browse,Field,"System.DateTimeKind System.DateTimeKind.Utc"
Browse,Field,"System.DateTimeKind System.DateTimeKind.Local"
Browse,Field,"Windows.UI.Core.CoreDispatcherPriority Windows.UI.Core.CoreDispatcherPriority.Idle"
Browse,Field,"Windows.UI.Core.CoreDispatcherPriority Windows.UI.Core.CoreDispatcherPriority.Low"
Browse,Field,"Windows.UI.Core.CoreDispatcherPriority Windows.UI.Core.CoreDispatcherPriority.Normal"
Browse,Field,"Windows.UI.Core.CoreDispatcherPriority Windows.UI.Core.CoreDispatcherPriority.High"
Browse,Field,"Windows.Foundation.Diagnostics.CausalityTraceLevel Windows.Foundation.Diagnostics.CausalityTraceLevel.Required"
Browse,Field,"Windows.Foundation.Diagnostics.CausalityTraceLevel Windows.Foundation.Diagnostics.CausalityTraceLevel.Important"
Browse,Field,"Windows.Foundation.Diagnostics.CausalityTraceLevel Windows.Foundation.Diagnostics.CausalityTraceLevel.Verbose"
Browse,Field,"Windows.Foundation.Diagnostics.CausalitySource Windows.Foundation.Diagnostics.CausalitySource.Application"
Browse,Field,"Windows.Foundation.Diagnostics.CausalitySource Windows.Foundation.Diagnostics.CausalitySource.Library"
Browse,Field,"Windows.Foundation.Diagnostics.CausalitySource Windows.Foundation.Diagnostics.CausalitySource.System"
Browse,Field,"Windows.Foundation.Diagnostics.CausalityRelation Windows.Foundation.Diagnostics.CausalityRelation.AssignDelegate"
Browse,Field,"Windows.Foundation.Diagnostics.CausalityRelation Windows.Foundation.Diagnostics.CausalityRelation.Join"
Browse,Field,"Windows.Foundation.Diagnostics.CausalityRelation Windows.Foundation.Diagnostics.CausalityRelation.Choice"
Browse,Field,"Windows.Foundation.Diagnostics.CausalityRelation Windows.Foundation.Diagnostics.CausalityRelation.Cancel"
Browse,Field,"Windows.Foundation.Diagnostics.CausalityRelation Windows.Foundation.Diagnostics.CausalityRelation.Error"
Browse,Field,"Windows.Foundation.Diagnostics.CausalitySynchronousWork Windows.Foundation.Diagnostics.CausalitySynchronousWork.CompletionNotification"
Browse,Field,"Windows.Foundation.Diagnostics.CausalitySynchronousWork Windows.Foundation.Diagnostics.CausalitySynchronousWork.ProgressNotification"
Browse,Field,"Windows.Foundation.Diagnostics.CausalitySynchronousWork Windows.Foundation.Diagnostics.CausalitySynchronousWork.Execution"
Browse,Field,"Windows.Foundation.Metadata.ThreadingModel Windows.Foundation.Metadata.ThreadingModel.STA"
Browse,Field,"Windows.Foundation.Metadata.ThreadingModel Windows.Foundation.Metadata.ThreadingModel.MTA"
Browse,Field,"Windows.Foundation.Metadata.ThreadingModel Windows.Foundation.Metadata.ThreadingModel.Both"
Browse,Field,"Windows.Foundation.Metadata.ThreadingModel Windows.Foundation.Metadata.ThreadingModel.InvalidThreading"
Browse,Field,"System.Int32 System.Resources.UltimateResourceFallbackLocation.value__"
Browse,Field,"System.Resources.UltimateResourceFallbackLocation System.Resources.UltimateResourceFallbackLocation.MainAssembly"
Browse,Field,"System.Resources.UltimateResourceFallbackLocation System.Resources.UltimateResourceFallbackLocation.Satellite"
Browse,Field,"Windows.Foundation.Collections.CollectionChange Windows.Foundation.Collections.CollectionChange.Reset"
Browse,Field,"Windows.Foundation.Collections.CollectionChange Windows.Foundation.Collections.CollectionChange.ItemInserted"
Browse,Field,"Windows.Foundation.Collections.CollectionChange Windows.Foundation.Collections.CollectionChange.ItemRemoved"
Browse,Field,"Windows.Foundation.Collections.CollectionChange Windows.Foundation.Collections.CollectionChange.ItemChanged"
Browse,Field,"System.Int32 System.Runtime.InteropServices.ComTypes.DESCKIND.value__"
Browse,Field,"System.Runtime.InteropServices.ComTypes.DESCKIND System.Runtime.InteropServices.ComTypes.DESCKIND.DESCKIND_NONE"
Browse,Field,"System.Runtime.InteropServices.ComTypes.DESCKIND System.Runtime.InteropServices.ComTypes.DESCKIND.DESCKIND_FUNCDESC"
Browse,Field,"System.Runtime.InteropServices.ComTypes.DESCKIND System.Runtime.InteropServices.ComTypes.DESCKIND.DESCKIND_VARDESC"
Browse,Field,"System.Runtime.InteropServices.ComTypes.DESCKIND System.Runtime.InteropServices.ComTypes.DESCKIND.DESCKIND_TYPECOMP"
Browse,Field,"System.Runtime.InteropServices.ComTypes.DESCKIND System.Runtime.InteropServices.ComTypes.DESCKIND.DESCKIND_IMPLICITAPPOBJ"
Browse,Field,"System.Runtime.InteropServices.ComTypes.DESCKIND System.Runtime.InteropServices.ComTypes.DESCKIND.DESCKIND_MAX"
Browse,Field,"System.Int32 System.Runtime.InteropServices.ComTypes.TYPEKIND.value__"
Browse,Field,"System.Runtime.InteropServices.ComTypes.TYPEKIND System.Runtime.InteropServices.ComTypes.TYPEKIND.TKIND_ENUM"
Browse,Field,"System.Runtime.InteropServices.ComTypes.TYPEKIND System.Runtime.InteropServices.ComTypes.TYPEKIND.TKIND_RECORD"
Browse,Field,"System.Runtime.InteropServices.ComTypes.TYPEKIND System.Runtime.InteropServices.ComTypes.TYPEKIND.TKIND_MODULE"
Browse,Field,"System.Runtime.InteropServices.ComTypes.TYPEKIND System.Runtime.InteropServices.ComTypes.TYPEKIND.TKIND_INTERFACE"
Browse,Field,"System.Runtime.InteropServices.ComTypes.TYPEKIND System.Runtime.InteropServices.ComTypes.TYPEKIND.TKIND_DISPATCH"
Browse,Field,"System.Runtime.InteropServices.ComTypes.TYPEKIND System.Runtime.InteropServices.ComTypes.TYPEKIND.TKIND_COCLASS"
Browse,Field,"System.Runtime.InteropServices.ComTypes.TYPEKIND System.Runtime.InteropServices.ComTypes.TYPEKIND.TKIND_ALIAS"
Browse,Field,"System.Runtime.InteropServices.ComTypes.TYPEKIND System.Runtime.InteropServices.ComTypes.TYPEKIND.TKIND_UNION"
Browse,Field,"System.Runtime.InteropServices.ComTypes.TYPEKIND System.Runtime.InteropServices.ComTypes.TYPEKIND.TKIND_MAX"
Browse,Field,"System.Int32 System.Globalization.CompareOptions.value__"
Browse,Field,"System.Globalization.CompareOptions System.Globalization.CompareOptions.None"
Browse,Field,"System.Globalization.CompareOptions System.Globalization.CompareOptions.IgnoreCase"
Browse,Field,"System.Globalization.CompareOptions System.Globalization.CompareOptions.IgnoreNonSpace"
Browse,Field,"System.Globalization.CompareOptions System.Globalization.CompareOptions.IgnoreSymbols"
Browse,Field,"System.Globalization.CompareOptions System.Globalization.CompareOptions.IgnoreKanaType"
Browse,Field,"System.Globalization.CompareOptions System.Globalization.CompareOptions.IgnoreWidth"
Browse,Field,"System.Globalization.CompareOptions System.Globalization.CompareOptions.OrdinalIgnoreCase"
Browse,Field,"System.Globalization.CompareOptions System.Globalization.CompareOptions.StringSort"
Browse,Field,"System.Globalization.CompareOptions System.Globalization.CompareOptions.Ordinal"
Browse,Field,"System.Int32 System.Threading.EventResetMode.value__"
Browse,Field,"System.Threading.EventResetMode System.Threading.EventResetMode.AutoReset"
Browse,Field,"System.Threading.EventResetMode System.Threading.EventResetMode.ManualReset"
Browse,Field,"System.Int32 System.Diagnostics.Tracing.EventFieldFormat.value__"
Browse,Field,"System.Diagnostics.Tracing.EventFieldFormat System.Diagnostics.Tracing.EventFieldFormat.Default"
Browse,Field,"System.Diagnostics.Tracing.EventFieldFormat System.Diagnostics.Tracing.EventFieldFormat.String"
Browse,Field,"System.Diagnostics.Tracing.EventFieldFormat System.Diagnostics.Tracing.EventFieldFormat.Boolean"
Browse,Field,"System.Diagnostics.Tracing.EventFieldFormat System.Diagnostics.Tracing.EventFieldFormat.Hexadecimal"
Browse,Field,"System.Diagnostics.Tracing.EventFieldFormat System.Diagnostics.Tracing.EventFieldFormat.Xml"
Browse,Field,"System.Diagnostics.Tracing.EventFieldFormat System.Diagnostics.Tracing.EventFieldFormat.Json"
Browse,Field,"System.Diagnostics.Tracing.EventFieldFormat System.Diagnostics.Tracing.EventFieldFormat.HResult"
Browse,Field,"System.Int32 System.Runtime.InteropServices.UnmanagedType.value__"
Browse,Field,"System.Runtime.InteropServices.UnmanagedType System.Runtime.InteropServices.UnmanagedType.Bool"
Browse,Field,"System.Runtime.InteropServices.UnmanagedType System.Runtime.InteropServices.UnmanagedType.I1"
Browse,Field,"System.Runtime.InteropServices.UnmanagedType System.Runtime.InteropServices.UnmanagedType.U1"
Browse,Field,"System.Runtime.InteropServices.UnmanagedType System.Runtime.InteropServices.UnmanagedType.I2"
Browse,Field,"System.Runtime.InteropServices.UnmanagedType System.Runtime.InteropServices.UnmanagedType.U2"
Browse,Field,"System.Runtime.InteropServices.UnmanagedType System.Runtime.InteropServices.UnmanagedType.I4"
Browse,Field,"System.Runtime.InteropServices.UnmanagedType System.Runtime.InteropServices.UnmanagedType.U4"
Browse,Field,"System.Runtime.InteropServices.UnmanagedType System.Runtime.InteropServices.UnmanagedType.I8"
Browse,Field,"System.Runtime.InteropServices.UnmanagedType System.Runtime.InteropServices.UnmanagedType.U8"
Browse,Field,"System.Runtime.InteropServices.UnmanagedType System.Runtime.InteropServices.UnmanagedType.R4"
Browse,Field,"System.Runtime.InteropServices.UnmanagedType System.Runtime.InteropServices.UnmanagedType.R8"
Browse,Field,"System.Runtime.InteropServices.UnmanagedType System.Runtime.InteropServices.UnmanagedType.Currency"
Browse,Field,"System.Runtime.InteropServices.UnmanagedType System.Runtime.InteropServices.UnmanagedType.BStr"
Browse,Field,"System.Runtime.InteropServices.UnmanagedType System.Runtime.InteropServices.UnmanagedType.LPStr"
Browse,Field,"System.Runtime.InteropServices.UnmanagedType System.Runtime.InteropServices.UnmanagedType.LPWStr"
Browse,Field,"System.Runtime.InteropServices.UnmanagedType System.Runtime.InteropServices.UnmanagedType.LPTStr"
Browse,Field,"System.Runtime.InteropServices.UnmanagedType System.Runtime.InteropServices.UnmanagedType.ByValTStr"
Browse,Field,"System.Runtime.InteropServices.UnmanagedType System.Runtime.InteropServices.UnmanagedType.IUnknown"
Browse,Field,"System.Runtime.InteropServices.UnmanagedType System.Runtime.InteropServices.UnmanagedType.IDispatch"
Browse,Field,"System.Runtime.InteropServices.UnmanagedType System.Runtime.InteropServices.UnmanagedType.Struct"
Browse,Field,"System.Runtime.InteropServices.UnmanagedType System.Runtime.InteropServices.UnmanagedType.Interface"
Browse,Field,"System.Runtime.InteropServices.UnmanagedType System.Runtime.InteropServices.UnmanagedType.SafeArray"
Browse,Field,"System.Runtime.InteropServices.UnmanagedType System.Runtime.InteropServices.UnmanagedType.ByValArray"
Browse,Field,"System.Runtime.InteropServices.UnmanagedType System.Runtime.InteropServices.UnmanagedType.SysInt"
Browse,Field,"System.Runtime.InteropServices.UnmanagedType System.Runtime.InteropServices.UnmanagedType.SysUInt"
Browse,Field,"System.Runtime.InteropServices.UnmanagedType System.Runtime.InteropServices.UnmanagedType.VBByRefStr"
Browse,Field,"System.Runtime.InteropServices.UnmanagedType System.Runtime.InteropServices.UnmanagedType.AnsiBStr"
Browse,Field,"System.Runtime.InteropServices.UnmanagedType System.Runtime.InteropServices.UnmanagedType.TBStr"
Browse,Field,"System.Runtime.InteropServices.UnmanagedType System.Runtime.InteropServices.UnmanagedType.VariantBool"
Browse,Field,"System.Runtime.InteropServices.UnmanagedType System.Runtime.InteropServices.UnmanagedType.FunctionPtr"
Browse,Field,"System.Runtime.InteropServices.UnmanagedType System.Runtime.InteropServices.UnmanagedType.AsAny"
Browse,Field,"System.Runtime.InteropServices.UnmanagedType System.Runtime.InteropServices.UnmanagedType.LPArray"
Browse,Field,"System.Runtime.InteropServices.UnmanagedType System.Runtime.InteropServices.UnmanagedType.LPStruct"
Browse,Field,"System.Runtime.InteropServices.UnmanagedType System.Runtime.InteropServices.UnmanagedType.CustomMarshaler"
Browse,Field,"System.Runtime.InteropServices.UnmanagedType System.Runtime.InteropServices.UnmanagedType.Error"
Browse,Field,"System.Runtime.InteropServices.UnmanagedType System.Runtime.InteropServices.UnmanagedType.IInspectable"
Browse,Field,"System.Runtime.InteropServices.UnmanagedType System.Runtime.InteropServices.UnmanagedType.HString"
Browse,Field,"System.Runtime.InteropServices.UnmanagedType System.Runtime.InteropServices.UnmanagedType.LPUTF8Str"
Browse,Field,"System.Int32 System.Configuration.Assemblies.AssemblyHashAlgorithm.value__"
Browse,Field,"System.Configuration.Assemblies.AssemblyHashAlgorithm System.Configuration.Assemblies.AssemblyHashAlgorithm.None"
Browse,Field,"System.Configuration.Assemblies.AssemblyHashAlgorithm System.Configuration.Assemblies.AssemblyHashAlgorithm.MD5"
Browse,Field,"System.Configuration.Assemblies.AssemblyHashAlgorithm System.Configuration.Assemblies.AssemblyHashAlgorithm.SHA1"
Browse,Field,"System.Configuration.Assemblies.AssemblyHashAlgorithm System.Configuration.Assemblies.AssemblyHashAlgorithm.SHA256"
Browse,Field,"System.Configuration.Assemblies.AssemblyHashAlgorithm System.Configuration.Assemblies.AssemblyHashAlgorithm.SHA384"
Browse,Field,"System.Configuration.Assemblies.AssemblyHashAlgorithm System.Configuration.Assemblies.AssemblyHashAlgorithm.SHA512"
Browse,Field,"System.Int32 System.Configuration.Assemblies.AssemblyVersionCompatibility.value__"
Browse,Field,"System.Configuration.Assemblies.AssemblyVersionCompatibility System.Configuration.Assemblies.AssemblyVersionCompatibility.SameMachine"
Browse,Field,"System.Configuration.Assemblies.AssemblyVersionCompatibility System.Configuration.Assemblies.AssemblyVersionCompatibility.SameProcess"
Browse,Field,"System.Configuration.Assemblies.AssemblyVersionCompatibility System.Configuration.Assemblies.AssemblyVersionCompatibility.SameDomain"
Browse,Field,"System.Int32 System.Reflection.AssemblyNameFlags.value__"
Browse,Field,"System.Reflection.AssemblyNameFlags System.Reflection.AssemblyNameFlags.None"
Browse,Field,"System.Reflection.AssemblyNameFlags System.Reflection.AssemblyNameFlags.PublicKey"
Browse,Field,"System.Reflection.AssemblyNameFlags System.Reflection.AssemblyNameFlags.EnableJITcompileOptimizer"
Browse,Field,"System.Reflection.AssemblyNameFlags System.Reflection.AssemblyNameFlags.EnableJITcompileTracking"
Browse,Field,"System.Reflection.AssemblyNameFlags System.Reflection.AssemblyNameFlags.Retargetable"
Browse,Field,"System.UInt32 Internal.Runtime.DebuggerSupport.FuncEvalMode.value__"
Browse,Field,"Internal.Runtime.DebuggerSupport.FuncEvalMode Internal.Runtime.DebuggerSupport.FuncEvalMode.CallParameterizedFunction"
Browse,Field,"Internal.Runtime.DebuggerSupport.FuncEvalMode Internal.Runtime.DebuggerSupport.FuncEvalMode.NewStringWithLength"
Browse,Field,"Internal.Runtime.DebuggerSupport.FuncEvalMode Internal.Runtime.DebuggerSupport.FuncEvalMode.NewParameterizedArray"
Browse,Field,"Internal.Runtime.DebuggerSupport.FuncEvalMode Internal.Runtime.DebuggerSupport.FuncEvalMode.NewParameterizedObjectNoConstructor"
Browse,Field,"Internal.Runtime.DebuggerSupport.FuncEvalMode Internal.Runtime.DebuggerSupport.FuncEvalMode.NewParameterizedObject"
Browse,Field,"System.Int32 System.Threading.Tasks.Sources.ValueTaskSourceStatus.value__"
Browse,Field,"System.Threading.Tasks.Sources.ValueTaskSourceStatus System.Threading.Tasks.Sources.ValueTaskSourceStatus.Pending"
Browse,Field,"System.Threading.Tasks.Sources.ValueTaskSourceStatus System.Threading.Tasks.Sources.ValueTaskSourceStatus.Succeeded"
Browse,Field,"System.Threading.Tasks.Sources.ValueTaskSourceStatus System.Threading.Tasks.Sources.ValueTaskSourceStatus.Faulted"
Browse,Field,"System.Threading.Tasks.Sources.ValueTaskSourceStatus System.Threading.Tasks.Sources.ValueTaskSourceStatus.Canceled"
Browse,Field,"System.Int32 System.IO.FileMode.value__"
Browse,Field,"System.IO.FileMode System.IO.FileMode.CreateNew"
Browse,Field,"System.IO.FileMode System.IO.FileMode.Create"
Browse,Field,"System.IO.FileMode System.IO.FileMode.Open"
Browse,Field,"System.IO.FileMode System.IO.FileMode.OpenOrCreate"
Browse,Field,"System.IO.FileMode System.IO.FileMode.Truncate"
Browse,Field,"System.IO.FileMode System.IO.FileMode.Append"
Browse,Field,"System.Int32 System.IO.FileAccess.value__"
Browse,Field,"System.IO.FileAccess System.IO.FileAccess.Read"
Browse,Field,"System.IO.FileAccess System.IO.FileAccess.Write"
Browse,Field,"System.IO.FileAccess System.IO.FileAccess.ReadWrite"
Browse,Field,"System.Int32 System.IO.FileShare.value__"
Browse,Field,"System.IO.FileShare System.IO.FileShare.None"
Browse,Field,"System.IO.FileShare System.IO.FileShare.Read"
Browse,Field,"System.IO.FileShare System.IO.FileShare.Write"
Browse,Field,"System.IO.FileShare System.IO.FileShare.ReadWrite"
Browse,Field,"System.IO.FileShare System.IO.FileShare.Delete"
Browse,Field,"System.IO.FileShare System.IO.FileShare.Inheritable"
Browse,Field,"System.Int32 System.IO.FileOptions.value__"
Browse,Field,"System.IO.FileOptions System.IO.FileOptions.None"
Browse,Field,"System.IO.FileOptions System.IO.FileOptions.WriteThrough"
Browse,Field,"System.IO.FileOptions System.IO.FileOptions.Asynchronous"
Browse,Field,"System.IO.FileOptions System.IO.FileOptions.RandomAccess"
Browse,Field,"System.IO.FileOptions System.IO.FileOptions.DeleteOnClose"
Browse,Field,"System.IO.FileOptions System.IO.FileOptions.SequentialScan"
Browse,Field,"System.IO.FileOptions System.IO.FileOptions.Encrypted"
Browse,Field,"System.DBNull System.DBNull.Value"
Browse,Field,"System.UInt32 Internal.Runtime.DebuggerSupport.DebuggerResponseKind.value__"
Browse,Field,"Internal.Runtime.DebuggerSupport.DebuggerResponseKind Internal.Runtime.DebuggerSupport.DebuggerResponseKind.FuncEvalCompleteWithReturn"
Browse,Field,"Internal.Runtime.DebuggerSupport.DebuggerResponseKind Internal.Runtime.DebuggerSupport.DebuggerResponseKind.FuncEvalCompleteWithException"
Browse,Field,"Internal.Runtime.DebuggerSupport.DebuggerResponseKind Internal.Runtime.DebuggerSupport.DebuggerResponseKind.FuncEvalParameterBufferReady"
Browse,Field,"Internal.Runtime.DebuggerSupport.DebuggerResponseKind Internal.Runtime.DebuggerSupport.DebuggerResponseKind.RequestBufferReady"
Browse,Field,"Internal.Runtime.DebuggerSupport.DebuggerResponseKind Internal.Runtime.DebuggerSupport.DebuggerResponseKind.ConservativeReportingBufferReady"
Browse,Field,"Internal.Runtime.DebuggerSupport.DebuggerResponseKind Internal.Runtime.DebuggerSupport.DebuggerResponseKind.HandleReady"
Browse,Field,"Internal.Runtime.DebuggerSupport.DebuggerResponseKind Internal.Runtime.DebuggerSupport.DebuggerResponseKind.FuncEvalCrossThreadDependency"
Browse,Field,"System.Int32 System.Reflection.AssemblyContentType.value__"
Browse,Field,"System.Reflection.AssemblyContentType System.Reflection.AssemblyContentType.Default"
Browse,Field,"System.Reflection.AssemblyContentType System.Reflection.AssemblyContentType.WindowsRuntime"
Browse,Field,"System.Int32 System.Threading.Tasks.Sources.ValueTaskSourceOnCompletedFlags.value__"
Browse,Field,"System.Threading.Tasks.Sources.ValueTaskSourceOnCompletedFlags System.Threading.Tasks.Sources.ValueTaskSourceOnCompletedFlags.None"
Browse,Field,"System.Threading.Tasks.Sources.ValueTaskSourceOnCompletedFlags System.Threading.Tasks.Sources.ValueTaskSourceOnCompletedFlags.UseSchedulingContext"
Browse,Field,"System.Threading.Tasks.Sources.ValueTaskSourceOnCompletedFlags System.Threading.Tasks.Sources.ValueTaskSourceOnCompletedFlags.FlowExecutionContext"
Browse,Field,"Windows.Storage.CreationCollisionOption Windows.Storage.CreationCollisionOption.GenerateUniqueName"
Browse,Field,"Windows.Storage.CreationCollisionOption Windows.Storage.CreationCollisionOption.ReplaceExisting"
Browse,Field,"Windows.Storage.CreationCollisionOption Windows.Storage.CreationCollisionOption.FailIfExists"
Browse,Field,"Windows.Storage.CreationCollisionOption Windows.Storage.CreationCollisionOption.OpenIfExists"
Browse,Field,"Windows.Storage.FileAccessMode Windows.Storage.FileAccessMode.Read"
Browse,Field,"Windows.Storage.FileAccessMode Windows.Storage.FileAccessMode.ReadWrite"
Browse,Field,"Windows.Storage.NameCollisionOption Windows.Storage.NameCollisionOption.GenerateUniqueName"
Browse,Field,"Windows.Storage.NameCollisionOption Windows.Storage.NameCollisionOption.ReplaceExisting"
Browse,Field,"Windows.Storage.NameCollisionOption Windows.Storage.NameCollisionOption.FailIfExists"
Browse,Field,"System.Int32 System.Threading.LockRecursionPolicy.value__"
Browse,Field,"System.Threading.LockRecursionPolicy System.Threading.LockRecursionPolicy.NoRecursion"
Browse,Field,"System.Threading.LockRecursionPolicy System.Threading.LockRecursionPolicy.SupportsRecursion"
Browse,Field,"System.Int32 System.Threading.LazyThreadSafetyMode.value__"
Browse,Field,"System.Threading.LazyThreadSafetyMode System.Threading.LazyThreadSafetyMode.None"
Browse,Field,"System.Threading.LazyThreadSafetyMode System.Threading.LazyThreadSafetyMode.PublicationOnly"
Browse,Field,"System.Threading.LazyThreadSafetyMode System.Threading.LazyThreadSafetyMode.ExecutionAndPublication"
Browse,Field,"System.Int32 System.Diagnostics.Contracts.ContractFailureKind.value__"
Browse,Field,"System.Diagnostics.Contracts.ContractFailureKind System.Diagnostics.Contracts.ContractFailureKind.Precondition"
Browse,Field,"System.Diagnostics.Contracts.ContractFailureKind System.Diagnostics.Contracts.ContractFailureKind.Postcondition"
Browse,Field,"System.Diagnostics.Contracts.ContractFailureKind System.Diagnostics.Contracts.ContractFailureKind.PostconditionOnException"
Browse,Field,"System.Diagnostics.Contracts.ContractFailureKind System.Diagnostics.Contracts.ContractFailureKind.Invariant"
Browse,Field,"System.Diagnostics.Contracts.ContractFailureKind System.Diagnostics.Contracts.ContractFailureKind.Assert"
Browse,Field,"System.Diagnostics.Contracts.ContractFailureKind System.Diagnostics.Contracts.ContractFailureKind.Assume"
Browse,Field,"System.Int32 System.Globalization.GregorianCalendarTypes.value__"
Browse,Field,"System.Globalization.GregorianCalendarTypes System.Globalization.GregorianCalendarTypes.Localized"
Browse,Field,"System.Globalization.GregorianCalendarTypes System.Globalization.GregorianCalendarTypes.USEnglish"
Browse,Field,"System.Globalization.GregorianCalendarTypes System.Globalization.GregorianCalendarTypes.MiddleEastFrench"
Browse,Field,"System.Globalization.GregorianCalendarTypes System.Globalization.GregorianCalendarTypes.Arabic"
Browse,Field,"System.Globalization.GregorianCalendarTypes System.Globalization.GregorianCalendarTypes.TransliteratedEnglish"
Browse,Field,"System.Globalization.GregorianCalendarTypes System.Globalization.GregorianCalendarTypes.TransliteratedFrench"
Browse,Field,"System.Int32 System.Threading.ThreadState.value__"
Browse,Field,"System.Threading.ThreadState System.Threading.ThreadState.Running"
Browse,Field,"System.Threading.ThreadState System.Threading.ThreadState.StopRequested"
Browse,Field,"System.Threading.ThreadState System.Threading.ThreadState.SuspendRequested"
Browse,Field,"System.Threading.ThreadState System.Threading.ThreadState.Background"
Browse,Field,"System.Threading.ThreadState System.Threading.ThreadState.Unstarted"
Browse,Field,"System.Threading.ThreadState System.Threading.ThreadState.Stopped"
Browse,Field,"System.Threading.ThreadState System.Threading.ThreadState.WaitSleepJoin"
Browse,Field,"System.Threading.ThreadState System.Threading.ThreadState.Suspended"
Browse,Field,"System.Threading.ThreadState System.Threading.ThreadState.AbortRequested"
Browse,Field,"System.Threading.ThreadState System.Threading.ThreadState.Aborted"
Browse,Field,"System.UInt32 Internal.Runtime.DebuggerSupport.FuncEvalEntryPointMode.value__"
Browse,Field,"Internal.Runtime.DebuggerSupport.FuncEvalEntryPointMode Internal.Runtime.DebuggerSupport.FuncEvalEntryPointMode.FixedAddress"
Browse,Field,"Internal.Runtime.DebuggerSupport.FuncEvalEntryPointMode Internal.Runtime.DebuggerSupport.FuncEvalEntryPointMode.VirtualMethodSlotOnly"
Browse,Field,"Internal.Runtime.DebuggerSupport.FuncEvalEntryPointMode Internal.Runtime.DebuggerSupport.FuncEvalEntryPointMode.InterfaceDispatch"
Browse,Field,"System.Int32 System.Threading.ThreadPriority.value__"
Browse,Field,"System.Threading.ThreadPriority System.Threading.ThreadPriority.Lowest"
Browse,Field,"System.Threading.ThreadPriority System.Threading.ThreadPriority.BelowNormal"
Browse,Field,"System.Threading.ThreadPriority System.Threading.ThreadPriority.Normal"
Browse,Field,"System.Threading.ThreadPriority System.Threading.ThreadPriority.AboveNormal"
Browse,Field,"System.Threading.ThreadPriority System.Threading.ThreadPriority.Highest"
Browse,Field,"System.Int32 System.Reflection.ProcessorArchitecture.value__"
Browse,Field,"System.Reflection.ProcessorArchitecture System.Reflection.ProcessorArchitecture.None"
Browse,Field,"System.Reflection.ProcessorArchitecture System.Reflection.ProcessorArchitecture.MSIL"
Browse,Field,"System.Reflection.ProcessorArchitecture System.Reflection.ProcessorArchitecture.X86"
Browse,Field,"System.Reflection.ProcessorArchitecture System.Reflection.ProcessorArchitecture.IA64"
Browse,Field,"System.Reflection.ProcessorArchitecture System.Reflection.ProcessorArchitecture.Amd64"
Browse,Field,"System.Reflection.ProcessorArchitecture System.Reflection.ProcessorArchitecture.Arm"
Browse,Field,"System.Int32 System.MidpointRounding.value__"
Browse,Field,"System.MidpointRounding System.MidpointRounding.ToEven"
Browse,Field,"System.MidpointRounding System.MidpointRounding.AwayFromZero"
Browse,Field,"System.Int32 System.StringSplitOptions.value__"
Browse,Field,"System.StringSplitOptions System.StringSplitOptions.None"
Browse,Field,"System.StringSplitOptions System.StringSplitOptions.RemoveEmptyEntries"
Browse,Field,"System.Int32 System.PlatformID.value__"
Browse,Field,"System.PlatformID System.PlatformID.Win32S"
Browse,Field,"System.PlatformID System.PlatformID.Win32Windows"
Browse,Field,"System.PlatformID System.PlatformID.Win32NT"
Browse,Field,"System.PlatformID System.PlatformID.WinCE"
Browse,Field,"System.PlatformID System.PlatformID.Unix"
Browse,Field,"System.PlatformID System.PlatformID.Xbox"
Browse,Field,"System.PlatformID System.PlatformID.MacOSX"
Browse,Field,"System.Int32 System.Reflection.ParameterAttributes.value__"
Browse,Field,"System.Reflection.ParameterAttributes System.Reflection.ParameterAttributes.None"
Browse,Field,"System.Reflection.ParameterAttributes System.Reflection.ParameterAttributes.In"
Browse,Field,"System.Reflection.ParameterAttributes System.Reflection.ParameterAttributes.Out"
Browse,Field,"System.Reflection.ParameterAttributes System.Reflection.ParameterAttributes.Lcid"
Browse,Field,"System.Reflection.ParameterAttributes System.Reflection.ParameterAttributes.Retval"
Browse,Field,"System.Reflection.ParameterAttributes System.Reflection.ParameterAttributes.Optional"
Browse,Field,"System.Reflection.ParameterAttributes System.Reflection.ParameterAttributes.HasDefault"
Browse,Field,"System.Reflection.ParameterAttributes System.Reflection.ParameterAttributes.HasFieldMarshal"
Browse,Field,"System.Reflection.ParameterAttributes System.Reflection.ParameterAttributes.Reserved3"
Browse,Field,"System.Reflection.ParameterAttributes System.Reflection.ParameterAttributes.Reserved4"
Browse,Field,"System.Reflection.ParameterAttributes System.Reflection.ParameterAttributes.ReservedMask"
Browse,Field,"Windows.UI.Xaml.Interop.TypeKind Windows.UI.Xaml.Interop.TypeKind.Primitive"
Browse,Field,"Windows.UI.Xaml.Interop.TypeKind Windows.UI.Xaml.Interop.TypeKind.Metadata"
Browse,Field,"Windows.UI.Xaml.Interop.TypeKind Windows.UI.Xaml.Interop.TypeKind.Custom"
Browse,Field,"System.Int32 System.Diagnostics.Tracing.EventFieldTags.value__"
Browse,Field,"System.Diagnostics.Tracing.EventFieldTags System.Diagnostics.Tracing.EventFieldTags.None"
Browse,Field,"System.Int32 System.Runtime.InteropServices.LayoutKind.value__"
Browse,Field,"System.Runtime.InteropServices.LayoutKind System.Runtime.InteropServices.LayoutKind.Sequential"
Browse,Field,"System.Runtime.InteropServices.LayoutKind System.Runtime.InteropServices.LayoutKind.Explicit"
Browse,Field,"System.Runtime.InteropServices.LayoutKind System.Runtime.InteropServices.LayoutKind.Auto"
Browse,Field,"System.Int32 System.GCCollectionMode.value__"
Browse,Field,"System.GCCollectionMode System.GCCollectionMode.Default"
Browse,Field,"System.GCCollectionMode System.GCCollectionMode.Forced"
Browse,Field,"System.GCCollectionMode System.GCCollectionMode.Optimized"
Browse,Field,"Windows.Storage.Streams.InputStreamOptions Windows.Storage.Streams.InputStreamOptions.None"
Browse,Field,"Windows.Storage.Streams.InputStreamOptions Windows.Storage.Streams.InputStreamOptions.Partial"
Browse,Field,"Windows.Storage.Streams.InputStreamOptions Windows.Storage.Streams.InputStreamOptions.ReadAhead"
Browse,Field,"System.Int32 System.Reflection.PropertyAttributes.value__"
Browse,Field,"System.Reflection.PropertyAttributes System.Reflection.PropertyAttributes.None"
Browse,Field,"System.Reflection.PropertyAttributes System.Reflection.PropertyAttributes.SpecialName"
Browse,Field,"System.Reflection.PropertyAttributes System.Reflection.PropertyAttributes.RTSpecialName"
Browse,Field,"System.Reflection.PropertyAttributes System.Reflection.PropertyAttributes.HasDefault"
Browse,Field,"System.Reflection.PropertyAttributes System.Reflection.PropertyAttributes.Reserved2"
Browse,Field,"System.Reflection.PropertyAttributes System.Reflection.PropertyAttributes.Reserved3"
Browse,Field,"System.Reflection.PropertyAttributes System.Reflection.PropertyAttributes.Reserved4"
Browse,Field,"System.Reflection.PropertyAttributes System.Reflection.PropertyAttributes.ReservedMask"
Browse,Field,"System.Int32 System.Reflection.EventAttributes.value__"
Browse,Field,"System.Reflection.EventAttributes System.Reflection.EventAttributes.None"
Browse,Field,"System.Reflection.EventAttributes System.Reflection.EventAttributes.SpecialName"
Browse,Field,"System.Reflection.EventAttributes System.Reflection.EventAttributes.RTSpecialName"
Browse,Field,"System.Reflection.EventAttributes System.Reflection.EventAttributes.ReservedMask"
Browse,Method,"System.Void Fake.Main()"
Browse,Method,"System.Void System.Runtime.InteropServices.COMException..ctor()"
Browse,Method,"System.Void System.Runtime.InteropServices.InvalidComObjectException..ctor()"
Browse,Method,"System.Void System.Runtime.InteropServices.InvalidComObjectException..ctor(System.String message)"
Browse,Method,"System.Void System.Runtime.InteropServices.InvalidOleVariantTypeException..ctor()"
Browse,Method,"System.Void System.Runtime.InteropServices.SafeArrayRankMismatchException..ctor()"
Browse,Method,"System.Void System.Runtime.InteropServices.SafeArrayTypeMismatchException..ctor()"
Browse,Method,"System.Void Windows.UI.Xaml.LayoutCycleException..ctor()"
Browse,Method,"System.Void Windows.UI.Xaml.LayoutCycleException..ctor(System.String message)"
Browse,Method,"System.Void Windows.UI.Xaml.LayoutCycleException..ctor(System.String message, System.Exception innerException)"
Browse,Method,"System.Void Windows.UI.Xaml.Markup.XamlParseException..ctor()"
Browse,Method,"System.Void Windows.UI.Xaml.Markup.XamlParseException..ctor(System.String message)"
Browse,Method,"System.Void Windows.UI.Xaml.Markup.XamlParseException..ctor(System.String message, System.Exception innerException)"
Browse,Method,"System.Void Windows.UI.Xaml.Automation.ElementNotAvailableException..ctor()"
Browse,Method,"System.Void Windows.UI.Xaml.Automation.ElementNotAvailableException..ctor(System.String message)"
Browse,Method,"System.Void Windows.UI.Xaml.Automation.ElementNotAvailableException..ctor(System.String message, System.Exception innerException)"
Browse,Method,"System.Void Windows.UI.Xaml.Automation.ElementNotEnabledException..ctor()"
Browse,Method,"System.Void Windows.UI.Xaml.Automation.ElementNotEnabledException..ctor(System.String message)"
Browse,Method,"System.Void Windows.UI.Xaml.Automation.ElementNotEnabledException..ctor(System.String message, System.Exception innerException)"
Browse,Method,"System.Void System.AggregateException..ctor(System.Collections.Generic.IEnumerable<System.Exception> innerExceptions)"
Browse,Method,"System.Void System.AggregateException.GetObjectData(System.Runtime.Serialization.SerializationInfo info, System.Runtime.Serialization.StreamingContext context)"
Browse,Method,"System.Exception System.AggregateException.GetBaseException()"
Browse,Method,"System.Collections.ObjectModel.ReadOnlyCollection<System.Exception> System.AggregateException.InnerExceptions.get()"
Browse,Method,"System.String System.AggregateException.Message.get()"
Browse,Method,"System.String System.AggregateException.ToString()"
Browse,Method,"System.Void System.ArgumentException..ctor()"
Browse,Method,"System.Void System.ArgumentException..ctor(System.String message)"
Browse,Method,"System.Void System.ArgumentException..ctor(System.String message, System.Exception innerException)"
Browse,Method,"System.Void System.ArgumentException..ctor(System.String message, System.String paramName, System.Exception innerException)"
Browse,Method,"System.Void System.ArgumentException..ctor(System.String message, System.String paramName)"
Browse,Method,"System.Void System.ArgumentException..ctor(System.Runtime.Serialization.SerializationInfo info, System.Runtime.Serialization.StreamingContext context)"
Browse,Method,"System.Void System.ArgumentException.GetObjectData(System.Runtime.Serialization.SerializationInfo info, System.Runtime.Serialization.StreamingContext context)"
Browse,Method,"System.String System.ArgumentException.Message.get()"
Browse,Method,"System.String System.ArgumentException.ParamName.get()"
Browse,Method,"System.Void System.ArgumentNullException..ctor()"
Browse,Method,"System.Void System.ArgumentNullException..ctor(System.String paramName)"
Browse,Method,"System.Void System.ArgumentNullException..ctor(System.String paramName, System.String message)"
Browse,Method,"System.Void System.ArgumentOutOfRangeException..ctor()"
Browse,Method,"System.Void System.ArgumentOutOfRangeException..ctor(System.String paramName)"
Browse,Method,"System.Void System.ArgumentOutOfRangeException..ctor(System.String paramName, System.String message)"
Browse,Method,"System.Void System.ArgumentOutOfRangeException..ctor(System.String paramName, System.Object actualValue, System.String message)"
Browse,Method,"System.Void System.ArithmeticException..ctor()"
Browse,Method,"System.Void System.ArrayTypeMismatchException..ctor()"
Browse,Method,"System.Void System.BadImageFormatException..ctor()"
Browse,Method,"System.Void System.DataMisalignedException..ctor()"
Browse,Method,"System.Void System.DataMisalignedException..ctor(System.String message)"
Browse,Method,"System.Void System.DivideByZeroException..ctor()"
Browse,Method,"System.Void System.DllNotFoundException..ctor()"
Browse,Method,"System.Void System.DllNotFoundException..ctor(System.String message)"
Browse,Method,"System.Void System.DllNotFoundException..ctor(System.String message, System.Exception inner)"
Browse,Method,"System.Void System.DllNotFoundException..ctor(System.Runtime.Serialization.SerializationInfo info, System.Runtime.Serialization.StreamingContext context)"
Browse,Method,"System.Void System.EntryPointNotFoundException..ctor()"
Browse,Method,"System.Void System.EntryPointNotFoundException..ctor(System.String message)"
Browse,Method,"System.Void System.EntryPointNotFoundException..ctor(System.String message, System.Exception inner)"
Browse,Method,"System.Void System.EntryPointNotFoundException..ctor(System.Runtime.Serialization.SerializationInfo info, System.Runtime.Serialization.StreamingContext context)"
Browse,Method,"System.Void System.FormatException..ctor()"
Browse,Method,"System.Void System.FormatException..ctor(System.String message)"
Browse,Method,"System.Void System.FormatException..ctor(System.String message, System.Exception innerException)"
Browse,Method,"System.Void System.IndexOutOfRangeException..ctor()"
Browse,Method,"System.Void System.InsufficientExecutionStackException..ctor()"
Browse,Method,"System.Void System.InvalidCastException..ctor()"
Browse,Method,"System.Void System.InvalidCastException..ctor(System.String message)"
Browse,Method,"System.Void System.InvalidCastException..ctor(System.String message, System.Int32 errorCode)"
Browse,Method,"System.Void System.InvalidOperationException..ctor()"
Browse,Method,"System.Void System.InvalidOperationException..ctor(System.String message)"
Browse,Method,"System.Void System.InvalidProgramException..ctor()"
Browse,Method,"System.Void System.InvalidProgramException..ctor(System.String message)"
Browse,Method,"System.Void System.InvalidProgramException..ctor(System.String message, System.Exception inner)"
Browse,Method,"System.Void System.MemberAccessException..ctor()"
Browse,Method,"System.Void System.MemberAccessException..ctor(System.String message)"
Browse,Method,"System.Void System.MissingMemberException..ctor()"
Browse,Method,"System.Void System.MissingMemberException..ctor(System.String message)"
Browse,Method,"System.Void System.MissingMemberException..ctor(System.String message, System.Exception inner)"
Browse,Method,"System.Void System.MissingMemberException.GetObjectData(System.Runtime.Serialization.SerializationInfo info, System.Runtime.Serialization.StreamingContext context)"
Browse,Method,"System.String System.MissingMemberException.Message.get()"
Browse,Method,"System.Void System.MissingMethodException..ctor()"
Browse,Method,"System.Void System.MissingMethodException..ctor(System.String message)"
Browse,Method,"System.Void System.MissingMethodException..ctor(System.String message, System.Exception inner)"
Browse,Method,"System.Void System.MissingMethodException..ctor(System.String className, System.String methodName)"
Browse,Method,"System.String System.MissingMethodException.Message.get()"
Browse,Method,"System.Void System.NotImplementedException..ctor()"
Browse,Method,"System.Void System.NotImplementedException..ctor(System.String message)"
Browse,Method,"System.Void System.NotImplementedException..ctor(System.String message, System.Exception inner)"
Browse,Method,"System.Void System.NotImplementedException..ctor(System.Runtime.Serialization.SerializationInfo info, System.Runtime.Serialization.StreamingContext context)"
Browse,Method,"System.Void System.NotSupportedException..ctor()"
Browse,Method,"System.Void System.NotSupportedException..ctor(System.String message)"
Browse,Method,"System.Void System.NotSupportedException..ctor(System.String message, System.Exception innerException)"
Browse,Method,"System.Void System.NotSupportedException..ctor(System.Runtime.Serialization.SerializationInfo info, System.Runtime.Serialization.StreamingContext context)"
Browse,Method,"System.Void System.NullReferenceException..ctor()"
Browse,Method,"System.Void System.NullReferenceException..ctor(System.String message)"
Browse,Method,"System.Void System.ObjectDisposedException..ctor(System.String objectName)"
Browse,Method,"System.Void System.OperationCanceledException..ctor()"
Browse,Method,"System.Void System.OutOfMemoryException..ctor()"
Browse,Method,"System.Void System.OverflowException..ctor()"
Browse,Method,"System.Void System.OverflowException..ctor(System.String message)"
Browse,Method,"System.Void System.OverflowException..ctor(System.String message, System.Exception innerException)"
Browse,Method,"System.Void System.PlatformNotSupportedException..ctor()"
Browse,Method,"System.Void System.PlatformNotSupportedException..ctor(System.String message)"
Browse,Method,"System.Void System.PlatformNotSupportedException..ctor(System.String message, System.Exception inner)"
Browse,Method,"System.Void System.PlatformNotSupportedException..ctor(System.Runtime.Serialization.SerializationInfo info, System.Runtime.Serialization.StreamingContext context)"
Browse,Method,"System.Void System.RankException..ctor()"
Browse,Method,"System.Void System.SystemException..ctor(System.String message)"
Browse,Method,"System.Void System.SystemException..ctor(System.String message, System.Exception innerException)"
Browse,Method,"System.Void System.SystemException..ctor(System.Runtime.Serialization.SerializationInfo info, System.Runtime.Serialization.StreamingContext context)"
Browse,Method,"System.Void System.TypeInitializationException.GetObjectData(System.Runtime.Serialization.SerializationInfo info, System.Runtime.Serialization.StreamingContext context)"
Browse,Method,"System.String System.TypeInitializationException.TypeName.get()"
Browse,Method,"System.Void System.UnauthorizedAccessException..ctor()"
Browse,Method,"System.Void System.Exception..ctor()"
Browse,Method,"System.Void System.Exception..ctor(System.String message)"
Browse,Method,"System.Void System.Exception..ctor(System.String message, System.Exception innerException)"
Browse,Method,"System.Void System.Exception..ctor(System.Runtime.Serialization.SerializationInfo info, System.Runtime.Serialization.StreamingContext context)"
Browse,Method,"System.String System.Exception.Message.get()"
Browse,Method,"System.Type System.Exception.GetType()"
Browse,Method,"System.Collections.IDictionary System.Exception.Data.get()"
Browse,Method,"System.Reflection.MethodBase System.Exception.TargetSite.get()"
Browse,Method,"System.Void System.Exception.add_SerializeObjectState(System.EventHandler<System.Runtime.Serialization.SafeSerializationEventArgs> value)"
Browse,Method,"System.Void System.Exception.remove_SerializeObjectState(System.EventHandler<System.Runtime.Serialization.SafeSerializationEventArgs> value)"
Browse,Method,"System.Exception System.Exception.GetBaseException()"
Browse,Method,"System.Exception System.Exception.InnerException.get()"
Browse,Method,"System.Void System.Exception.GetObjectData(System.Runtime.Serialization.SerializationInfo info, System.Runtime.Serialization.StreamingContext context)"
Browse,Method,"System.String System.Exception.HelpLink.get()"
Browse,Method,"System.Void System.Exception.HelpLink.set(System.String value)"
Browse,Method,"System.String System.Exception.Source.get()"
Browse,Method,"System.Void System.Exception.Source.set(System.String value)"
Browse,Method,"System.String System.Exception.ToString()"
Browse,Method,"System.Int32 System.Exception.HResult.get()"
Browse,Method,"System.Void System.Exception.HResult.set(System.Int32 value)"
Browse,Method,"System.String System.Exception.StackTrace.get()"
Browse,Method,"System.Void System.TypeLoadException..ctor()"
Browse,Method,"System.Void System.TypeLoadException..ctor(System.String message)"
Browse,Method,"System.Void System.TypeLoadException..ctor(System.String message, System.Exception inner)"
Browse,Method,"System.Void System.TypeLoadException..ctor(System.Runtime.Serialization.SerializationInfo info, System.Runtime.Serialization.StreamingContext context)"
Browse,Method,"System.String System.TypeLoadException.Message.get()"
Browse,Method,"System.String System.TypeLoadException.TypeName.get()"
Browse,Method,"System.Void System.TypeLoadException.GetObjectData(System.Runtime.Serialization.SerializationInfo info, System.Runtime.Serialization.StreamingContext context)"
Browse,Method,"System.Void System.Threading.SynchronizationLockException..ctor()"
Browse,Method,"System.Void System.Security.SecurityException..ctor()"
Browse,Method,"System.Void System.Security.VerificationException..ctor()"
Browse,Method,"System.Void System.Runtime.Serialization.SerializationException..ctor(System.String message)"
Browse,Method,"System.Void System.Runtime.Serialization.SerializationException..ctor(System.String message, System.Exception innerException)"
Browse,Method,"System.Void System.Runtime.InteropServices.MarshalDirectiveException..ctor()"
Browse,Method,"System.Void System.Runtime.InteropServices.MarshalDirectiveException..ctor(System.String message)"
Browse,Method,"System.Void System.Runtime.InteropServices.MarshalDirectiveException..ctor(System.String message, System.Exception inner)"
Browse,Method,"System.Void System.Runtime.InteropServices.MarshalDirectiveException..ctor(System.Runtime.Serialization.SerializationInfo info, System.Runtime.Serialization.StreamingContext context)"
Browse,Method,"System.Void System.Resources.MissingManifestResourceException..ctor()"
Browse,Method,"System.Void System.Resources.MissingManifestResourceException..ctor(System.String message)"
Browse,Method,"System.Void System.Reflection.InvalidFilterCriteriaException..ctor(System.String message)"
Browse,Method,"System.Void System.Reflection.ReflectionTypeLoadException..ctor(System.Type[] classes, System.Exception[] exceptions)"
Browse,Method,"System.Void System.Reflection.TargetInvocationException..ctor(System.Exception inner)"
Browse,Method,"System.Void System.Reflection.TargetParameterCountException..ctor()"
Browse,Method,"System.Void System.IO.DirectoryNotFoundException..ctor()"
Browse,Method,"System.Void System.IO.EndOfStreamException..ctor()"
Browse,Method,"System.Void System.IO.FileLoadException..ctor()"
Browse,Method,"System.Void System.IO.FileNotFoundException..ctor()"
Browse,Method,"System.Void System.IO.IOException..ctor()"
Browse,Method,"System.Void System.IO.IOException..ctor(System.String message)"
Browse,Method,"System.Void System.IO.PathTooLongException..ctor()"
Browse,Method,"System.Void System.Collections.Generic.KeyNotFoundException..ctor()"
Browse,Method,"System.Void System.Collections.Generic.KeyNotFoundException..ctor(System.String message)"
Browse,Method,"System.Void System.Collections.Generic.KeyNotFoundException..ctor(System.String message, System.Exception innerException)"
Browse,Method,"System.Void System.Collections.Generic.KeyNotFoundException..ctor(System.Runtime.Serialization.SerializationInfo info, System.Runtime.Serialization.StreamingContext context)"
Browse,Method,"System.Void System.UriFormatException..ctor(System.String textString)"
Browse,Method,"System.Void System.Runtime.InteropServices.COMException..ctor(System.String message, System.Int32 errorCode)"
Browse,Method,"System.Void System.ApplicationException..ctor(System.String message)"
Browse,Method,"System.Void System.ApplicationException..ctor(System.String message, System.Exception innerException)"
Browse,Method,"System.Void System.AggregateException..ctor(params System.Exception[] innerExceptions)"
Browse,Method,"System.Void System.AggregateException..ctor(System.String message, System.Collections.Generic.IEnumerable<System.Exception> innerExceptions)"
Browse,Method,"System.Void System.ArgumentOutOfRangeException.GetObjectData(System.Runtime.Serialization.SerializationInfo info, System.Runtime.Serialization.StreamingContext context)"
Browse,Method,"System.String System.ArgumentOutOfRangeException.Message.get()"
Browse,Method,"System.Void System.ArithmeticException..ctor(System.String message)"
Browse,Method,"System.Void System.ArithmeticException..ctor(System.String message, System.Exception innerException)"
Browse,Method,"System.Void System.BadImageFormatException..ctor(System.String message)"
Browse,Method,"System.Void System.BadImageFormatException.GetObjectData(System.Runtime.Serialization.SerializationInfo info, System.Runtime.Serialization.StreamingContext context)"
Browse,Method,"System.String System.BadImageFormatException.Message.get()"
Browse,Method,"System.String System.BadImageFormatException.ToString()"
Browse,Method,"System.Void System.InvalidOperationException..ctor(System.String message, System.Exception innerException)"
Browse,Method,"System.Void System.MemberAccessException..ctor(System.String message, System.Exception inner)"
Browse,Method,"System.Void System.MissingFieldException..ctor(System.String message)"
Browse,Method,"System.Void System.ObjectDisposedException..ctor(System.String objectName, System.String message)"
Browse,Method,"System.Void System.ObjectDisposedException.GetObjectData(System.Runtime.Serialization.SerializationInfo info, System.Runtime.Serialization.StreamingContext context)"
Browse,Method,"System.String System.ObjectDisposedException.Message.get()"
Browse,Method,"System.Void System.OutOfMemoryException..ctor(System.String message)"
Browse,Method,"System.Void System.TypeAccessException..ctor()"
Browse,Method,"System.Void System.Threading.Tasks.TaskCanceledException..ctor(System.Threading.Tasks.Task task)"
Browse,Method,"System.Void System.Threading.Tasks.TaskSchedulerException..ctor(System.Exception innerException)"
Browse,Method,"System.String System.Security.SecurityException.ToString()"
Browse,Method,"System.Void System.Security.SecurityException.GetObjectData(System.Runtime.Serialization.SerializationInfo info, System.Runtime.Serialization.StreamingContext context)"
Browse,Method,"System.Void System.Runtime.InteropServices.ExternalException..ctor()"
Browse,Method,"System.String System.Runtime.InteropServices.ExternalException.ToString()"
Browse,Method,"System.Void System.Reflection.InvalidFilterCriteriaException..ctor(System.String message, System.Exception inner)"
Browse,Method,"System.Void System.Reflection.ReflectionTypeLoadException.GetObjectData(System.Runtime.Serialization.SerializationInfo info, System.Runtime.Serialization.StreamingContext context)"
Browse,Method,"System.String System.IO.FileLoadException.Message.get()"
Browse,Method,"System.String System.IO.FileLoadException.ToString()"
Browse,Method,"System.Void System.IO.FileLoadException.GetObjectData(System.Runtime.Serialization.SerializationInfo info, System.Runtime.Serialization.StreamingContext context)"
Browse,Method,"System.Void System.IO.FileNotFoundException..ctor(System.String message, System.String fileName)"
Browse,Method,"System.String System.IO.FileNotFoundException.Message.get()"
Browse,Method,"System.String System.IO.FileNotFoundException.ToString()"
Browse,Method,"System.Void System.IO.FileNotFoundException.GetObjectData(System.Runtime.Serialization.SerializationInfo info, System.Runtime.Serialization.StreamingContext context)"
Browse,Method,"System.Void System.Diagnostics.Tracing.EventSourceException..ctor(System.String message, System.Exception innerException)"
Browse,Method,"System.String System.Diagnostics.Tracing.EventSource.Name.get()"
Browse,Method,"System.Guid System.Diagnostics.Tracing.EventSource.Guid.get()"
Browse,Method,"System.Boolean System.Diagnostics.Tracing.EventSource.IsEnabled()"
Browse,Method,"System.Boolean System.Diagnostics.Tracing.EventSource.IsEnabled(System.Diagnostics.Tracing.EventLevel level, System.Diagnostics.Tracing.EventKeywords keywords)"
Browse,Method,"System.Boolean System.Diagnostics.Tracing.EventSource.IsEnabled(System.Diagnostics.Tracing.EventLevel level, System.Diagnostics.Tracing.EventKeywords keywords, System.Diagnostics.Tracing.EventChannel channel)"
Browse,Method,"System.Diagnostics.Tracing.EventSourceSettings System.Diagnostics.Tracing.EventSource.Settings.get()"
Browse,Method,"System.Guid System.Diagnostics.Tracing.EventSource.GetGuid(System.Type eventSourceType)"
Browse,Method,"System.String System.Diagnostics.Tracing.EventSource.GetName(System.Type eventSourceType)"
Browse,Method,"System.String System.Diagnostics.Tracing.EventSource.GenerateManifest(System.Type eventSourceType, System.String assemblyPathToIncludeInManifest)"
Browse,Method,"System.String System.Diagnostics.Tracing.EventSource.GenerateManifest(System.Type eventSourceType, System.String assemblyPathToIncludeInManifest, System.Diagnostics.Tracing.EventManifestOptions flags)"
Browse,Method,"System.Collections.Generic.IEnumerable<System.Diagnostics.Tracing.EventSource> System.Diagnostics.Tracing.EventSource.GetSources()"
Browse,Method,"System.Void System.Diagnostics.Tracing.EventSource.SendCommand(System.Diagnostics.Tracing.EventSource eventSource, System.Diagnostics.Tracing.EventCommand command, System.Collections.Generic.IDictionary<System.String, System.String> commandArguments)"
Browse,Method,"System.Exception System.Diagnostics.Tracing.EventSource.ConstructionException.get()"
Browse,Method,"System.String System.Diagnostics.Tracing.EventSource.GetTrait(System.String key)"
Browse,Method,"System.String System.Diagnostics.Tracing.EventSource.ToString()"
Browse,Method,"System.Void System.Diagnostics.Tracing.EventSource.add_EventCommandExecuted(System.EventHandler<System.Diagnostics.Tracing.EventCommandEventArgs> value)"
Browse,Method,"System.Void System.Diagnostics.Tracing.EventSource.remove_EventCommandExecuted(System.EventHandler<System.Diagnostics.Tracing.EventCommandEventArgs> value)"
Browse,Method,"System.Void System.Diagnostics.Tracing.EventSource.OnEventCommand(System.Diagnostics.Tracing.EventCommandEventArgs command)"
Browse,Method,"System.Void System.Diagnostics.Tracing.EventSource.WriteEvent(System.Int32 eventId)"
Browse,Method,"System.Void System.Diagnostics.Tracing.EventSource.WriteEvent(System.Int32 eventId, System.Int32 arg1)"
Browse,Method,"System.Void System.Diagnostics.Tracing.EventSource.WriteEvent(System.Int32 eventId, System.Int32 arg1, System.Int32 arg2)"
Browse,Method,"System.Void System.Diagnostics.Tracing.EventSource.WriteEvent(System.Int32 eventId, System.Int32 arg1, System.Int32 arg2, System.Int32 arg3)"
Browse,Method,"System.Void System.Diagnostics.Tracing.EventSource.WriteEvent(System.Int32 eventId, System.Int64 arg1)"
Browse,Method,"System.Void System.Diagnostics.Tracing.EventSource.WriteEvent(System.Int32 eventId, System.Int64 arg1, System.Int64 arg2)"
Browse,Method,"System.Void System.Diagnostics.Tracing.EventSource.WriteEvent(System.Int32 eventId, System.Int64 arg1, System.Int64 arg2, System.Int64 arg3)"
Browse,Method,"System.Void System.Diagnostics.Tracing.EventSource.WriteEvent(System.Int32 eventId, System.String arg1)"
Browse,Method,"System.Void System.Diagnostics.Tracing.EventSource.WriteEvent(System.Int32 eventId, System.String arg1, System.String arg2)"
Browse,Method,"System.Void System.Diagnostics.Tracing.EventSource.WriteEvent(System.Int32 eventId, System.String arg1, System.String arg2, System.String arg3)"
Browse,Method,"System.Void System.Diagnostics.Tracing.EventSource.WriteEvent(System.Int32 eventId, System.String arg1, System.Int32 arg2)"
Browse,Method,"System.Void System.Diagnostics.Tracing.EventSource.WriteEvent(System.Int32 eventId, System.String arg1, System.Int32 arg2, System.Int32 arg3)"
Browse,Method,"System.Void System.Diagnostics.Tracing.EventSource.WriteEvent(System.Int32 eventId, System.String arg1, System.Int64 arg2)"
Browse,Method,"System.Void System.Diagnostics.Tracing.EventSource.WriteEvent(System.Int32 eventId, System.Int64 arg1, System.String arg2)"
Browse,Method,"System.Void System.Diagnostics.Tracing.EventSource.WriteEvent(System.Int32 eventId, System.Int32 arg1, System.String arg2)"
Browse,Method,"System.Void System.Diagnostics.Tracing.EventSource.WriteEvent(System.Int32 eventId, System.Byte[] arg1)"
Browse,Method,"System.Void System.Diagnostics.Tracing.EventSource.WriteEvent(System.Int32 eventId, System.Int64 arg1, System.Byte[] arg2)"
Browse,Method,"System.Void System.Diagnostics.Tracing.EventSource.WriteEventCore(System.Int32 eventId, System.Int32 eventDataCount, System.Diagnostics.Tracing.EventSource.EventData* data)"
Browse,Method,"System.Void System.Diagnostics.Tracing.EventSource.WriteEventWithRelatedActivityIdCore(System.Int32 eventId, System.Guid* relatedActivityId, System.Int32 eventDataCount, System.Diagnostics.Tracing.EventSource.EventData* data)"
Browse,Method,"System.Void System.Diagnostics.Tracing.EventSource.WriteEvent(System.Int32 eventId, params System.Object[] args)"
Browse,Method,"System.Void System.Diagnostics.Tracing.EventSource.WriteEventWithRelatedActivityId(System.Int32 eventId, System.Guid relatedActivityId, params System.Object[] args)"
Browse,Method,"System.Void System.Diagnostics.Tracing.EventSource.Dispose()"
Browse,Method,"System.Void System.Diagnostics.Tracing.EventSource.Dispose(System.Boolean disposing)"
Browse,Method,"System.Void System.Diagnostics.Tracing.EventSource.Finalize()"
Browse,Method,"System.Void System.Diagnostics.Tracing.EventSource.Write(System.String eventName)"
Browse,Method,"System.Void System.Diagnostics.Tracing.EventSource.Write(System.String eventName, System.Diagnostics.Tracing.EventSourceOptions options)"
Browse,Method,"System.Void System.Diagnostics.Tracing.EventSource.Write<T>(System.String eventName, T data)"
Browse,Method,"System.Void System.Diagnostics.Tracing.EventSource.Write<T>(System.String eventName, System.Diagnostics.Tracing.EventSourceOptions options, T data)"
Browse,Method,"System.Void System.Diagnostics.Tracing.EventSource.Write<T>(System.String eventName, ref System.Diagnostics.Tracing.EventSourceOptions options, ref T data)"
Browse,Method,"System.Void System.Diagnostics.Tracing.EventSource.Write<T>(System.String eventName, ref System.Diagnostics.Tracing.EventSourceOptions options, ref System.Guid activityId, ref System.Guid relatedActivityId, ref T data)"
Browse,Method,"System.Void System.Diagnostics.Tracing.EventSource.SetCurrentThreadActivityId(System.Guid activityId)"
Browse,Method,"System.Void System.Diagnostics.Tracing.EventSource.SetCurrentThreadActivityId(System.Guid activityId, out System.Guid oldActivityThatWillContinue)"
Browse,Method,"System.Guid System.Diagnostics.Tracing.EventSource.CurrentThreadActivityId.get()"
Browse,Method,"System.Void System.Object.Finalize()"
Browse,Method,"System.Type System.Object.GetType()"
Browse,Method,"System.String System.Object.ToString()"
Browse,Method,"System.Boolean System.Object.Equals(System.Object obj)"
Browse,Method,"System.Boolean System.Object.Equals(System.Object objA, System.Object objB)"
Browse,Method,"System.Boolean System.Object.ReferenceEquals(System.Object objA, System.Object objB)"
Browse,Method,"System.Int32 System.Object.GetHashCode()"
Browse,Method,"System.Object System.Object.MemberwiseClone()"
Browse,Method,"System.Void System.Object..ctor()"
Browse,Method,"System.String System.Runtime.InteropServices.COMException.ToString()"
Browse,Method,"System.Void System.AggregateException..ctor(System.String message, params System.Exception[] innerExceptions)"
Browse,Method,"System.Void System.ArrayTypeMismatchException..ctor(System.String message)"
Browse,Method,"System.String System.MissingFieldException.Message.get()"
Browse,Method,"System.String System.ObjectDisposedException.ObjectName.get()"
Browse,Method,"System.Threading.CancellationToken System.OperationCanceledException.CancellationToken.get()"
Browse,Method,"System.Void System.OperationCanceledException..ctor(System.String message, System.Threading.CancellationToken token)"
Browse,Method,"System.Void System.RankException..ctor(System.String message)"
Browse,Method,"System.Void System.UnauthorizedAccessException..ctor(System.String message)"
Browse,Method,"System.Void System.Threading.SynchronizationLockException..ctor(System.String message)"
Browse,Method,"System.Object System.Security.SecurityException.Demanded.get()"
Browse,Method,"System.Object System.Security.SecurityException.DenySetInstance.get()"
Browse,Method,"System.String System.Security.SecurityException.GrantedSet.get()"
Browse,Method,"System.Object System.Security.SecurityException.PermitOnlySetInstance.get()"
Browse,Method,"System.String System.Security.SecurityException.RefusedSet.get()"
Browse,Method,"System.String System.Security.SecurityException.Url.get()"
Browse,Method,"System.Void System.Runtime.InteropServices.ExternalException..ctor(System.String message)"
Browse,Method,"System.Void System.Reflection.AmbiguousMatchException..ctor()"
Browse,Method,"System.Exception[] System.Reflection.ReflectionTypeLoadException.LoaderExceptions.get()"
Browse,Method,"System.Void System.IO.DirectoryNotFoundException..ctor(System.String message)"
Browse,Method,"System.String System.IO.FileLoadException.FileName.get()"
Browse,Method,"System.String System.IO.FileLoadException.FusionLog.get()"
Browse,Method,"System.String System.IO.FileNotFoundException.FileName.get()"
Browse,Method,"System.String System.IO.FileNotFoundException.FusionLog.get()"
Browse,Method,"System.Void System.IO.IOException..ctor(System.String message, System.Int32 hresult)"
Browse,Method,"System.Void System.IO.PathTooLongException..ctor(System.String message)"
Browse,Method,"System.Void System.Globalization.CultureNotFoundException..ctor(System.String paramName, System.String invalidCultureName, System.String message)"
Browse,Method,"System.Void System.BadImageFormatException..ctor(System.String message, System.Exception inner)"
Browse,Method,"System.Void System.OperationCanceledException..ctor(System.String message)"
Browse,Method,"System.Void System.Threading.SemaphoreFullException..ctor()"
Browse,Method,"System.Void System.Resources.MissingSatelliteAssemblyException..ctor(System.String message, System.String cultureName)"
Browse,Method,"System.Void System.Reflection.CustomAttributeFormatException..ctor(System.String message)"
Browse,Method,"System.Void System.IO.EndOfStreamException..ctor(System.String message)"
Browse,Method,"System.Void System.Globalization.CultureNotFoundException.GetObjectData(System.Runtime.Serialization.SerializationInfo info, System.Runtime.Serialization.StreamingContext context)"
Browse,Method,"System.String System.Globalization.CultureNotFoundException.Message.get()"
Browse,Method,"System.Void System.DBNull..ctor(System.Runtime.Serialization.SerializationInfo info, System.Runtime.Serialization.StreamingContext context)"
Browse,Method,"System.String System.DBNull.ToString()"
Browse,Method,"System.String System.DBNull.ToString(System.IFormatProvider provider)"
Browse,Method,"System.Void System.IndexOutOfRangeException..ctor(System.String message)"
Browse,Method,"System.Void System.SystemException..ctor()"
Browse,Method,"System.Void System.TypeAccessException..ctor(System.String message)"
Browse,Method,"System.Void System.Threading.ThreadStateException..ctor(System.String message)"
Browse,Method,"System.Void System.Threading.WaitHandleCannotBeOpenedException..ctor(System.String message)"
Browse,Method,"System.Void System.Security.SecurityException..ctor(System.String message)"
Browse,Method,"System.Void System.Reflection.CustomAttributeFormatException..ctor(System.String message, System.Exception inner)"
Browse,Method,"System.Void System.IO.FileLoadException..ctor(System.String message)"
Browse,Method,"System.Void System.IO.FileNotFoundException..ctor(System.String message)"
Browse,Method,"System.Void System.IO.IOException..ctor(System.String message, System.Exception innerException)"
Browse,Method,"System.Void System.Globalization.CultureNotFoundException..ctor(System.String paramName, System.Int32 invalidCultureId, System.String message)"
Browse,Method,"System.Void System.InvalidTimeZoneException..ctor(System.String message)"
Browse,Method,"System.Void System.TypeInitializationException..ctor(System.String fullTypeName, System.Exception innerException)"
Browse,Method,"System.Void System.Threading.AbandonedMutexException..ctor()"
Browse,Method,"System.Void System.Threading.LockRecursionException..ctor(System.String message)"
Browse,Method,"System.Void System.Reflection.AmbiguousMatchException..ctor(System.String message)"
Browse,Method,"System.Nullable<System.Int32> System.Globalization.CultureNotFoundException.InvalidCultureId.get()"
Browse,Method,"System.String System.Globalization.CultureNotFoundException.InvalidCultureName.get()"
Browse,Method,"System.Void System.ApplicationException..ctor()"
Browse,Method,"System.Void System.DuplicateWaitObjectException..ctor(System.String parameterName)"
Browse,Method,"System.Void System.MissingFieldException..ctor(System.String className, System.String fieldName)"
Browse,Method,"System.Void System.OperationCanceledException..ctor(System.Threading.CancellationToken token)"
Browse,Method,"System.Void System.Reflection.TargetException..ctor(System.String message)"
Browse,Method,"System.Void System.Reflection.TargetException..ctor(System.String message, System.Exception inner)"
Browse,Method,"System.TypeCode System.DBNull.GetTypeCode()"
Browse,Method,"System.Void System.Text.DecoderFallbackException..ctor(System.String message, System.Byte[] bytesUnknown, System.Int32 index)"
Browse,Method,"System.Void System.FieldAccessException..ctor(System.String message)"
Activate,Type,"System.Resources.WindowsRuntimeResourceManager"
Activate,Type,"System.Reflection.DispatchProxy"
Activate,Type,"System.DateTime"
Activate,Type,"System.Int16"
Activate,Type,"System.Collections.IDictionary"
Activate,Type,"System.Exception"
Activate,Type,"System.String"
Activate,Type,"System.Int32"
Activate,Type,"System.UriParser"
Activate,Type,"System.Uri"
Activate,Type,"System.Type"
Activate,Type,"System.Enum"
Activate,Type,"System.ValueType"
Activate,Type,"System.Object"
Activate,Type,"System.Void"
Activate,Type,"FxResources.System.Private.Interop.SR"
Activate,Type,"FxResources.System.ObjectModel.SR"
Activate,Type,"FxResources.System.Private.DeveloperExperience.AppX.SR"
Activate,Type,"FxResources.System.Private.Reflection.Execution.SR"
Activate,Type,"FxResources.System.Text.Encoding.CodePages.SR"
Activate,Type,"FxResources.System.Numerics.Vectors.SR"
Activate,Type,"FxResources.System.Runtime.WindowsRuntime.SR"
Activate,Type,"FxResources.System.Runtime.WindowsRuntime.UI.Xaml.SR"
Activate,Type,"FxResources.System.Private.CoreLib.SR"
Activate,Type,"FxResources.System.Runtime.Extensions.SR"
Activate,Type,"FxResources.System.Private.TypeLoader.SR"
Activate,Type,"FxResources.System.Collections.Concurrent.SR"
Activate,Type,"FxResources.System.Private.Uri.SR"
Activate,Type,"FxResources.System.Collections.SR"
Activate,Type,"FxResources.System.Threading.SR"
Activate,Type,"FxResources.System.Runtime.InteropServices.SR"
Activate,Type,"FxResources.System.Runtime.InteropServices.WindowsRuntime.SR"
Activate,Type,"FxResources.System.Private.Reflection.Core.SR"
Activate,Type,"System.Delegate"
Activate,Type,"System.Collections.Generic.IList"
Activate,Type,"System.Collections.Generic.IDictionary"
Activate,Type,"Windows.UI.Xaml.Markup.XamlParseException"
Activate,Type,"Windows.UI.Xaml.Automation.ElementNotAvailableException"
Activate,Type,"Windows.UI.Xaml.Automation.ElementNotEnabledException"
Activate,Type,"Windows.UI.Xaml.LayoutCycleException"
Activate,Type,"System.Diagnostics.Tracing.EventSourceAttribute"
Activate,Type,"System.Diagnostics.Tracing.EventSource"
Activate,Type,"System.Diagnostics.Tracing.PropertyValue.ReferenceTypeHelper"
Activate,Type,"System.IntPtr"
Activate,Type,"System.Resources.ResourceSet"
Activate,Type,"System.Collections.Generic.IEnumerable"
Activate,Type,"Windows.Foundation.Collections.IIterator"
Activate,Type,"System.Boolean"
Activate,Type,"System.Array"
Activate,Type,"System.UInt32"
Activate,Type,"System.Collections.Generic.IReadOnlyDictionary"
Activate,Type,"System.Collections.Generic.IReadOnlyList"
Activate,Type,"System.Collections.Generic.IReadOnlyCollection"
Activate,Type,"System.Array<System.Exception>"
Activate,Type,"Windows.Foundation.FoundationContract"
Activate,Type,"Windows.Foundation.UniversalApiContract"
Activate,Type,"System.Int64"
Activate,Type,"System.Char"
Activate,Type,"System.Guid"
Activate,Type,"System.Byte"
Activate,Type,"System.Diagnostics.Tracing.EventLevel"
Activate,Type,"System.Diagnostics.Tracing.EventKeywords"
Activate,Type,"System.Diagnostics.Tracing.EventChannel"
Activate,Type,"System.Reflection.Binder"
Activate,Type,"System.Array<System.Type>"
Activate,Type,"System.Reflection.MemberFilter"
Activate,Type,"System.Reflection.BindingFlags"
Activate,Type,"System.Diagnostics.Tracing.EventManifestOptions"
Activate,Type,"System.Array<System.Byte>"
Activate,Type,"System.EventHandler<System.Diagnostics.Tracing.EventCommandEventArgs>"
Activate,Type,"System.Diagnostics.Tracing.EventSourceSettings"
Activate,Type,"System.Diagnostics.Tracing.EventCommandEventArgs"
Activate,Type,"System.Array<System.String>"
Activate,Type,"System.Array<System.UInt64>"
Activate,Type,"System.Diagnostics.Tracing.EventCommand"
Activate,Type,"System.Collections.Generic.IDictionary<System.String, System.String>"
Activate,Type,"System.Diagnostics.Tracing.EventListener"
Activate,Type,"System.EventArgs"
Activate,Type,"System.UInt16"
Activate,Type,"System.EventHandler<System.Diagnostics.Tracing.EventWrittenEventArgs>"
Activate,Type,"System.Collections.Generic.List<System.WeakReference>"
Activate,Type,"System.Collections.ObjectModel.ReadOnlyCollection<System.Object>"
Activate,Type,"System.Collections.ObjectModel.ReadOnlyCollection<System.String>"
Activate,Type,"System.Nullable<System.Int64>"
Activate,Type,"System.Diagnostics.Tracing.EventTags"
Activate,Type,"System.Diagnostics.Tracing.EventOpcode"
Activate,Type,"System.Array<System.IntPtr>"
Activate,Type,"System.Array<System.Reflection.ParameterInfo>"
Activate,Type,"System.Diagnostics.Tracing.EventActivityOptions"
Activate,Type,"System.Array<System.Boolean>"
Activate,Type,"System.Collections.Generic.Dictionary<System.Int32, System.String>"
Activate,Type,"System.Collections.Generic.Dictionary<System.UInt64, System.String>"
Activate,Type,"System.Collections.Generic.Dictionary<System.String, System.Type>"
Activate,Type,"System.Collections.Generic.Dictionary<System.String, System.String>"
Activate,Type,"System.UInt64"
Activate,Type,"System.Text.StringBuilder"
Activate,Type,"System.Resources.ResourceManager"
Activate,Type,"System.Collections.Generic.IList<System.String>"
Activate,Type,"System.Collections.Generic.Dictionary<System.String, System.Collections.Generic.List<System.Int32>>"
Activate,Type,"System.Collections.Generic.List<System.Int32>"
Activate,Type,"System.Diagnostics.Tracing.EventTask"
Activate,Type,"System.Array<System.Int32>"
Activate,Type,"System.Collections.Generic.IEqualityComparer<System.String>"
Activate,Type,"System.Collections.Generic.Dictionary<System.String, System.String>.KeyCollection"
Activate,Type,"System.Collections.Generic.Dictionary<System.String, System.String>.ValueCollection"
Activate,Type,"System.Collections.Generic.List<System.String>"
Activate,Type,"System.Collections.Generic.List<System.Object>"
Activate,Type,"Windows.Foundation.AsyncOperationCompletedHandler"
Activate,Type,"System.Attribute"
Activate,Type,"System.SByte"
Activate,Type,"System.Single"
Activate,Type,"System.Double"
Activate,Type,"System.UIntPtr"
Activate,Type,"System.Globalization.DateTimeFormatInfo"
Activate,Type,"System.Globalization.NumberFormatInfo"
Activate,Type,"System.RuntimeTypeHandle"
Activate,Type,"System.Runtime.Versioning.TargetFrameworkAttribute"
Activate,Type,"System.Diagnostics.Tracing.EventAttribute"
Activate,Type,"System.Diagnostics.Tracing.NonEventAttribute"
Activate,Type,"System.Collections.Generic.IEqualityComparer"
Activate,Type,"System.Array<System.Collections.Generic.KeyValuePair<System.String, System.Object>>"
Activate,Type,"System.WeakReference"
Activate,Type,"System.EventHandler"
Activate,Type,"System.Collections.Generic.List"
Activate,Type,"System.Collections.ObjectModel.ReadOnlyCollection"
Activate,Type,"System.Nullable"
Activate,Type,"System.Collections.Generic.Dictionary"
Activate,Type,"System.Collections.Generic.Dictionary.KeyCollection"
Activate,Type,"System.Collections.Generic.Dictionary.ValueCollection"
Activate,Type,"System.Collections.Generic.IEqualityComparer<System.RuntimeTypeHandle>"
Activate,Type,"System.Array<System.Collections.Generic.KeyValuePair<System.RuntimeTypeHandle, System.RuntimeTypeHandle>>"
Activate,Type,"System.Array"
Activate,Type,"Windows.Foundation.AsyncOperationProgressHandler"
Activate,Type,"Windows.Foundation.AsyncOperationWithProgressCompletedHandler"
Activate,Type,"Windows.Foundation.AsyncActionProgressHandler"
Activate,Type,"Windows.Foundation.AsyncActionWithProgressCompletedHandler"
Activate,Type,"System.Reflection.FieldInfo"
Activate,Type,"System.Collections.Generic.ObjectEqualityComparer"
Activate,Type,"System.Array<System.Collections.Generic.KeyValuePair<System.String, System.Resources.ResourceSet>>"
Activate,Type,"System.DBNull"
Activate,Type,"System.Decimal"
Activate,Type,"System.Func"
Activate,Type,"System.ICustomFormatter"
Activate,Type,"System.Array<System.Char>"
Activate,Type,"System.Runtime.InteropServices.Marshallers.InterfaceMarshaller"
Activate,Type,"System.Runtime.InteropServices.Marshallers.BlittableMarshaller"
Activate,Type,"System.Runtime.InteropServices.Marshallers.StructMarshaller"
Activate,Type,"System.Runtime.InteropServices.Marshallers.DelegateMarshaller"
Activate,Type,"System.Runtime.InteropServices.Marshallers.WinRTDelegateMarshaller"
Activate,Type,"System.Collections.Generic.IEqualityComparer<System.Int32>"
Activate,Type,"System.Array<System.Collections.Generic.KeyValuePair<System.Int32, System.Text.Encoding>>"
Activate,Type,"System.Text.Encoding"
Activate,Type,"System.Collections.Generic.IEqualityComparer<System.Object>"
Activate,Type,"System.Array<System.Collections.Generic.KeyValuePair<System.Object, System.Object>>"
Activate,Type,"System.Runtime.ExceptionServices.ExceptionDispatchInfo"
Activate,Type,"System.Text.UTF8Encoding"
Activate,Type,"System.Array<System.Collections.Generic.KeyValuePair<System.String, System.String>>"
Activate,Type,"System.Array<System.Collections.Generic.KeyValuePair<System.Int32, System.String>>"
Activate,Type,"System.Collections.Generic.IEqualityComparer<System.UInt64>"
Activate,Type,"System.Array<System.Collections.Generic.KeyValuePair<System.UInt64, System.String>>"
Activate,Type,"System.Array<System.Collections.Generic.KeyValuePair<System.String, System.Type>>"
Activate,Type,"System.Array<System.Collections.Generic.KeyValuePair<System.String, System.Collections.Generic.List<System.Int32>>>"
Activate,Type,"System.Array<System.Collections.Generic.KeyValuePair<System.String, System.UriParser>>"
Activate,Type,"System.IO.MemoryStream"
Activate,Type,"System.Globalization.Calendar"
Activate,Type,"System.Globalization.GregorianCalendar"
Activate,Type,"System.FlagsAttribute"
Activate,Type,"System.Resources.NeutralResourcesLanguageAttribute"
Activate,Type,"System.Runtime.InteropServices.Marshallers.WinRTArrayMarshaller"
Activate,Type,"System.Runtime.InteropServices.Marshallers.ArrayMarshaller"
Activate,Type,"System.Runtime.InteropServices.Marshallers.WinRTKeyValuePairMarshaller"
Activate,Type,"System.Runtime.InteropServices.Marshallers.WinRTReferenceMarshaller"
Activate,Type,"System.Threading.SynchronizationContext"
Activate,Type,"System.Runtime.InteropServices.PreserveSigAttribute"
Activate,Type,"System.Text.UnicodeEncoding"
Activate,Type,"System.Text.UTF32Encoding"
Activate,Type,"System.Array<System.Collections.Generic.KeyValuePair<System.String, System.Int32>>"
Activate,Type,"System.Tuple"
Activate,Type,"System.IO.FileStream"
Activate,Type,"System.Nullable<System.Int32>"
Activate,Type,"System.Collections.Generic.KeyValuePair"
Activate,Type,"System.Globalization.CultureInfo"
Activate,Type,"System.Text.EncoderFallback"
Activate,Type,"System.Tuple"
Activate,Type,"System.Collections.Generic.IEqualityComparer<System.Reflection.MethodBase>"
Activate,Type,"System.Reflection.MethodBase"
Activate,Type,"System.Collections.Generic.IEqualityComparer<System.Type>"
Activate,Type,"System.Globalization.JapaneseCalendar"
Activate,Type,"System.Globalization.TaiwanCalendar"
Activate,Type,"System.Diagnostics.Tracing.EventIgnoreAttribute"
Activate,Type,"System.Array<System.SByte>"
Activate,Type,"System.Array<System.Int16>"
Activate,Type,"System.Array<System.UInt16>"
Activate,Type,"System.Array<System.UInt32>"
Activate,Type,"System.Array<System.Int64>"
Activate,Type,"System.Array<System.Double>"
Activate,Type,"System.Array<System.Single>"
Activate,Type,"System.Array<System.UIntPtr>"
Activate,Type,"System.TimeSpan"
Activate,Type,"System.DateTimeOffset"
Activate,Type,"System.ParamArrayAttribute"
Activate,Type,"System.Text.DecoderFallback"
Activate,Type,"System.Collections.Generic.KeyValuePair<System.Object, System.Object>"
Activate,Type,"System.Reflection.CustomAttributeTypedArgument"
Activate,Type,"System.Reflection.CustomAttributeNamedArgument"
Activate,Type,"System.Diagnostics.Tracing.EventDataAttribute"
Activate,Type,"System.Runtime.CompilerServices.CompilerGeneratedAttribute"
Activate,Type,"System.Resources.SatelliteContractVersionAttribute"
Activate,Type,"System.Array<System.Collections.Generic.KeyValuePair<System.Int32, System.Int32>>"
Activate,Type,"System.Tuple"
Activate,Type,"System.Array<System.Collections.Generic.KeyValuePair<System.String, System.TimeZoneInfo>>"
Activate,Type,"System.TimeZoneInfo"
Activate,Type,"System.Globalization.KoreanCalendar"
Activate,Type,"System.Diagnostics.Tracing.EventFieldAttribute"
Activate,Type,"System.MulticastDelegate"
Activate,Type,"System.Runtime.InteropServices.ComImportAttribute"
Activate,Type,"System.Array<System.TimeZoneInfo.AdjustmentRule>"
Activate,Type,"System.AttributeUsageAttribute"
Activate,Type,"System.OperatingSystem"
Activate,Type,"System.EventHandler"
Activate,Type,"System.ComponentModel.PropertyChangedEventHandler"
Activate,Type,"System.Collections.Specialized.NotifyCollectionChangedEventHandler"
Activate,Type,"System.ValueTuple"
Activate,Type,"System.ValueTuple<System.IntPtr, System.Int32, System.IntPtr, System.Int32, System.Boolean>"
Activate,Type,"System.Reflection.MethodInfo"
Activate,Type,"System.Reflection.ConstructorInfo"
Activate,Type,"System.Reflection.PropertyInfo"
Activate,Type,"System.Reflection.EventInfo"
Activate,Type,"System.Threading.ThreadPoolBoundHandle"
Activate,Type,"System.Threading.PreAllocatedOverlapped"
Activate,Type,"System.Reflection.CustomAttributeData"
Activate,Type,"System.Runtime.InteropServices.InAttribute"
Activate,Type,"System.Runtime.InteropServices.OutAttribute"
Activate,Type,"System.Runtime.InteropServices.OptionalAttribute"
Activate,Type,"System.Collections.Generic.IEqualityComparer<System.Runtime.InteropServices.WindowsRuntime.EventRegistrationToken>"
Activate,Type,"System.Array<System.Collections.Generic.KeyValuePair<System.Runtime.InteropServices.WindowsRuntime.EventRegistrationToken, System.EventHandler>>"
Activate,Type,"System.Runtime.InteropServices.WindowsRuntime.EventRegistrationToken"
Activate,Type,"System.Array<System.Collections.Generic.KeyValuePair<System.Runtime.InteropServices.WindowsRuntime.EventRegistrationToken, System.ComponentModel.PropertyChangedEventHandler>>"
Activate,Type,"System.Array<System.Collections.Generic.KeyValuePair<System.Runtime.InteropServices.WindowsRuntime.EventRegistrationToken, System.Collections.Specialized.NotifyCollectionChangedEventHandler>>"
Activate,Type,"System.Runtime.CompilerServices.CustomConstantAttribute"
Activate,Type,"System.Runtime.CompilerServices.DecimalConstantAttribute"
Activate,Type,"System.Collections.Generic.IEqualityComparer<System.IntPtr>"
Activate,Type,"System.ValueTuple"
Activate,Type,"System.Runtime.InteropServices.FieldOffsetAttribute"
Activate,Method,"System.Void System.Resources.WindowsRuntimeResourceManager..ctor()"
Activate,Method,"System.Void System.Reflection.DispatchProxy..ctor()"
Activate,Method,"System.Void Windows.UI.Xaml.Markup.XamlParseException..ctor()"
Activate,Method,"System.Void Windows.UI.Xaml.Markup.XamlParseException..ctor(System.String message)"
Activate,Method,"System.Void Windows.UI.Xaml.Markup.XamlParseException..ctor(System.String message, System.Exception innerException)"
Activate,Method,"System.Void Windows.UI.Xaml.Automation.ElementNotAvailableException..ctor()"
Activate,Method,"System.Void Windows.UI.Xaml.Automation.ElementNotAvailableException..ctor(System.String message)"
Activate,Method,"System.Void Windows.UI.Xaml.Automation.ElementNotAvailableException..ctor(System.String message, System.Exception innerException)"
Activate,Method,"System.Void Windows.UI.Xaml.Automation.ElementNotEnabledException..ctor()"
Activate,Method,"System.Void Windows.UI.Xaml.Automation.ElementNotEnabledException..ctor(System.String message)"
Activate,Method,"System.Void Windows.UI.Xaml.Automation.ElementNotEnabledException..ctor(System.String message, System.Exception innerException)"
Activate,Method,"System.Void Windows.UI.Xaml.LayoutCycleException..ctor()"
Activate,Method,"System.Void Windows.UI.Xaml.LayoutCycleException..ctor(System.String message)"
Activate,Method,"System.Void Windows.UI.Xaml.LayoutCycleException..ctor(System.String message, System.Exception innerException)"
Activate,Method,"System.Void System.Diagnostics.Tracing.PropertyValue.ReferenceTypeHelper<TContainer>..ctor()"
Activate,Method,"System.Void System.DateTime..ctor(System.Int64 ticks)"
Activate,Method,"System.Void System.DateTime..ctor(System.Int64 ticks, System.DateTimeKind kind)"
Activate,Method,"System.Void System.DateTime..ctor(System.Int32 year, System.Int32 month, System.Int32 day)"
Activate,Method,"System.Void System.DateTime..ctor(System.Int32 year, System.Int32 month, System.Int32 day, System.Globalization.Calendar calendar)"
Activate,Method,"System.Void System.DateTime..ctor(System.Int32 year, System.Int32 month, System.Int32 day, System.Int32 hour, System.Int32 minute, System.Int32 second)"
Activate,Method,"System.Void System.DateTime..ctor(System.Int32 year, System.Int32 month, System.Int32 day, System.Int32 hour, System.Int32 minute, System.Int32 second, System.DateTimeKind kind)"
Activate,Method,"System.Void System.DateTime..ctor(System.Int32 year, System.Int32 month, System.Int32 day, System.Int32 hour, System.Int32 minute, System.Int32 second, System.Globalization.Calendar calendar)"
Activate,Method,"System.Void System.DateTime..ctor(System.Int32 year, System.Int32 month, System.Int32 day, System.Int32 hour, System.Int32 minute, System.Int32 second, System.Int32 millisecond)"
Activate,Method,"System.Void System.DateTime..ctor(System.Int32 year, System.Int32 month, System.Int32 day, System.Int32 hour, System.Int32 minute, System.Int32 second, System.Int32 millisecond, System.DateTimeKind kind)"
Activate,Method,"System.Void System.DateTime..ctor(System.Int32 year, System.Int32 month, System.Int32 day, System.Int32 hour, System.Int32 minute, System.Int32 second, System.Int32 millisecond, System.Globalization.Calendar calendar)"
Activate,Method,"System.Void System.DateTime..ctor(System.Int32 year, System.Int32 month, System.Int32 day, System.Int32 hour, System.Int32 minute, System.Int32 second, System.Int32 millisecond, System.Globalization.Calendar calendar, System.DateTimeKind kind)"
Activate,Method,"System.Void System.Exception..ctor()"
Activate,Method,"System.Void System.Exception..ctor(System.String message)"
Activate,Method,"System.Void System.Exception..ctor(System.String message, System.Exception innerException)"
Activate,Method,"System.Void System.Exception..ctor(System.Runtime.Serialization.SerializationInfo info, System.Runtime.Serialization.StreamingContext context)"
Activate,Method,"System.Void System.String..ctor(System.Char[] value)"
Activate,Method,"System.Void System.String..ctor(System.Char[] value, System.Int32 startIndex, System.Int32 length)"
Activate,Method,"System.Void System.String..ctor(System.Char* value)"
Activate,Method,"System.Void System.String..ctor(System.Char* value, System.Int32 startIndex, System.Int32 length)"
Activate,Method,"System.Void System.String..ctor(System.SByte* value)"
Activate,Method,"System.Void System.String..ctor(System.SByte* value, System.Int32 startIndex, System.Int32 length)"
Activate,Method,"System.Void System.String..ctor(System.SByte* value, System.Int32 startIndex, System.Int32 length, System.Text.Encoding enc)"
Activate,Method,"System.Void System.String..ctor(System.Char c, System.Int32 count)"
Activate,Method,"System.Void System.String..ctor(System.ReadOnlySpan<System.Char> value)"
Activate,Method,"System.Void System.UriParser..ctor()"
Activate,Method,"System.Void System.Uri..ctor(System.String uriString)"
Activate,Method,"System.Void System.Uri..ctor(System.String uriString, System.Boolean dontEscape)"
Activate,Method,"System.Void System.Uri..ctor(System.Uri baseUri, System.String relativeUri, System.Boolean dontEscape)"
Activate,Method,"System.Void System.Uri..ctor(System.String uriString, System.UriKind uriKind)"
Activate,Method,"System.Void System.Uri..ctor(System.Uri baseUri, System.String relativeUri)"
Activate,Method,"System.Void System.Uri..ctor(System.Runtime.Serialization.SerializationInfo serializationInfo, System.Runtime.Serialization.StreamingContext streamingContext)"
Activate,Method,"System.Void System.Uri..ctor(System.Uri baseUri, System.Uri relativeUri)"
Activate,Method,"System.Void System.Type..ctor()"
Activate,Method,"System.Void System.Enum..ctor()"
Activate,Method,"System.Void System.ValueType..ctor()"
Activate,Method,"System.Void System.Object..ctor()"
Activate,Method,"System.Void System.Delegate..ctor(System.Object target, System.String method)"
Activate,Method,"System.Void System.Delegate..ctor(System.Type target, System.String method)"
Activate,Method,"System.Void System.Diagnostics.Tracing.EventSourceAttribute..ctor()"
Activate,Method,"System.Void System.Diagnostics.Tracing.EventSource..ctor()"
Activate,Method,"System.Void System.Diagnostics.Tracing.EventSource..ctor(System.Boolean throwOnEventWriteErrors)"
Activate,Method,"System.Void System.Diagnostics.Tracing.EventSource..ctor(System.Diagnostics.Tracing.EventSourceSettings settings)"
Activate,Method,"System.Void System.Diagnostics.Tracing.EventSource..ctor(System.Diagnostics.Tracing.EventSourceSettings settings, params System.String[] traits)"
Activate,Method,"System.Void System.Diagnostics.Tracing.EventSource..ctor(System.String eventSourceName)"
Activate,Method,"System.Void System.Diagnostics.Tracing.EventSource..ctor(System.String eventSourceName, System.Diagnostics.Tracing.EventSourceSettings config)"
Activate,Method,"System.Void System.Diagnostics.Tracing.EventSource..ctor(System.String eventSourceName, System.Diagnostics.Tracing.EventSourceSettings config, params System.String[] traits)"
Activate,Method,"System.Void System.IntPtr..ctor(System.Int32 value)"
Activate,Method,"System.Void System.IntPtr..ctor(System.Int64 value)"
Activate,Method,"System.Void System.IntPtr..ctor(System.Void* value)"
Activate,Method,"System.Void System.Resources.ResourceSet..ctor()"
Activate,Method,"System.Void System.Resources.ResourceSet..ctor(System.String fileName)"
Activate,Method,"System.Void System.Resources.ResourceSet..ctor(System.IO.Stream stream)"
Activate,Method,"System.Void System.Resources.ResourceSet..ctor(System.Resources.IResourceReader reader)"
Activate,Method,"System.Void System.Guid..ctor(System.Byte[] b)"
Activate,Method,"System.Void System.Guid..ctor(System.ReadOnlySpan<System.Byte> b)"
Activate,Method,"System.Void System.Guid..ctor(System.UInt32 a, System.UInt16 b, System.UInt16 c, System.Byte d, System.Byte e, System.Byte f, System.Byte g, System.Byte h, System.Byte i, System.Byte j, System.Byte k)"
Activate,Method,"System.Void System.Guid..ctor(System.Int32 a, System.Int16 b, System.Int16 c, System.Byte[] d)"
Activate,Method,"System.Void System.Guid..ctor(System.Int32 a, System.Int16 b, System.Int16 c, System.Byte d, System.Byte e, System.Byte f, System.Byte g, System.Byte h, System.Byte i, System.Byte j, System.Byte k)"
Activate,Method,"System.Void System.Guid..ctor(System.String g)"
Activate,Method,"System.Void System.Reflection.Binder..ctor()"
Activate,Method,"System.Void System.Reflection.MemberFilter..ctor(System.Object object, System.IntPtr method)"
Activate,Method,"System.Void System.EventHandler<System.Diagnostics.Tracing.EventCommandEventArgs>..ctor(System.Object, System.IntPtr)"
Activate,Method,"System.Void System.Diagnostics.Tracing.EventListener..ctor()"
Activate,Method,"System.Void System.EventArgs..ctor()"
Activate,Method,"System.Void System.EventHandler<System.Diagnostics.Tracing.EventWrittenEventArgs>..ctor(System.Object, System.IntPtr)"
Activate,Method,"System.Void System.Collections.Generic.List<System.WeakReference>..ctor()"
Activate,Method,"System.Void System.Collections.Generic.List<System.WeakReference>..ctor(System.Int32)"
Activate,Method,"System.Void System.Collections.Generic.List<System.WeakReference>..ctor(System.Collections.Generic.IEnumerable<System.WeakReference>)"
Activate,Method,"System.Void System.Collections.ObjectModel.ReadOnlyCollection<System.Object>..ctor(System.Collections.Generic.IList<System.Object>)"
Activate,Method,"System.Void System.Collections.ObjectModel.ReadOnlyCollection<System.String>..ctor(System.Collections.Generic.IList<System.String>)"
Activate,Method,"System.Void System.Nullable<System.Int64>..ctor(System.Int64)"
Activate,Method,"System.Void System.Collections.Generic.Dictionary<System.Int32, System.String>..ctor()"
Activate,Method,"System.Void System.Collections.Generic.Dictionary<System.Int32, System.String>..ctor(System.Int32)"
Activate,Method,"System.Void System.Collections.Generic.Dictionary<System.Int32, System.String>..ctor(System.Collections.Generic.IEqualityComparer<System.Int32>)"
Activate,Method,"System.Void System.Collections.Generic.Dictionary<System.Int32, System.String>..ctor(System.Int32, System.Collections.Generic.IEqualityComparer<System.Int32>)"
Activate,Method,"System.Void System.Collections.Generic.Dictionary<System.Int32, System.String>..ctor(System.Collections.Generic.IDictionary<System.Int32, System.String>)"
Activate,Method,"System.Void System.Collections.Generic.Dictionary<System.Int32, System.String>..ctor(System.Collections.Generic.IDictionary<System.Int32, System.String>, System.Collections.Generic.IEqualityComparer<System.Int32>)"
Activate,Method,"System.Void System.Collections.Generic.Dictionary<System.Int32, System.String>..ctor(System.Collections.Generic.IEnumerable<System.Collections.Generic.KeyValuePair<System.Int32, System.String>>)"
Activate,Method,"System.Void System.Collections.Generic.Dictionary<System.Int32, System.String>..ctor(System.Collections.Generic.IEnumerable<System.Collections.Generic.KeyValuePair<System.Int32, System.String>>, System.Collections.Generic.IEqualityComparer<System.Int32>)"
Activate,Method,"System.Void System.Collections.Generic.Dictionary<System.Int32, System.String>..ctor(System.Runtime.Serialization.SerializationInfo, System.Runtime.Serialization.StreamingContext)"
Activate,Method,"System.Void System.Collections.Generic.Dictionary<System.UInt64, System.String>..ctor()"
Activate,Method,"System.Void System.Collections.Generic.Dictionary<System.UInt64, System.String>..ctor(System.Int32)"
Activate,Method,"System.Void System.Collections.Generic.Dictionary<System.UInt64, System.String>..ctor(System.Collections.Generic.IEqualityComparer<System.UInt64>)"
Activate,Method,"System.Void System.Collections.Generic.Dictionary<System.UInt64, System.String>..ctor(System.Int32, System.Collections.Generic.IEqualityComparer<System.UInt64>)"
Activate,Method,"System.Void System.Collections.Generic.Dictionary<System.UInt64, System.String>..ctor(System.Collections.Generic.IDictionary<System.UInt64, System.String>)"
Activate,Method,"System.Void System.Collections.Generic.Dictionary<System.UInt64, System.String>..ctor(System.Collections.Generic.IDictionary<System.UInt64, System.String>, System.Collections.Generic.IEqualityComparer<System.UInt64>)"
Activate,Method,"System.Void System.Collections.Generic.Dictionary<System.UInt64, System.String>..ctor(System.Collections.Generic.IEnumerable<System.Collections.Generic.KeyValuePair<System.UInt64, System.String>>)"
Activate,Method,"System.Void System.Collections.Generic.Dictionary<System.UInt64, System.String>..ctor(System.Collections.Generic.IEnumerable<System.Collections.Generic.KeyValuePair<System.UInt64, System.String>>, System.Collections.Generic.IEqualityComparer<System.UInt64>)"
Activate,Method,"System.Void System.Collections.Generic.Dictionary<System.UInt64, System.String>..ctor(System.Runtime.Serialization.SerializationInfo, System.Runtime.Serialization.StreamingContext)"
Activate,Method,"System.Void System.Collections.Generic.Dictionary<System.String, System.Type>..ctor()"
Activate,Method,"System.Void System.Collections.Generic.Dictionary<System.String, System.Type>..ctor(System.Int32)"
Activate,Method,"System.Void System.Collections.Generic.Dictionary<System.String, System.Type>..ctor(System.Collections.Generic.IEqualityComparer<System.String>)"
Activate,Method,"System.Void System.Collections.Generic.Dictionary<System.String, System.Type>..ctor(System.Int32, System.Collections.Generic.IEqualityComparer<System.String>)"
Activate,Method,"System.Void System.Collections.Generic.Dictionary<System.String, System.Type>..ctor(System.Collections.Generic.IDictionary<System.String, System.Type>)"
Activate,Method,"System.Void System.Collections.Generic.Dictionary<System.String, System.Type>..ctor(System.Collections.Generic.IDictionary<System.String, System.Type>, System.Collections.Generic.IEqualityComparer<System.String>)"
Activate,Method,"System.Void System.Collections.Generic.Dictionary<System.String, System.Type>..ctor(System.Collections.Generic.IEnumerable<System.Collections.Generic.KeyValuePair<System.String, System.Type>>)"
Activate,Method,"System.Void System.Collections.Generic.Dictionary<System.String, System.Type>..ctor(System.Collections.Generic.IEnumerable<System.Collections.Generic.KeyValuePair<System.String, System.Type>>, System.Collections.Generic.IEqualityComparer<System.String>)"
Activate,Method,"System.Void System.Collections.Generic.Dictionary<System.String, System.Type>..ctor(System.Runtime.Serialization.SerializationInfo, System.Runtime.Serialization.StreamingContext)"
Activate,Method,"System.Void System.Collections.Generic.Dictionary<System.String, System.String>..ctor()"
Activate,Method,"System.Void System.Collections.Generic.Dictionary<System.String, System.String>..ctor(System.Int32)"
Activate,Method,"System.Void System.Collections.Generic.Dictionary<System.String, System.String>..ctor(System.Collections.Generic.IEqualityComparer<System.String>)"
Activate,Method,"System.Void System.Collections.Generic.Dictionary<System.String, System.String>..ctor(System.Int32, System.Collections.Generic.IEqualityComparer<System.String>)"
Activate,Method,"System.Void System.Collections.Generic.Dictionary<System.String, System.String>..ctor(System.Collections.Generic.IDictionary<System.String, System.String>)"
Activate,Method,"System.Void System.Collections.Generic.Dictionary<System.String, System.String>..ctor(System.Collections.Generic.IDictionary<System.String, System.String>, System.Collections.Generic.IEqualityComparer<System.String>)"
Activate,Method,"System.Void System.Collections.Generic.Dictionary<System.String, System.String>..ctor(System.Collections.Generic.IEnumerable<System.Collections.Generic.KeyValuePair<System.String, System.String>>)"
Activate,Method,"System.Void System.Collections.Generic.Dictionary<System.String, System.String>..ctor(System.Collections.Generic.IEnumerable<System.Collections.Generic.KeyValuePair<System.String, System.String>>, System.Collections.Generic.IEqualityComparer<System.String>)"
Activate,Method,"System.Void System.Collections.Generic.Dictionary<System.String, System.String>..ctor(System.Runtime.Serialization.SerializationInfo, System.Runtime.Serialization.StreamingContext)"
Activate,Method,"System.Void System.Text.StringBuilder..ctor()"
Activate,Method,"System.Void System.Text.StringBuilder..ctor(System.Int32 capacity)"
Activate,Method,"System.Void System.Text.StringBuilder..ctor(System.String value)"
Activate,Method,"System.Void System.Text.StringBuilder..ctor(System.String value, System.Int32 capacity)"
Activate,Method,"System.Void System.Text.StringBuilder..ctor(System.String value, System.Int32 startIndex, System.Int32 length, System.Int32 capacity)"
Activate,Method,"System.Void System.Text.StringBuilder..ctor(System.Int32 capacity, System.Int32 maxCapacity)"
Activate,Method,"System.Void System.Resources.ResourceManager..ctor()"
Activate,Method,"System.Void System.Resources.ResourceManager..ctor(System.String baseName, System.Reflection.Assembly assembly)"
Activate,Method,"System.Void System.Resources.ResourceManager..ctor(System.String baseName, System.Reflection.Assembly assembly, System.Type usingResourceSet)"
Activate,Method,"System.Void System.Resources.ResourceManager..ctor(System.Type resourceSource)"
Activate,Method,"System.Void System.Collections.Generic.Dictionary<System.String, System.Collections.Generic.List<System.Int32>>..ctor()"
Activate,Method,"System.Void System.Collections.Generic.Dictionary<System.String, System.Collections.Generic.List<System.Int32>>..ctor(System.Int32)"
Activate,Method,"System.Void System.Collections.Generic.Dictionary<System.String, System.Collections.Generic.List<System.Int32>>..ctor(System.Collections.Generic.IEqualityComparer<System.String>)"
Activate,Method,"System.Void System.Collections.Generic.Dictionary<System.String, System.Collections.Generic.List<System.Int32>>..ctor(System.Int32, System.Collections.Generic.IEqualityComparer<System.String>)"
Activate,Method,"System.Void System.Collections.Generic.Dictionary<System.String, System.Collections.Generic.List<System.Int32>>..ctor(System.Collections.Generic.IDictionary<System.String, System.Collections.Generic.List<System.Int32>>)"
Activate,Method,"System.Void System.Collections.Generic.Dictionary<System.String, System.Collections.Generic.List<System.Int32>>..ctor(System.Collections.Generic.IDictionary<System.String, System.Collections.Generic.List<System.Int32>>, System.Collections.Generic.IEqualityComparer<System.String>)"
Activate,Method,"System.Void System.Collections.Generic.Dictionary<System.String, System.Collections.Generic.List<System.Int32>>..ctor(System.Collections.Generic.IEnumerable<System.Collections.Generic.KeyValuePair<System.String, System.Collections.Generic.List<System.Int32>>>)"
Activate,Method,"System.Void System.Collections.Generic.Dictionary<System.String, System.Collections.Generic.List<System.Int32>>..ctor(System.Collections.Generic.IEnumerable<System.Collections.Generic.KeyValuePair<System.String, System.Collections.Generic.List<System.Int32>>>, System.Collections.Generic.IEqualityComparer<System.String>)"
Activate,Method,"System.Void System.Collections.Generic.Dictionary<System.String, System.Collections.Generic.List<System.Int32>>..ctor(System.Runtime.Serialization.SerializationInfo, System.Runtime.Serialization.StreamingContext)"
Activate,Method,"System.Void System.Collections.Generic.List<System.Int32>..ctor()"
Activate,Method,"System.Void System.Collections.Generic.List<System.Int32>..ctor(System.Int32)"
Activate,Method,"System.Void System.Collections.Generic.List<System.Int32>..ctor(System.Collections.Generic.IEnumerable<System.Int32>)"
Activate,Method,"System.Void System.Collections.Generic.Dictionary<System.String, System.String>.KeyCollection..ctor(System.Collections.Generic.Dictionary<System.String, System.String>)"
Activate,Method,"System.Void System.Collections.Generic.Dictionary<System.String, System.String>.ValueCollection..ctor(System.Collections.Generic.Dictionary<System.String, System.String>)"
Activate,Method,"System.Void System.Collections.Generic.List<System.String>..ctor()"
Activate,Method,"System.Void System.Collections.Generic.List<System.String>..ctor(System.Int32)"
Activate,Method,"System.Void System.Collections.Generic.List<System.String>..ctor(System.Collections.Generic.IEnumerable<System.String>)"
Activate,Method,"System.Void System.Collections.Generic.List<System.Object>..ctor()"
Activate,Method,"System.Void System.Collections.Generic.List<System.Object>..ctor(System.Int32)"
Activate,Method,"System.Void System.Collections.Generic.List<System.Object>..ctor(System.Collections.Generic.IEnumerable<System.Object>)"
Activate,Method,"System.Void Windows.Foundation.AsyncOperationCompletedHandler<TResult>..ctor(System.Object object, System.IntPtr method)"
Activate,Method,"System.Void System.Attribute..ctor()"
Activate,Method,"System.Void System.UIntPtr..ctor(System.UInt32 value)"
Activate,Method,"System.Void System.UIntPtr..ctor(System.UInt64 value)"
Activate,Method,"System.Void System.UIntPtr..ctor(System.Void* value)"
Activate,Method,"System.Void System.Globalization.DateTimeFormatInfo..ctor()"
Activate,Method,"System.Void System.Globalization.NumberFormatInfo..ctor()"
Activate,Method,"System.Void System.Runtime.Versioning.TargetFrameworkAttribute..ctor(System.String frameworkName)"
Activate,Method,"System.Void System.Diagnostics.Tracing.EventAttribute..ctor(System.Int32 eventId)"
Activate,Method,"System.Void System.Diagnostics.Tracing.NonEventAttribute..ctor()"
Activate,Method,"System.Void System.WeakReference..ctor(System.Object target)"
Activate,Method,"System.Void System.WeakReference..ctor(System.Object target, System.Boolean trackResurrection)"
Activate,Method,"System.Void System.WeakReference..ctor(System.Runtime.Serialization.SerializationInfo info, System.Runtime.Serialization.StreamingContext context)"
Activate,Method,"System.Void System.Func<T, TResult>..ctor(System.Object object, System.IntPtr method)"
Activate,Method,"System.Void System.EventHandler<TEventArgs>..ctor(System.Object object, System.IntPtr method)"
Activate,Method,"System.Void System.Collections.Generic.List<T>..ctor()"
Activate,Method,"System.Void System.Collections.Generic.List<T>..ctor(System.Int32 capacity)"
Activate,Method,"System.Void System.Collections.Generic.List<T>..ctor(System.Collections.Generic.IEnumerable<T> collection)"
Activate,Method,"System.Void System.Collections.ObjectModel.ReadOnlyCollection<T>..ctor(System.Collections.Generic.IList<T> list)"
Activate,Method,"System.Void System.Nullable<T>..ctor(T value)"
Activate,Method,"System.Void System.Collections.Generic.Dictionary<TKey, TValue>..ctor()"
Activate,Method,"System.Void System.Collections.Generic.Dictionary<TKey, TValue>..ctor(System.Int32 capacity)"
Activate,Method,"System.Void System.Collections.Generic.Dictionary<TKey, TValue>..ctor(System.Collections.Generic.IEqualityComparer<TKey> comparer)"
Activate,Method,"System.Void System.Collections.Generic.Dictionary<TKey, TValue>..ctor(System.Int32 capacity, System.Collections.Generic.IEqualityComparer<TKey> comparer)"
Activate,Method,"System.Void System.Collections.Generic.Dictionary<TKey, TValue>..ctor(System.Collections.Generic.IDictionary<TKey, TValue> dictionary)"
Activate,Method,"System.Void System.Collections.Generic.Dictionary<TKey, TValue>..ctor(System.Collections.Generic.IDictionary<TKey, TValue> dictionary, System.Collections.Generic.IEqualityComparer<TKey> comparer)"
Activate,Method,"System.Void System.Collections.Generic.Dictionary<TKey, TValue>..ctor(System.Collections.Generic.IEnumerable<System.Collections.Generic.KeyValuePair<TKey, TValue>> collection)"
Activate,Method,"System.Void System.Collections.Generic.Dictionary<TKey, TValue>..ctor(System.Collections.Generic.IEnumerable<System.Collections.Generic.KeyValuePair<TKey, TValue>> collection, System.Collections.Generic.IEqualityComparer<TKey> comparer)"
Activate,Method,"System.Void System.Collections.Generic.Dictionary<TKey, TValue>..ctor(System.Runtime.Serialization.SerializationInfo info, System.Runtime.Serialization.StreamingContext context)"
Activate,Method,"System.Void System.Collections.Generic.Dictionary<TKey, TValue>.KeyCollection..ctor(System.Collections.Generic.Dictionary<TKey, TValue> dictionary)"
Activate,Method,"System.Void System.Collections.Generic.Dictionary<TKey, TValue>.ValueCollection..ctor(System.Collections.Generic.Dictionary<TKey, TValue> dictionary)"
Activate,Method,"System.Void Windows.Foundation.AsyncOperationProgressHandler<TResult, TProgress>..ctor(System.Object object, System.IntPtr method)"
Activate,Method,"System.Void Windows.Foundation.AsyncOperationWithProgressCompletedHandler<TResult, TProgress>..ctor(System.Object object, System.IntPtr method)"
Activate,Method,"System.Void Windows.Foundation.AsyncActionProgressHandler<TProgress>..ctor(System.Object object, System.IntPtr method)"
Activate,Method,"System.Void Windows.Foundation.AsyncActionWithProgressCompletedHandler<TProgress>..ctor(System.Object object, System.IntPtr method)"
Activate,Method,"System.Void System.Reflection.FieldInfo..ctor()"
Activate,Method,"System.Void System.Collections.Generic.ObjectEqualityComparer<T>..ctor()"
Activate,Method,"System.Void System.Decimal..ctor(System.Int32 value)"
Activate,Method,"System.Void System.Decimal..ctor(System.UInt32 value)"
Activate,Method,"System.Void System.Decimal..ctor(System.Int64 value)"
Activate,Method,"System.Void System.Decimal..ctor(System.UInt64 value)"
Activate,Method,"System.Void System.Decimal..ctor(System.Single value)"
Activate,Method,"System.Void System.Decimal..ctor(System.Double value)"
Activate,Method,"System.Void System.Decimal..ctor(System.Int32[] bits)"
Activate,Method,"System.Void System.Decimal..ctor(System.Int32 lo, System.Int32 mid, System.Int32 hi, System.Boolean isNegative, System.Byte scale)"
Activate,Method,"System.Void System.Text.Encoding..ctor()"
Activate,Method,"System.Void System.Text.Encoding..ctor(System.Int32 codePage)"
Activate,Method,"System.Void System.Text.Encoding..ctor(System.Int32 codePage, System.Text.EncoderFallback encoderFallback, System.Text.DecoderFallback decoderFallback)"
Activate,Method,"System.Void System.Text.UTF8Encoding..ctor()"
Activate,Method,"System.Void System.Text.UTF8Encoding..ctor(System.Boolean encoderShouldEmitUTF8Identifier)"
Activate,Method,"System.Void System.Text.UTF8Encoding..ctor(System.Boolean encoderShouldEmitUTF8Identifier, System.Boolean throwOnInvalidBytes)"
Activate,Method,"System.Void System.IO.MemoryStream..ctor()"
Activate,Method,"System.Void System.IO.MemoryStream..ctor(System.Int32 capacity)"
Activate,Method,"System.Void System.IO.MemoryStream..ctor(System.Byte[] buffer)"
Activate,Method,"System.Void System.IO.MemoryStream..ctor(System.Byte[] buffer, System.Boolean writable)"
Activate,Method,"System.Void System.IO.MemoryStream..ctor(System.Byte[] buffer, System.Int32 index, System.Int32 count)"
Activate,Method,"System.Void System.IO.MemoryStream..ctor(System.Byte[] buffer, System.Int32 index, System.Int32 count, System.Boolean writable)"
Activate,Method,"System.Void System.IO.MemoryStream..ctor(System.Byte[] buffer, System.Int32 index, System.Int32 count, System.Boolean writable, System.Boolean publiclyVisible)"
Activate,Method,"System.Void System.Globalization.Calendar..ctor()"
Activate,Method,"System.Void System.Globalization.GregorianCalendar..ctor()"
Activate,Method,"System.Void System.Globalization.GregorianCalendar..ctor(System.Globalization.GregorianCalendarTypes type)"
Activate,Method,"System.Void System.FlagsAttribute..ctor()"
Activate,Method,"System.Void System.Resources.NeutralResourcesLanguageAttribute..ctor(System.String cultureName)"
Activate,Method,"System.Void System.Resources.NeutralResourcesLanguageAttribute..ctor(System.String cultureName, System.Resources.UltimateResourceFallbackLocation location)"
Activate,Method,"System.Void System.Threading.SynchronizationContext..ctor()"
Activate,Method,"System.Void System.Runtime.InteropServices.PreserveSigAttribute..ctor()"
Activate,Method,"System.Void System.Text.UnicodeEncoding..ctor()"
Activate,Method,"System.Void System.Text.UnicodeEncoding..ctor(System.Boolean bigEndian, System.Boolean byteOrderMark)"
Activate,Method,"System.Void System.Text.UnicodeEncoding..ctor(System.Boolean bigEndian, System.Boolean byteOrderMark, System.Boolean throwOnInvalidBytes)"
Activate,Method,"System.Void System.Text.UTF32Encoding..ctor()"
Activate,Method,"System.Void System.Text.UTF32Encoding..ctor(System.Boolean bigEndian, System.Boolean byteOrderMark)"
Activate,Method,"System.Void System.Text.UTF32Encoding..ctor(System.Boolean bigEndian, System.Boolean byteOrderMark, System.Boolean throwOnInvalidCharacters)"
Activate,Method,"System.Void System.Tuple<T1, T2, T3>..ctor(T1 item1, T2 item2, T3 item3)"
Activate,Method,"System.Void System.IO.FileStream..ctor(System.IntPtr handle, System.IO.FileAccess access)"
Activate,Method,"System.Void System.IO.FileStream..ctor(System.IntPtr handle, System.IO.FileAccess access, System.Boolean ownsHandle)"
Activate,Method,"System.Void System.IO.FileStream..ctor(System.IntPtr handle, System.IO.FileAccess access, System.Boolean ownsHandle, System.Int32 bufferSize)"
Activate,Method,"System.Void System.IO.FileStream..ctor(System.IntPtr handle, System.IO.FileAccess access, System.Boolean ownsHandle, System.Int32 bufferSize, System.Boolean isAsync)"
Activate,Method,"System.Void System.IO.FileStream..ctor(Microsoft.Win32.SafeHandles.SafeFileHandle handle, System.IO.FileAccess access)"
Activate,Method,"System.Void System.IO.FileStream..ctor(Microsoft.Win32.SafeHandles.SafeFileHandle handle, System.IO.FileAccess access, System.Int32 bufferSize)"
Activate,Method,"System.Void System.IO.FileStream..ctor(Microsoft.Win32.SafeHandles.SafeFileHandle handle, System.IO.FileAccess access, System.Int32 bufferSize, System.Boolean isAsync)"
Activate,Method,"System.Void System.IO.FileStream..ctor(System.String path, System.IO.FileMode mode)"
Activate,Method,"System.Void System.IO.FileStream..ctor(System.String path, System.IO.FileMode mode, System.IO.FileAccess access)"
Activate,Method,"System.Void System.IO.FileStream..ctor(System.String path, System.IO.FileMode mode, System.IO.FileAccess access, System.IO.FileShare share)"
Activate,Method,"System.Void System.IO.FileStream..ctor(System.String path, System.IO.FileMode mode, System.IO.FileAccess access, System.IO.FileShare share, System.Int32 bufferSize)"
Activate,Method,"System.Void System.IO.FileStream..ctor(System.String path, System.IO.FileMode mode, System.IO.FileAccess access, System.IO.FileShare share, System.Int32 bufferSize, System.Boolean useAsync)"
Activate,Method,"System.Void System.IO.FileStream..ctor(System.String path, System.IO.FileMode mode, System.IO.FileAccess access, System.IO.FileShare share, System.Int32 bufferSize, System.IO.FileOptions options)"
Activate,Method,"System.Void System.Nullable<System.Int32>..ctor(System.Int32)"
Activate,Method,"System.Void System.Collections.Generic.KeyValuePair<TKey, TValue>..ctor(TKey key, TValue value)"
Activate,Method,"System.Void System.Globalization.CultureInfo..ctor(System.String name)"
Activate,Method,"System.Void System.Globalization.CultureInfo..ctor(System.String name, System.Boolean useUserOverride)"
Activate,Method,"System.Void System.Globalization.CultureInfo..ctor(System.Int32 culture)"
Activate,Method,"System.Void System.Globalization.CultureInfo..ctor(System.Int32 culture, System.Boolean useUserOverride)"
Activate,Method,"System.Void System.Text.EncoderFallback..ctor()"
Activate,Method,"System.Void System.Tuple<T1, T2>..ctor(T1 item1, T2 item2)"
Activate,Method,"System.Void System.Reflection.MethodBase..ctor()"
Activate,Method,"System.Void System.Globalization.JapaneseCalendar..ctor()"
Activate,Method,"System.Void System.Globalization.TaiwanCalendar..ctor()"
Activate,Method,"System.Void System.Diagnostics.Tracing.EventIgnoreAttribute..ctor()"
Activate,Method,"System.Void System.TimeSpan..ctor(System.Int64 ticks)"
Activate,Method,"System.Void System.TimeSpan..ctor(System.Int32 hours, System.Int32 minutes, System.Int32 seconds)"
Activate,Method,"System.Void System.TimeSpan..ctor(System.Int32 days, System.Int32 hours, System.Int32 minutes, System.Int32 seconds)"
Activate,Method,"System.Void System.TimeSpan..ctor(System.Int32 days, System.Int32 hours, System.Int32 minutes, System.Int32 seconds, System.Int32 milliseconds)"
Activate,Method,"System.Void System.DateTimeOffset..ctor(System.Int64 ticks, System.TimeSpan offset)"
Activate,Method,"System.Void System.DateTimeOffset..ctor(System.DateTime dateTime)"
Activate,Method,"System.Void System.DateTimeOffset..ctor(System.DateTime dateTime, System.TimeSpan offset)"
Activate,Method,"System.Void System.DateTimeOffset..ctor(System.Int32 year, System.Int32 month, System.Int32 day, System.Int32 hour, System.Int32 minute, System.Int32 second, System.TimeSpan offset)"
Activate,Method,"System.Void System.DateTimeOffset..ctor(System.Int32 year, System.Int32 month, System.Int32 day, System.Int32 hour, System.Int32 minute, System.Int32 second, System.Int32 millisecond, System.TimeSpan offset)"
Activate,Method,"System.Void System.DateTimeOffset..ctor(System.Int32 year, System.Int32 month, System.Int32 day, System.Int32 hour, System.Int32 minute, System.Int32 second, System.Int32 millisecond, System.Globalization.Calendar calendar, System.TimeSpan offset)"
Activate,Method,"System.Void System.ParamArrayAttribute..ctor()"
Activate,Method,"System.Void System.Text.DecoderFallback..ctor()"
Activate,Method,"System.Void System.Collections.Generic.KeyValuePair<System.Object, System.Object>..ctor(System.Object, System.Object)"
Activate,Method,"System.Void System.Reflection.CustomAttributeTypedArgument..ctor(System.Object value)"
Activate,Method,"System.Void System.Reflection.CustomAttributeTypedArgument..ctor(System.Type argumentType, System.Object value)"
Activate,Method,"System.Void System.Reflection.CustomAttributeNamedArgument..ctor(System.Reflection.MemberInfo memberInfo, System.Object value)"
Activate,Method,"System.Void System.Reflection.CustomAttributeNamedArgument..ctor(System.Reflection.MemberInfo memberInfo, System.Reflection.CustomAttributeTypedArgument typedArgument)"
Activate,Method,"System.Void System.Diagnostics.Tracing.EventDataAttribute..ctor()"
Activate,Method,"System.Void System.Runtime.CompilerServices.CompilerGeneratedAttribute..ctor()"
Activate,Method,"System.Void System.Resources.SatelliteContractVersionAttribute..ctor(System.String version)"
Activate,Method,"System.Void System.Tuple<T1>..ctor(T1 item1)"
Activate,Method,"System.Void System.Globalization.KoreanCalendar..ctor()"
Activate,Method,"System.Void System.Diagnostics.Tracing.EventFieldAttribute..ctor()"
Activate,Method,"System.Void System.MulticastDelegate..ctor(System.Object target, System.String method)"
Activate,Method,"System.Void System.MulticastDelegate..ctor(System.Type target, System.String method)"
Activate,Method,"System.Void System.Runtime.InteropServices.ComImportAttribute..ctor()"
Activate,Method,"System.Void System.AttributeUsageAttribute..ctor(System.AttributeTargets validOn)"
Activate,Method,"System.Void System.OperatingSystem..ctor(System.PlatformID platform, System.Version version)"
Activate,Method,"System.Void System.EventHandler..ctor(System.Object object, System.IntPtr method)"
Activate,Method,"System.Void System.ComponentModel.PropertyChangedEventHandler..ctor(System.Object object, System.IntPtr method)"
Activate,Method,"System.Void System.Collections.Specialized.NotifyCollectionChangedEventHandler..ctor(System.Object object, System.IntPtr method)"
Activate,Method,"System.Void System.ValueTuple<T1, T2, T3, T4, T5>..ctor(T1 item1, T2 item2, T3 item3, T4 item4, T5 item5)"
Activate,Method,"System.Void System.ValueTuple<System.IntPtr, System.Int32, System.IntPtr, System.Int32, System.Boolean>..ctor(System.IntPtr, System.Int32, System.IntPtr, System.Int32, System.Boolean)"
Activate,Method,"System.Void System.Reflection.MethodInfo..ctor()"
Activate,Method,"System.Void System.Reflection.ConstructorInfo..ctor()"
Activate,Method,"System.Void System.Reflection.PropertyInfo..ctor()"
Activate,Method,"System.Void System.Reflection.EventInfo..ctor()"
Activate,Method,"System.Void System.Threading.PreAllocatedOverlapped..ctor(System.Threading.IOCompletionCallback callback, System.Object state, System.Object pinData)"
Activate,Method,"System.Void System.Reflection.CustomAttributeData..ctor()"
Activate,Method,"System.Void System.Runtime.InteropServices.InAttribute..ctor()"
Activate,Method,"System.Void System.Runtime.InteropServices.OutAttribute..ctor()"
Activate,Method,"System.Void System.Runtime.InteropServices.OptionalAttribute..ctor()"
Activate,Method,"System.Void System.Runtime.CompilerServices.CustomConstantAttribute..ctor()"
Activate,Method,"System.Void System.Runtime.CompilerServices.DecimalConstantAttribute..ctor(System.Byte scale, System.Byte sign, System.UInt32 hi, System.UInt32 mid, System.UInt32 low)"
Activate,Method,"System.Void System.Runtime.CompilerServices.DecimalConstantAttribute..ctor(System.Byte scale, System.Byte sign, System.Int32 hi, System.Int32 mid, System.Int32 low)"
Activate,Method,"System.Void System.Runtime.InteropServices.FieldOffsetAttribute..ctor(System.Int32 offset)"
Serialize,Type,"System.Resources.UltimateResourceFallbackLocation"
Serialize,Type,"System.Int32"
Serialize,Field,"System.Int32 System.Resources.UltimateResourceFallbackLocation.value__"
Serialize,Field,"System.Resources.UltimateResourceFallbackLocation System.Resources.UltimateResourceFallbackLocation.MainAssembly"
Serialize,Field,"System.Resources.UltimateResourceFallbackLocation System.Resources.UltimateResourceFallbackLocation.Satellite"
Serialize,Field,"System.Int32 System.Int32.MaxValue"
Serialize,Field,"System.Int32 System.Int32.MinValue"
Dynamic,Type,"System.Collections.Generic.ICollection"
Dynamic,Type,"System.Collections.Generic.IReadOnlyCollection"
Dynamic,Type,"Windows.Foundation.IReferenceArray"
Dynamic,Type,"Windows.Foundation.Collections.IIterator"
Dynamic,Type,"Windows.Foundation.IAsyncOperation"
Dynamic,Type,"Windows.Foundation.AsyncOperationCompletedHandler"
Dynamic,Type,"Windows.Foundation.IAsyncActionWithProgress"
Dynamic,Type,"Windows.Foundation.IAsyncOperationWithProgress"
Dynamic,Type,"System.Collections.Generic.IEnumerable"
Dynamic,Type,"System.Runtime.InteropServices.WindowsRuntime.IIterableOfT_CCWAdapter"
Dynamic,Type,"System.Runtime.InteropServices.WindowsRuntime.IIteratorOfT_CCWAdapter"
Dynamic,Type,"System.Runtime.InteropServices.WindowsRuntime.IVector_CCWAdapter"
Dynamic,Type,"System.Runtime.InteropServices.WindowsRuntime.IVectorView_CCWAdapter"
Dynamic,Type,"System.Runtime.InteropServices.WindowsRuntime.IMap_CCWAdapter"
Dynamic,Type,"System.Runtime.InteropServices.WindowsRuntime.IMapView_CCWAdapter"
Dynamic,Type,"System.Runtime.InteropServices.WindowsRuntime.IKeyValuePair_CCWAdapter"
Dynamic,Type,"System.Runtime.InteropServices.WindowsRuntime.IReference_CCWAdapter"
Dynamic,Type,"System.Runtime.InteropServices.WindowsRuntime.IReferenceArray_CCWAdapter"
Dynamic,Type,"System.Runtime.InteropServices.WindowsRuntime.EventHandler_CCWAdapter"
Dynamic,Type,"Fake"
Dynamic,Type,"Windows.UI.Xaml.LayoutCycleException"
Dynamic,Type,"Windows.UI.Xaml.Markup.XamlParseException"
Dynamic,Type,"Windows.UI.Xaml.Automation.ElementNotAvailableException"
Dynamic,Type,"Windows.UI.Xaml.Automation.ElementNotEnabledException"
Dynamic,Type,"System.Diagnostics.Tracing.EventSourceAttribute"
Dynamic,Type,"System.Diagnostics.Tracing.EventAttribute"
Dynamic,Type,"System.Diagnostics.Tracing.EventDataAttribute"
Dynamic,Type,"Internal.Runtime.CompilerServices.HasEmbeddedStringResourcesAttribute"
Dynamic,Type,"System.Diagnostics.Tracing.PropertyValue.ReferenceTypeHelper<System.Object>"
Dynamic,Type,"System.Diagnostics.Tracing.EventSource"
Dynamic,Type,"System.Diagnostics.Tracing.EventSource.EventData"
Dynamic,Type,"System.IntPtr"
Dynamic,Type,"System.MulticastDelegate"
Dynamic,Type,"System.Object"
Dynamic,Type,"System.Exception"
Dynamic,Type,"System.Attribute"
Dynamic,Type,"System.Diagnostics.Tracing.PropertyValue.ReferenceTypeHelper"
Dynamic,Type,"System.Diagnostics.Tracing.PropertyValue.TypeHelper"
Dynamic,Type,"System.ValueType"
Dynamic,Type,"System.Boolean"
Dynamic,Type,"System.Void"
Dynamic,Type,"System.String"
Dynamic,Type,"System.Guid"
Dynamic,Type,"System.Diagnostics.Tracing.EventSourceSettings"
Dynamic,Type,"System.Collections.Generic.IEnumerable<System.Diagnostics.Tracing.EventSource>"
Dynamic,Type,"System.Array<System.Object>"
Dynamic,Type,"System.Diagnostics.Tracing.EventOpcode"
Dynamic,Type,"System.Type"
Dynamic,Type,"System.Array<System.Byte>"
Dynamic,Type,"System.Int32"
Dynamic,Type,"System.Byte"
Dynamic,Type,"System.UInt32"
Dynamic,Type,"System.Int64"
Dynamic,Type,"System.Diagnostics.Tracing.EventLevel"
Dynamic,Type,"System.Diagnostics.Tracing.EventKeywords"
Dynamic,Type,"System.Diagnostics.Tracing.EventChannel"
Dynamic,Type,"System.Diagnostics.Tracing.EventManifestOptions"
Dynamic,Type,"System.Diagnostics.Tracing.EventCommand"
Dynamic,Type,"System.Collections.Generic.IDictionary<System.String, System.String>"
Dynamic,Type,"System.EventHandler<System.Diagnostics.Tracing.EventCommandEventArgs>"
Dynamic,Type,"System.Diagnostics.Tracing.EventCommandEventArgs"
Dynamic,Type,"System.Array<System.String>"
Dynamic,Type,"System.Diagnostics.Tracing.EventListener"
Dynamic,Type,"System.Array<System.Reflection.ParameterInfo>"
Dynamic,Type,"System.DateTime"
Dynamic,Type,"System.Diagnostics.Tracing.EventWrittenEventArgs"
Dynamic,Type,"System.Reflection.MemberInfo"
Dynamic,Type,"System.Reflection.FieldInfo"
Dynamic,Type,"System.Collections.Generic.Dictionary<System.String, System.String>"
Dynamic,Type,"System.Reflection.MethodInfo"
Dynamic,Type,"System.Diagnostics.Tracing.EventSourceOptions"
Dynamic,Type,"System.Diagnostics.Tracing.EventTags"
Dynamic,Type,"System.Runtime.InteropServices.GCHandle"
Dynamic,Type,"System.Collections.Generic.List<System.Byte>"
Dynamic,Type,"System.Char"
Dynamic,Type,"System.Int16"
Dynamic,Type,"System.Reflection.Binder"
Dynamic,Type,"System.Array<System.Type>"
Dynamic,Type,"System.Reflection.MemberFilter"
Dynamic,Type,"System.Reflection.BindingFlags"
Dynamic,Type,"System.Array<System.UInt64>"
Dynamic,Type,"System.EventArgs"
Dynamic,Type,"System.UInt16"
Dynamic,Type,"System.EventHandler<System.Diagnostics.Tracing.EventWrittenEventArgs>"
Dynamic,Type,"System.Collections.Generic.List<System.WeakReference>"
Dynamic,Type,"System.Collections.ObjectModel.ReadOnlyCollection<System.Object>"
Dynamic,Type,"System.Collections.ObjectModel.ReadOnlyCollection<System.String>"
Dynamic,Type,"System.Nullable<System.Int64>"
Dynamic,Type,"System.Collections.IDictionary"
Dynamic,Type,"System.Array<System.IntPtr>"
Dynamic,Type,"System.Diagnostics.Tracing.EventActivityOptions"
Dynamic,Type,"System.Array<System.Boolean>"
Dynamic,Type,"System.Collections.Generic.Dictionary<System.Int32, System.String>"
Dynamic,Type,"System.Collections.Generic.Dictionary<System.UInt64, System.String>"
Dynamic,Type,"System.Collections.Generic.Dictionary<System.String, System.Type>"
Dynamic,Type,"System.UInt64"
Dynamic,Type,"System.Text.StringBuilder"
Dynamic,Type,"System.Resources.ResourceManager"
Dynamic,Type,"System.Collections.Generic.IList<System.String>"
Dynamic,Type,"System.Collections.Generic.Dictionary<System.String, System.Collections.Generic.List<System.Int32>>"
Dynamic,Type,"System.Collections.Generic.List<System.Int32>"
Dynamic,Type,"System.Diagnostics.Tracing.EventTask"
Dynamic,Type,"System.Array<System.Int32>"
Dynamic,Type,"System.Collections.Generic.IEqualityComparer<System.String>"
Dynamic,Type,"System.Collections.Generic.Dictionary<System.String, System.String>.KeyCollection"
Dynamic,Type,"System.Collections.Generic.Dictionary<System.String, System.String>.ValueCollection"
Dynamic,Type,"System.Collections.Generic.List<System.String>"
Dynamic,Type,"System.Collections.Generic.List<System.Object>"
Dynamic,Type,"System.Delegate"
Dynamic,Type,"System.Enum"
Dynamic,Type,"System.Array"
Dynamic,Type,"System.Array"
Dynamic,Type,"System.Collections.Generic.IDictionary"
Dynamic,Type,"System.EventHandler"
Dynamic,Type,"System.Collections.Generic.Dictionary"
Dynamic,Type,"System.Reflection.MethodBase"
Dynamic,Type,"System.Collections.Generic.List"
Dynamic,Type,"System.Collections.ObjectModel.ReadOnlyCollection"
Dynamic,Type,"System.Nullable"
Dynamic,Type,"System.Collections.Generic.IList"
Dynamic,Type,"System.Collections.Generic.IEqualityComparer"
Dynamic,Type,"System.Collections.Generic.Dictionary.KeyCollection"
Dynamic,Type,"System.Collections.Generic.Dictionary.ValueCollection"
Dynamic,Type,"System.SByte"
Dynamic,Type,"System.Single"
Dynamic,Type,"System.Double"
Dynamic,Type,"System.Decimal"
Dynamic,Type,"System.Array<System.Resources.UltimateResourceFallbackLocation>"
Dynamic,Field,"System.Boolean System.Boolean.m_value"
Dynamic,Field,"System.Byte System.Byte.m_value"
Dynamic,Field,"System.Char System.Char.m_value"
Dynamic,Field,"System.Int64 System.Int64.m_value"
Dynamic,Field,"System.Int32 System.Int32.m_value"
Dynamic,Field,"System.Single System.Single.m_value"
Dynamic,Field,"System.Double System.Double.m_value"
Dynamic,Field,"System.SByte System.SByte.m_value"
Dynamic,Field,"System.Int16 System.Int16.m_value"
Dynamic,Field,"System.UInt16 System.UInt16.m_value"
Dynamic,Field,"System.UInt32 System.UInt32.m_value"
Dynamic,Field,"System.UInt64 System.UInt64.m_value"
Dynamic,Field,"TKey System.Collections.Generic.KeyValuePair<TKey, TValue>.key"
Dynamic,Field,"TValue System.Collections.Generic.KeyValuePair<TKey, TValue>.value"
Dynamic,Field,"System.Int32 System.Decimal.flags"
Dynamic,Field,"System.Int32 System.Decimal.hi"
Dynamic,Field,"System.Int32 System.Decimal.lo"
Dynamic,Field,"System.Int32 System.Decimal.mid"
Dynamic,Field,"System.Int32 System.Guid._a"
Dynamic,Field,"System.Int16 System.Guid._b"
Dynamic,Field,"System.Int16 System.Guid._c"
Dynamic,Field,"System.Byte System.Guid._d"
Dynamic,Field,"System.Byte System.Guid._e"
Dynamic,Field,"System.Byte System.Guid._f"
Dynamic,Field,"System.Byte System.Guid._g"
Dynamic,Field,"System.Byte System.Guid._h"
Dynamic,Field,"System.Byte System.Guid._i"
Dynamic,Field,"System.Byte System.Guid._j"
Dynamic,Field,"System.Byte System.Guid._k"
Dynamic,Field,"System.Int64 System.TimeSpan._ticks"
Dynamic,Field,"System.IntPtr System.IntPtr.Zero"
Dynamic,Field,"System.RuntimeTypeHandle[] System.ArraySegment<System.RuntimeTypeHandle>._array"
Dynamic,Field,"T[] System.ArraySegment<T>._array"
Dynamic,Field,"System.Int32 System.ArraySegment<System.RuntimeTypeHandle>._offset"
Dynamic,Field,"System.Int32 System.ArraySegment<T>._offset"
Dynamic,Field,"System.Int32 System.ArraySegment<System.RuntimeTypeHandle>._count"
Dynamic,Field,"System.Int32 System.ArraySegment<T>._count"
Dynamic,Field,"System.Int64 System.Int64.MaxValue"
Dynamic,Field,"System.Int64 System.Int64.MinValue"
Dynamic,Field,"System.String System.String.Empty"
Dynamic,Field,"System.Int32 System.Int32.MaxValue"
Dynamic,Field,"System.Int32 System.Int32.MinValue"
Dynamic,Field,"System.Guid System.Guid.Empty"
Dynamic,Field,"System.Int32 System.Diagnostics.Tracing.EventLevel.value__"
Dynamic,Field,"System.Diagnostics.Tracing.EventLevel System.Diagnostics.Tracing.EventLevel.LogAlways"
Dynamic,Field,"System.Diagnostics.Tracing.EventLevel System.Diagnostics.Tracing.EventLevel.Critical"
Dynamic,Field,"System.Diagnostics.Tracing.EventLevel System.Diagnostics.Tracing.EventLevel.Error"
Dynamic,Field,"System.Diagnostics.Tracing.EventLevel System.Diagnostics.Tracing.EventLevel.Warning"
Dynamic,Field,"System.Diagnostics.Tracing.EventLevel System.Diagnostics.Tracing.EventLevel.Informational"
Dynamic,Field,"System.Diagnostics.Tracing.EventLevel System.Diagnostics.Tracing.EventLevel.Verbose"
Dynamic,Field,"System.Int64 System.Diagnostics.Tracing.EventKeywords.value__"
Dynamic,Field,"System.Diagnostics.Tracing.EventKeywords System.Diagnostics.Tracing.EventKeywords.None"
Dynamic,Field,"System.Diagnostics.Tracing.EventKeywords System.Diagnostics.Tracing.EventKeywords.All"
Dynamic,Field,"System.Diagnostics.Tracing.EventKeywords System.Diagnostics.Tracing.EventKeywords.MicrosoftTelemetry"
Dynamic,Field,"System.Diagnostics.Tracing.EventKeywords System.Diagnostics.Tracing.EventKeywords.WdiContext"
Dynamic,Field,"System.Diagnostics.Tracing.EventKeywords System.Diagnostics.Tracing.EventKeywords.WdiDiagnostic"
Dynamic,Field,"System.Diagnostics.Tracing.EventKeywords System.Diagnostics.Tracing.EventKeywords.Sqm"
Dynamic,Field,"System.Diagnostics.Tracing.EventKeywords System.Diagnostics.Tracing.EventKeywords.AuditFailure"
Dynamic,Field,"System.Diagnostics.Tracing.EventKeywords System.Diagnostics.Tracing.EventKeywords.AuditSuccess"
Dynamic,Field,"System.Diagnostics.Tracing.EventKeywords System.Diagnostics.Tracing.EventKeywords.CorrelationHint"
Dynamic,Field,"System.Diagnostics.Tracing.EventKeywords System.Diagnostics.Tracing.EventKeywords.EventLogClassic"
Dynamic,Field,"System.Byte System.Diagnostics.Tracing.EventChannel.value__"
Dynamic,Field,"System.Diagnostics.Tracing.EventChannel System.Diagnostics.Tracing.EventChannel.None"
Dynamic,Field,"System.Diagnostics.Tracing.EventChannel System.Diagnostics.Tracing.EventChannel.Admin"
Dynamic,Field,"System.Diagnostics.Tracing.EventChannel System.Diagnostics.Tracing.EventChannel.Operational"
Dynamic,Field,"System.Diagnostics.Tracing.EventChannel System.Diagnostics.Tracing.EventChannel.Analytic"
Dynamic,Field,"System.Diagnostics.Tracing.EventChannel System.Diagnostics.Tracing.EventChannel.Debug"
Dynamic,Field,"System.Char System.Type.Delimiter"
Dynamic,Field,"System.Type[] System.Type.EmptyTypes"
Dynamic,Field,"System.Object System.Type.Missing"
Dynamic,Field,"System.Reflection.MemberFilter System.Type.FilterAttribute"
Dynamic,Field,"System.Reflection.MemberFilter System.Type.FilterName"
Dynamic,Field,"System.Reflection.MemberFilter System.Type.FilterNameIgnoreCase"
Dynamic,Field,"System.Int32 System.Diagnostics.Tracing.EventManifestOptions.value__"
Dynamic,Field,"System.Diagnostics.Tracing.EventManifestOptions System.Diagnostics.Tracing.EventManifestOptions.None"
Dynamic,Field,"System.Diagnostics.Tracing.EventManifestOptions System.Diagnostics.Tracing.EventManifestOptions.Strict"
Dynamic,Field,"System.Diagnostics.Tracing.EventManifestOptions System.Diagnostics.Tracing.EventManifestOptions.AllCultures"
Dynamic,Field,"System.Diagnostics.Tracing.EventManifestOptions System.Diagnostics.Tracing.EventManifestOptions.OnlyIfNeededForRegistration"
Dynamic,Field,"System.Diagnostics.Tracing.EventManifestOptions System.Diagnostics.Tracing.EventManifestOptions.AllowEventSourceOverride"
Dynamic,Field,"System.Int32 System.Diagnostics.Tracing.EventCommand.value__"
Dynamic,Field,"System.Diagnostics.Tracing.EventCommand System.Diagnostics.Tracing.EventCommand.Update"
Dynamic,Field,"System.Diagnostics.Tracing.EventCommand System.Diagnostics.Tracing.EventCommand.SendManifest"
Dynamic,Field,"System.Diagnostics.Tracing.EventCommand System.Diagnostics.Tracing.EventCommand.Enable"
Dynamic,Field,"System.Diagnostics.Tracing.EventCommand System.Diagnostics.Tracing.EventCommand.Disable"
Dynamic,Field,"System.EventArgs System.EventArgs.Empty"
Dynamic,Field,"System.String System.Boolean.TrueString"
Dynamic,Field,"System.String System.Boolean.FalseString"
Dynamic,Field,"System.Int32 System.Diagnostics.Tracing.EventOpcode.value__"
Dynamic,Field,"System.Diagnostics.Tracing.EventOpcode System.Diagnostics.Tracing.EventOpcode.Info"
Dynamic,Field,"System.Diagnostics.Tracing.EventOpcode System.Diagnostics.Tracing.EventOpcode.Start"
Dynamic,Field,"System.Diagnostics.Tracing.EventOpcode System.Diagnostics.Tracing.EventOpcode.Stop"
Dynamic,Field,"System.Diagnostics.Tracing.EventOpcode System.Diagnostics.Tracing.EventOpcode.DataCollectionStart"
Dynamic,Field,"System.Diagnostics.Tracing.EventOpcode System.Diagnostics.Tracing.EventOpcode.DataCollectionStop"
Dynamic,Field,"System.Diagnostics.Tracing.EventOpcode System.Diagnostics.Tracing.EventOpcode.Extension"
Dynamic,Field,"System.Diagnostics.Tracing.EventOpcode System.Diagnostics.Tracing.EventOpcode.Reply"
Dynamic,Field,"System.Diagnostics.Tracing.EventOpcode System.Diagnostics.Tracing.EventOpcode.Resume"
Dynamic,Field,"System.Diagnostics.Tracing.EventOpcode System.Diagnostics.Tracing.EventOpcode.Suspend"
Dynamic,Field,"System.Diagnostics.Tracing.EventOpcode System.Diagnostics.Tracing.EventOpcode.Send"
Dynamic,Field,"System.Diagnostics.Tracing.EventOpcode System.Diagnostics.Tracing.EventOpcode.Receive"
Dynamic,Field,"System.Int32 System.Diagnostics.Tracing.EventSourceSettings.value__"
Dynamic,Field,"System.Diagnostics.Tracing.EventSourceSettings System.Diagnostics.Tracing.EventSourceSettings.Default"
Dynamic,Field,"System.Diagnostics.Tracing.EventSourceSettings System.Diagnostics.Tracing.EventSourceSettings.ThrowOnEventWriteErrors"
Dynamic,Field,"System.Diagnostics.Tracing.EventSourceSettings System.Diagnostics.Tracing.EventSourceSettings.EtwManifestEventFormat"
Dynamic,Field,"System.Diagnostics.Tracing.EventSourceSettings System.Diagnostics.Tracing.EventSourceSettings.EtwSelfDescribingEventFormat"
Dynamic,Field,"System.Int32 System.Diagnostics.Tracing.EventTags.value__"
Dynamic,Field,"System.Diagnostics.Tracing.EventTags System.Diagnostics.Tracing.EventTags.None"
Dynamic,Field,"System.Byte[] System.Collections.Generic.List<System.Byte>._items"
Dynamic,Field,"T[] System.Collections.Generic.List<T>._items"
Dynamic,Field,"System.Int32 System.Collections.Generic.List<System.Byte>._size"
Dynamic,Field,"System.Int32 System.Collections.Generic.List<T>._size"
Dynamic,Field,"System.Int32 System.Collections.Generic.List<System.Byte>._version"
Dynamic,Field,"System.Int32 System.Collections.Generic.List<T>._version"
Dynamic,Field,"System.Char System.Char.MaxValue"
Dynamic,Field,"System.Char System.Char.MinValue"
Dynamic,Field,"System.Object System.Collections.DictionaryEntry._key"
Dynamic,Field,"System.Object System.Collections.DictionaryEntry._value"
Dynamic,Field,"System.String System.Collections.Generic.KeyValuePair<System.String, System.Object>.key"
Dynamic,Field,"System.Object System.Collections.Generic.KeyValuePair<System.String, System.Object>.value"
Dynamic,Field,"System.Byte System.Byte.MaxValue"
Dynamic,Field,"System.Byte System.Byte.MinValue"
Dynamic,Field,"System.UInt32 System.UInt32.MaxValue"
Dynamic,Field,"System.UInt32 System.UInt32.MinValue"
Dynamic,Field,"System.DateTime System.DateTime.MinValue"
Dynamic,Field,"System.DateTime System.DateTime.MaxValue"
Dynamic,Field,"System.DateTime System.DateTime.UnixEpoch"
Dynamic,Field,"System.Int16 System.Int16.MaxValue"
Dynamic,Field,"System.Int16 System.Int16.MinValue"
Dynamic,Field,"System.Int32 System.Reflection.BindingFlags.value__"
Dynamic,Field,"System.Reflection.BindingFlags System.Reflection.BindingFlags.Default"
Dynamic,Field,"System.Reflection.BindingFlags System.Reflection.BindingFlags.IgnoreCase"
Dynamic,Field,"System.Reflection.BindingFlags System.Reflection.BindingFlags.DeclaredOnly"
Dynamic,Field,"System.Reflection.BindingFlags System.Reflection.BindingFlags.Instance"
Dynamic,Field,"System.Reflection.BindingFlags System.Reflection.BindingFlags.Static"
Dynamic,Field,"System.Reflection.BindingFlags System.Reflection.BindingFlags.Public"
Dynamic,Field,"System.Reflection.BindingFlags System.Reflection.BindingFlags.NonPublic"
Dynamic,Field,"System.Reflection.BindingFlags System.Reflection.BindingFlags.FlattenHierarchy"
Dynamic,Field,"System.Reflection.BindingFlags System.Reflection.BindingFlags.InvokeMethod"
Dynamic,Field,"System.Reflection.BindingFlags System.Reflection.BindingFlags.CreateInstance"
Dynamic,Field,"System.Reflection.BindingFlags System.Reflection.BindingFlags.GetField"
Dynamic,Field,"System.Reflection.BindingFlags System.Reflection.BindingFlags.SetField"
Dynamic,Field,"System.Reflection.BindingFlags System.Reflection.BindingFlags.GetProperty"
Dynamic,Field,"System.Reflection.BindingFlags System.Reflection.BindingFlags.SetProperty"
Dynamic,Field,"System.Reflection.BindingFlags System.Reflection.BindingFlags.PutDispProperty"
Dynamic,Field,"System.Reflection.BindingFlags System.Reflection.BindingFlags.PutRefDispProperty"
Dynamic,Field,"System.Reflection.BindingFlags System.Reflection.BindingFlags.ExactBinding"
Dynamic,Field,"System.Reflection.BindingFlags System.Reflection.BindingFlags.SuppressChangeType"
Dynamic,Field,"System.Reflection.BindingFlags System.Reflection.BindingFlags.OptionalParamBinding"
Dynamic,Field,"System.Reflection.BindingFlags System.Reflection.BindingFlags.IgnoreReturn"
Dynamic,Field,"System.Reflection.BindingFlags System.Reflection.BindingFlags.DoNotWrapExceptions"
Dynamic,Field,"System.UInt16 System.UInt16.MaxValue"
Dynamic,Field,"System.UInt16 System.UInt16.MinValue"
Dynamic,Field,"System.Int32 System.Diagnostics.Tracing.EventActivityOptions.value__"
Dynamic,Field,"System.Diagnostics.Tracing.EventActivityOptions System.Diagnostics.Tracing.EventActivityOptions.None"
Dynamic,Field,"System.Diagnostics.Tracing.EventActivityOptions System.Diagnostics.Tracing.EventActivityOptions.Disable"
Dynamic,Field,"System.Diagnostics.Tracing.EventActivityOptions System.Diagnostics.Tracing.EventActivityOptions.Recursive"
Dynamic,Field,"System.Diagnostics.Tracing.EventActivityOptions System.Diagnostics.Tracing.EventActivityOptions.Detachable"
Dynamic,Field,"System.UInt64 System.UInt64.MaxValue"
Dynamic,Field,"System.UInt64 System.UInt64.MinValue"
Dynamic,Field,"System.Reflection.Assembly System.Resources.ResourceManager.MainAssembly"
Dynamic,Field,"System.Int32 System.Resources.ResourceManager.MagicNumber"
Dynamic,Field,"System.Int32 System.Resources.ResourceManager.HeaderVersionNumber"
Dynamic,Field,"System.Int32 System.Diagnostics.Tracing.EventTask.value__"
Dynamic,Field,"System.Diagnostics.Tracing.EventTask System.Diagnostics.Tracing.EventTask.None"
Dynamic,Field,"System.String System.Collections.Generic.KeyValuePair<System.String, System.Resources.ResourceSet>.key"
Dynamic,Field,"System.Resources.ResourceSet System.Collections.Generic.KeyValuePair<System.String, System.Resources.ResourceSet>.value"
Dynamic,Field,"System.Object System.Collections.Generic.KeyValuePair<System.Object, System.Object>.key"
Dynamic,Field,"System.Object System.Collections.Generic.KeyValuePair<System.Object, System.Object>.value"
Dynamic,Field,"System.SByte System.SByte.MaxValue"
Dynamic,Field,"System.SByte System.SByte.MinValue"
Dynamic,Field,"System.Single System.Single.MinValue"
Dynamic,Field,"System.Single System.Single.Epsilon"
Dynamic,Field,"System.Single System.Single.MaxValue"
Dynamic,Field,"System.Single System.Single.PositiveInfinity"
Dynamic,Field,"System.Single System.Single.NegativeInfinity"
Dynamic,Field,"System.Single System.Single.NaN"
Dynamic,Field,"System.Double System.Double.MinValue"
Dynamic,Field,"System.Double System.Double.MaxValue"
Dynamic,Field,"System.Double System.Double.Epsilon"
Dynamic,Field,"System.Double System.Double.NegativeInfinity"
Dynamic,Field,"System.Double System.Double.PositiveInfinity"
Dynamic,Field,"System.Double System.Double.NaN"
Dynamic,Field,"System.Decimal System.Decimal.Zero"
Dynamic,Field,"System.Decimal System.Decimal.One"
Dynamic,Field,"System.Decimal System.Decimal.MinusOne"
Dynamic,Field,"System.Decimal System.Decimal.MaxValue"
Dynamic,Field,"System.Decimal System.Decimal.MinValue"
Dynamic,Field,"System.Boolean System.Nullable<System.Int64>.hasValue"
Dynamic,Field,"System.Boolean System.Nullable<T>.hasValue"
Dynamic,Field,"System.Int64 System.Nullable<System.Int64>.value"
Dynamic,Field,"T System.Nullable<T>.value"
Dynamic,Field,"System.Type System.Reflection.InterfaceMapping.TargetType"
Dynamic,Field,"System.Type System.Reflection.InterfaceMapping.InterfaceType"
Dynamic,Field,"System.Reflection.MethodInfo[] System.Reflection.InterfaceMapping.TargetMethods"
Dynamic,Field,"System.Reflection.MethodInfo[] System.Reflection.InterfaceMapping.InterfaceMethods"
Dynamic,Field,"System.RuntimeTypeHandle System.Collections.Generic.KeyValuePair<System.RuntimeTypeHandle, System.RuntimeTypeHandle>.key"
Dynamic,Field,"System.RuntimeTypeHandle System.Collections.Generic.KeyValuePair<System.RuntimeTypeHandle, System.RuntimeTypeHandle>.value"
Dynamic,Field,"System.Int32 System.Collections.Generic.KeyValuePair<System.Int32, System.Text.Encoding>.key"
Dynamic,Field,"System.Text.Encoding System.Collections.Generic.KeyValuePair<System.Int32, System.Text.Encoding>.value"
Dynamic,Field,"System.String System.Collections.Generic.KeyValuePair<System.String, System.String>.key"
Dynamic,Field,"System.String System.Collections.Generic.KeyValuePair<System.String, System.String>.value"
Dynamic,Field,"System.Int32 System.Collections.Generic.KeyValuePair<System.Int32, System.String>.key"
Dynamic,Field,"System.String System.Collections.Generic.KeyValuePair<System.Int32, System.String>.value"
Dynamic,Field,"System.UInt64 System.Collections.Generic.KeyValuePair<System.UInt64, System.String>.key"
Dynamic,Field,"System.String System.Collections.Generic.KeyValuePair<System.UInt64, System.String>.value"
Dynamic,Field,"System.String System.Collections.Generic.KeyValuePair<System.String, System.Type>.key"
Dynamic,Field,"System.Type System.Collections.Generic.KeyValuePair<System.String, System.Type>.value"
Dynamic,Field,"System.String System.Collections.Generic.KeyValuePair<System.String, System.Collections.Generic.List<System.Int32>>.key"
Dynamic,Field,"System.Collections.Generic.List<System.Int32> System.Collections.Generic.KeyValuePair<System.String, System.Collections.Generic.List<System.Int32>>.value"
Dynamic,Field,"System.String System.Collections.Generic.KeyValuePair<System.String, System.UriParser>.key"
Dynamic,Field,"System.UriParser System.Collections.Generic.KeyValuePair<System.String, System.UriParser>.value"
Dynamic,Field,"System.Boolean System.Nullable<System.Char>.hasValue"
Dynamic,Field,"System.Char System.Nullable<System.Char>.value"
Dynamic,Field,"System.Object System.Collections.Generic.KeyValuePair<System.Object, System.Runtime.Serialization.SerializationInfo>.key"
Dynamic,Field,"System.Runtime.Serialization.SerializationInfo System.Collections.Generic.KeyValuePair<System.Object, System.Runtime.Serialization.SerializationInfo>.value"
Dynamic,Field,"System.String System.Collections.Generic.KeyValuePair<System.String, System.Int32>.key"
Dynamic,Field,"System.Int32 System.Collections.Generic.KeyValuePair<System.String, System.Int32>.value"
Dynamic,Field,"System.Boolean System.Nullable<System.Int32>.hasValue"
Dynamic,Field,"System.Int32 System.Nullable<System.Int32>.value"
Dynamic,Field,"System.Object Internal.Runtime.DebuggerSupport.DebugFuncEval.InvokeFunctionData.thisObj"
Dynamic,Field,"Internal.Runtime.CallConverter.CallingConvention Internal.Runtime.DebuggerSupport.DebugFuncEval.InvokeFunctionData.callingConvention"
Dynamic,Field,"System.RuntimeTypeHandle[] Internal.Runtime.DebuggerSupport.DebugFuncEval.InvokeFunctionData.types"
Dynamic,Field,"System.IntPtr Internal.Runtime.DebuggerSupport.DebugFuncEval.InvokeFunctionData.entryPoint"
Dynamic,Field,"System.Byte[][] Internal.Runtime.DebuggerSupport.DebugFuncEval.InvokeFunctionData.parameterValues"
Dynamic,Field,"Internal.Runtime.DebuggerSupport.DebugFuncEval.FuncEvalResult Internal.Runtime.DebuggerSupport.DebugFuncEval.InvokeFunctionData.result"
Dynamic,Field,"System.UInt32 Internal.Runtime.DebuggerSupport.DebugFuncEval.FuncEvalResult.ReturnHandleIdentifier"
Dynamic,Field,"System.IntPtr Internal.Runtime.DebuggerSupport.DebugFuncEval.FuncEvalResult.ReturnValueHandlePointer"
Dynamic,Field,"System.Boolean Internal.Runtime.DebuggerSupport.DebugFuncEval.FuncEvalResult.IsException"
Dynamic,Field,"System.Int32 System.Collections.Generic.KeyValuePair<System.Int32, System.Int32>.key"
Dynamic,Field,"System.Int32 System.Collections.Generic.KeyValuePair<System.Int32, System.Int32>.value"
Dynamic,Field,"System.String System.Collections.Generic.KeyValuePair<System.String, System.TimeZoneInfo>.key"
Dynamic,Field,"System.TimeZoneInfo System.Collections.Generic.KeyValuePair<System.String, System.TimeZoneInfo>.value"
Dynamic,Field,"System.Byte[][] System.Collections.Generic.KeyValuePair<System.Byte[][], System.Object>.key"
Dynamic,Field,"System.Object System.Collections.Generic.KeyValuePair<System.Byte[][], System.Object>.value"
Dynamic,Field,"T1 System.ValueTuple<T1, T2, T3, T4, T5>.Item1"
Dynamic,Field,"T2 System.ValueTuple<T1, T2, T3, T4, T5>.Item2"
Dynamic,Field,"T3 System.ValueTuple<T1, T2, T3, T4, T5>.Item3"
Dynamic,Field,"T4 System.ValueTuple<T1, T2, T3, T4, T5>.Item4"
Dynamic,Field,"T5 System.ValueTuple<T1, T2, T3, T4, T5>.Item5"
Dynamic,Field,"System.IntPtr System.ValueTuple<System.IntPtr, System.Int32, System.IntPtr, System.Int32, System.Boolean>.Item1"
Dynamic,Field,"System.Int32 System.ValueTuple<System.IntPtr, System.Int32, System.IntPtr, System.Int32, System.Boolean>.Item2"
Dynamic,Field,"System.IntPtr System.ValueTuple<System.IntPtr, System.Int32, System.IntPtr, System.Int32, System.Boolean>.Item3"
Dynamic,Field,"System.Int32 System.ValueTuple<System.IntPtr, System.Int32, System.IntPtr, System.Int32, System.Boolean>.Item4"
Dynamic,Field,"System.Boolean System.ValueTuple<System.IntPtr, System.Int32, System.IntPtr, System.Int32, System.Boolean>.Item5"
Dynamic,Field,"System.Windows.Input.ICommand System.Collections.Generic.KeyValuePair<System.Windows.Input.ICommand, System.Runtime.InteropServices.WindowsRuntime.EventRegistrationTokenTable<System.EventHandler>>.key"
Dynamic,Field,"System.Runtime.InteropServices.WindowsRuntime.EventRegistrationTokenTable<System.EventHandler> System.Collections.Generic.KeyValuePair<System.Windows.Input.ICommand, System.Runtime.InteropServices.WindowsRuntime.EventRegistrationTokenTable<System.EventHandler>>.value"
Dynamic,Field,"System.ComponentModel.INotifyPropertyChanged System.Collections.Generic.KeyValuePair<System.ComponentModel.INotifyPropertyChanged, System.Runtime.InteropServices.WindowsRuntime.EventRegistrationTokenTable<System.ComponentModel.PropertyChangedEventHandler>>.key"
Dynamic,Field,"System.Runtime.InteropServices.WindowsRuntime.EventRegistrationTokenTable<System.ComponentModel.PropertyChangedEventHandler> System.Collections.Generic.KeyValuePair<System.ComponentModel.INotifyPropertyChanged, System.Runtime.InteropServices.WindowsRuntime.EventRegistrationTokenTable<System.ComponentModel.PropertyChangedEventHandler>>.value"
Dynamic,Field,"System.Collections.Specialized.INotifyCollectionChanged System.Collections.Generic.KeyValuePair<System.Collections.Specialized.INotifyCollectionChanged, System.Runtime.InteropServices.WindowsRuntime.EventRegistrationTokenTable<System.Collections.Specialized.NotifyCollectionChangedEventHandler>>.key"
Dynamic,Field,"System.Runtime.InteropServices.WindowsRuntime.EventRegistrationTokenTable<System.Collections.Specialized.NotifyCollectionChangedEventHandler> System.Collections.Generic.KeyValuePair<System.Collections.Specialized.INotifyCollectionChanged, System.Runtime.InteropServices.WindowsRuntime.EventRegistrationTokenTable<System.Collections.Specialized.NotifyCollectionChangedEventHandler>>.value"
Dynamic,Field,"System.Runtime.InteropServices.WindowsRuntime.EventRegistrationToken System.Collections.Generic.KeyValuePair<System.Runtime.InteropServices.WindowsRuntime.EventRegistrationToken, System.EventHandler>.key"
Dynamic,Field,"System.EventHandler System.Collections.Generic.KeyValuePair<System.Runtime.InteropServices.WindowsRuntime.EventRegistrationToken, System.EventHandler>.value"
Dynamic,Field,"System.Runtime.InteropServices.WindowsRuntime.EventRegistrationToken System.Collections.Generic.KeyValuePair<System.Runtime.InteropServices.WindowsRuntime.EventRegistrationToken, System.ComponentModel.PropertyChangedEventHandler>.key"
Dynamic,Field,"System.ComponentModel.PropertyChangedEventHandler System.Collections.Generic.KeyValuePair<System.Runtime.InteropServices.WindowsRuntime.EventRegistrationToken, System.ComponentModel.PropertyChangedEventHandler>.value"
Dynamic,Field,"System.Runtime.InteropServices.WindowsRuntime.EventRegistrationToken System.Collections.Generic.KeyValuePair<System.Runtime.InteropServices.WindowsRuntime.EventRegistrationToken, System.Collections.Specialized.NotifyCollectionChangedEventHandler>.key"
Dynamic,Field,"System.Collections.Specialized.NotifyCollectionChangedEventHandler System.Collections.Generic.KeyValuePair<System.Runtime.InteropServices.WindowsRuntime.EventRegistrationToken, System.Collections.Specialized.NotifyCollectionChangedEventHandler>.value"
Dynamic,Field,"System.Char[][] System.Collections.Generic.KeyValuePair<System.Char[][], System.Object>.key"
Dynamic,Field,"System.Object System.Collections.Generic.KeyValuePair<System.Char[][], System.Object>.value"
Dynamic,Field,"System.Int32[][] System.Collections.Generic.KeyValuePair<System.Int32[][], System.Object>.key"
Dynamic,Field,"System.Object System.Collections.Generic.KeyValuePair<System.Int32[][], System.Object>.value"
Dynamic,Field,"System.Object System.Collections.Generic.KeyValuePair<System.Object, System.IO.Stream>.key"
Dynamic,Field,"System.IO.Stream System.Collections.Generic.KeyValuePair<System.Object, System.IO.Stream>.value"
Dynamic,Method,"System.Void Fake.Main()"
Dynamic,Method,"System.Void Fake..ctor()"
Dynamic,Method,"System.Void Windows.UI.Xaml.LayoutCycleException..ctor()"
Dynamic,Method,"System.Void Windows.UI.Xaml.LayoutCycleException..ctor(System.String message)"
Dynamic,Method,"System.Void Windows.UI.Xaml.LayoutCycleException..ctor(System.String message, System.Exception innerException)"
Dynamic,Method,"System.Void Windows.UI.Xaml.Markup.XamlParseException..ctor()"
Dynamic,Method,"System.Void Windows.UI.Xaml.Markup.XamlParseException..ctor(System.String message)"
Dynamic,Method,"System.Void Windows.UI.Xaml.Markup.XamlParseException..ctor(System.String message, System.Exception innerException)"
Dynamic,Method,"System.Void Windows.UI.Xaml.Automation.ElementNotAvailableException..ctor()"
Dynamic,Method,"System.Void Windows.UI.Xaml.Automation.ElementNotAvailableException..ctor(System.String message)"
Dynamic,Method,"System.Void Windows.UI.Xaml.Automation.ElementNotAvailableException..ctor(System.String message, System.Exception innerException)"
Dynamic,Method,"System.Void Windows.UI.Xaml.Automation.ElementNotEnabledException..ctor()"
Dynamic,Method,"System.Void Windows.UI.Xaml.Automation.ElementNotEnabledException..ctor(System.String message)"
Dynamic,Method,"System.Void Windows.UI.Xaml.Automation.ElementNotEnabledException..ctor(System.String message, System.Exception innerException)"
Dynamic,Method,"System.String System.Diagnostics.Tracing.EventSourceAttribute.Name.get()"
Dynamic,Method,"System.Void System.Diagnostics.Tracing.EventSourceAttribute.Name.set(System.String value)"
Dynamic,Method,"System.String System.Diagnostics.Tracing.EventSourceAttribute.Guid.get()"
Dynamic,Method,"System.Void System.Diagnostics.Tracing.EventSourceAttribute.Guid.set(System.String value)"
Dynamic,Method,"System.String System.Diagnostics.Tracing.EventSourceAttribute.LocalizationResources.get()"
Dynamic,Method,"System.Void System.Diagnostics.Tracing.EventSourceAttribute.LocalizationResources.set(System.String value)"
Dynamic,Method,"System.Void System.Diagnostics.Tracing.EventSourceAttribute..ctor()"
Dynamic,Method,"System.Void System.Diagnostics.Tracing.EventAttribute..ctor(System.Int32 eventId)"
Dynamic,Method,"System.Int32 System.Diagnostics.Tracing.EventAttribute.EventId.get()"
Dynamic,Method,"System.Diagnostics.Tracing.EventLevel System.Diagnostics.Tracing.EventAttribute.Level.get()"
Dynamic,Method,"System.Void System.Diagnostics.Tracing.EventAttribute.Level.set(System.Diagnostics.Tracing.EventLevel value)"
Dynamic,Method,"System.Diagnostics.Tracing.EventKeywords System.Diagnostics.Tracing.EventAttribute.Keywords.get()"
Dynamic,Method,"System.Void System.Diagnostics.Tracing.EventAttribute.Keywords.set(System.Diagnostics.Tracing.EventKeywords value)"
Dynamic,Method,"System.Diagnostics.Tracing.EventOpcode System.Diagnostics.Tracing.EventAttribute.Opcode.get()"
Dynamic,Method,"System.Void System.Diagnostics.Tracing.EventAttribute.Opcode.set(System.Diagnostics.Tracing.EventOpcode value)"
Dynamic,Method,"System.Diagnostics.Tracing.EventTask System.Diagnostics.Tracing.EventAttribute.Task.get()"
Dynamic,Method,"System.Void System.Diagnostics.Tracing.EventAttribute.Task.set(System.Diagnostics.Tracing.EventTask value)"
Dynamic,Method,"System.Diagnostics.Tracing.EventChannel System.Diagnostics.Tracing.EventAttribute.Channel.get()"
Dynamic,Method,"System.Void System.Diagnostics.Tracing.EventAttribute.Channel.set(System.Diagnostics.Tracing.EventChannel value)"
Dynamic,Method,"System.Byte System.Diagnostics.Tracing.EventAttribute.Version.get()"
Dynamic,Method,"System.Void System.Diagnostics.Tracing.EventAttribute.Version.set(System.Byte value)"
Dynamic,Method,"System.String System.Diagnostics.Tracing.EventAttribute.Message.get()"
Dynamic,Method,"System.Void System.Diagnostics.Tracing.EventAttribute.Message.set(System.String value)"
Dynamic,Method,"System.Diagnostics.Tracing.EventTags System.Diagnostics.Tracing.EventAttribute.Tags.get()"
Dynamic,Method,"System.Void System.Diagnostics.Tracing.EventAttribute.Tags.set(System.Diagnostics.Tracing.EventTags value)"
Dynamic,Method,"System.Diagnostics.Tracing.EventActivityOptions System.Diagnostics.Tracing.EventAttribute.ActivityOptions.get()"
Dynamic,Method,"System.Void System.Diagnostics.Tracing.EventAttribute.ActivityOptions.set(System.Diagnostics.Tracing.EventActivityOptions value)"
Dynamic,Method,"System.String System.Diagnostics.Tracing.EventDataAttribute.Name.get()"
Dynamic,Method,"System.Void System.Diagnostics.Tracing.EventDataAttribute.Name.set(System.String value)"
Dynamic,Method,"System.Void System.Diagnostics.Tracing.EventDataAttribute..ctor()"
Dynamic,Method,"System.Void Internal.Runtime.CompilerServices.HasEmbeddedStringResourcesAttribute..ctor()"
Dynamic,Method,"System.Void System.Diagnostics.Tracing.PropertyValue.ReferenceTypeHelper<System.Object>..ctor()"
Dynamic,Method,"System.String System.Diagnostics.Tracing.EventSource.Name.get()"
Dynamic,Method,"System.Guid System.Diagnostics.Tracing.EventSource.Guid.get()"
Dynamic,Method,"System.Boolean System.Diagnostics.Tracing.EventSource.IsEnabled()"
Dynamic,Method,"System.Boolean System.Diagnostics.Tracing.EventSource.IsEnabled(System.Diagnostics.Tracing.EventLevel level, System.Diagnostics.Tracing.EventKeywords keywords)"
Dynamic,Method,"System.Boolean System.Diagnostics.Tracing.EventSource.IsEnabled(System.Diagnostics.Tracing.EventLevel level, System.Diagnostics.Tracing.EventKeywords keywords, System.Diagnostics.Tracing.EventChannel channel)"
Dynamic,Method,"System.Diagnostics.Tracing.EventSourceSettings System.Diagnostics.Tracing.EventSource.Settings.get()"
Dynamic,Method,"System.Guid System.Diagnostics.Tracing.EventSource.GetGuid(System.Type eventSourceType)"
Dynamic,Method,"System.String System.Diagnostics.Tracing.EventSource.GetName(System.Type eventSourceType)"
Dynamic,Method,"System.String System.Diagnostics.Tracing.EventSource.GenerateManifest(System.Type eventSourceType, System.String assemblyPathToIncludeInManifest)"
Dynamic,Method,"System.String System.Diagnostics.Tracing.EventSource.GenerateManifest(System.Type eventSourceType, System.String assemblyPathToIncludeInManifest, System.Diagnostics.Tracing.EventManifestOptions flags)"
Dynamic,Method,"System.Collections.Generic.IEnumerable<System.Diagnostics.Tracing.EventSource> System.Diagnostics.Tracing.EventSource.GetSources()"
Dynamic,Method,"System.Void System.Diagnostics.Tracing.EventSource.SendCommand(System.Diagnostics.Tracing.EventSource eventSource, System.Diagnostics.Tracing.EventCommand command, System.Collections.Generic.IDictionary<System.String, System.String> commandArguments)"
Dynamic,Method,"System.Exception System.Diagnostics.Tracing.EventSource.ConstructionException.get()"
Dynamic,Method,"System.String System.Diagnostics.Tracing.EventSource.GetTrait(System.String key)"
Dynamic,Method,"System.String System.Diagnostics.Tracing.EventSource.ToString()"
Dynamic,Method,"System.Void System.Diagnostics.Tracing.EventSource.add_EventCommandExecuted(System.EventHandler<System.Diagnostics.Tracing.EventCommandEventArgs> value)"
Dynamic,Method,"System.Void System.Diagnostics.Tracing.EventSource.remove_EventCommandExecuted(System.EventHandler<System.Diagnostics.Tracing.EventCommandEventArgs> value)"
Dynamic,Method,"System.Void System.Diagnostics.Tracing.EventSource..ctor()"
Dynamic,Method,"System.Void System.Diagnostics.Tracing.EventSource..ctor(System.Boolean throwOnEventWriteErrors)"
Dynamic,Method,"System.Void System.Diagnostics.Tracing.EventSource..ctor(System.Diagnostics.Tracing.EventSourceSettings settings)"
Dynamic,Method,"System.Void System.Diagnostics.Tracing.EventSource..ctor(System.Diagnostics.Tracing.EventSourceSettings settings, params System.String[] traits)"
Dynamic,Method,"System.Void System.Diagnostics.Tracing.EventSource.OnEventCommand(System.Diagnostics.Tracing.EventCommandEventArgs command)"
Dynamic,Method,"System.Void System.Diagnostics.Tracing.EventSource.WriteEvent(System.Int32 eventId)"
Dynamic,Method,"System.Void System.Diagnostics.Tracing.EventSource.WriteEvent(System.Int32 eventId, System.Int32 arg1)"
Dynamic,Method,"System.Void System.Diagnostics.Tracing.EventSource.WriteEvent(System.Int32 eventId, System.Int32 arg1, System.Int32 arg2)"
Dynamic,Method,"System.Void System.Diagnostics.Tracing.EventSource.WriteEvent(System.Int32 eventId, System.Int32 arg1, System.Int32 arg2, System.Int32 arg3)"
Dynamic,Method,"System.Void System.Diagnostics.Tracing.EventSource.WriteEvent(System.Int32 eventId, System.Int64 arg1)"
Dynamic,Method,"System.Void System.Diagnostics.Tracing.EventSource.WriteEvent(System.Int32 eventId, System.Int64 arg1, System.Int64 arg2)"
Dynamic,Method,"System.Void System.Diagnostics.Tracing.EventSource.WriteEvent(System.Int32 eventId, System.Int64 arg1, System.Int64 arg2, System.Int64 arg3)"
Dynamic,Method,"System.Void System.Diagnostics.Tracing.EventSource.WriteEvent(System.Int32 eventId, System.String arg1)"
Dynamic,Method,"System.Void System.Diagnostics.Tracing.EventSource.WriteEvent(System.Int32 eventId, System.String arg1, System.String arg2)"
Dynamic,Method,"System.Void System.Diagnostics.Tracing.EventSource.WriteEvent(System.Int32 eventId, System.String arg1, System.String arg2, System.String arg3)"
Dynamic,Method,"System.Void System.Diagnostics.Tracing.EventSource.WriteEvent(System.Int32 eventId, System.String arg1, System.Int32 arg2)"
Dynamic,Method,"System.Void System.Diagnostics.Tracing.EventSource.WriteEvent(System.Int32 eventId, System.String arg1, System.Int32 arg2, System.Int32 arg3)"
Dynamic,Method,"System.Void System.Diagnostics.Tracing.EventSource.WriteEvent(System.Int32 eventId, System.String arg1, System.Int64 arg2)"
Dynamic,Method,"System.Void System.Diagnostics.Tracing.EventSource.WriteEvent(System.Int32 eventId, System.Int64 arg1, System.String arg2)"
Dynamic,Method,"System.Void System.Diagnostics.Tracing.EventSource.WriteEvent(System.Int32 eventId, System.Int32 arg1, System.String arg2)"
Dynamic,Method,"System.Void System.Diagnostics.Tracing.EventSource.WriteEvent(System.Int32 eventId, System.Byte[] arg1)"
Dynamic,Method,"System.Void System.Diagnostics.Tracing.EventSource.WriteEvent(System.Int32 eventId, System.Int64 arg1, System.Byte[] arg2)"
Dynamic,Method,"System.Void System.Diagnostics.Tracing.EventSource.WriteEventCore(System.Int32 eventId, System.Int32 eventDataCount, System.Diagnostics.Tracing.EventSource.EventData* data)"
Dynamic,Method,"System.Void System.Diagnostics.Tracing.EventSource.WriteEventWithRelatedActivityIdCore(System.Int32 eventId, System.Guid* relatedActivityId, System.Int32 eventDataCount, System.Diagnostics.Tracing.EventSource.EventData* data)"
Dynamic,Method,"System.Void System.Diagnostics.Tracing.EventSource.WriteEvent(System.Int32 eventId, params System.Object[] args)"
Dynamic,Method,"System.Void System.Diagnostics.Tracing.EventSource.WriteEventWithRelatedActivityId(System.Int32 eventId, System.Guid relatedActivityId, params System.Object[] args)"
Dynamic,Method,"System.Void System.Diagnostics.Tracing.EventSource.Dispose()"
Dynamic,Method,"System.Void System.Diagnostics.Tracing.EventSource.Dispose(System.Boolean disposing)"
Dynamic,Method,"System.Void System.Diagnostics.Tracing.EventSource.Finalize()"
Dynamic,Method,"System.Void System.Diagnostics.Tracing.EventSource..ctor(System.String eventSourceName)"
Dynamic,Method,"System.Void System.Diagnostics.Tracing.EventSource..ctor(System.String eventSourceName, System.Diagnostics.Tracing.EventSourceSettings config)"
Dynamic,Method,"System.Void System.Diagnostics.Tracing.EventSource..ctor(System.String eventSourceName, System.Diagnostics.Tracing.EventSourceSettings config, params System.String[] traits)"
Dynamic,Method,"System.Void System.Diagnostics.Tracing.EventSource.Write(System.String eventName)"
Dynamic,Method,"System.Void System.Diagnostics.Tracing.EventSource.Write(System.String eventName, System.Diagnostics.Tracing.EventSourceOptions options)"
Dynamic,Method,"System.Void System.Diagnostics.Tracing.EventSource.Write<T>(System.String eventName, T data)"
Dynamic,Method,"System.Void System.Diagnostics.Tracing.EventSource.Write<T>(System.String eventName, System.Diagnostics.Tracing.EventSourceOptions options, T data)"
Dynamic,Method,"System.Void System.Diagnostics.Tracing.EventSource.Write<T>(System.String eventName, ref System.Diagnostics.Tracing.EventSourceOptions options, ref T data)"
Dynamic,Method,"System.Void System.Diagnostics.Tracing.EventSource.Write<T>(System.String eventName, ref System.Diagnostics.Tracing.EventSourceOptions options, ref System.Guid activityId, ref System.Guid relatedActivityId, ref T data)"
Dynamic,Method,"System.Void System.Diagnostics.Tracing.EventSource.SetCurrentThreadActivityId(System.Guid activityId)"
Dynamic,Method,"System.Void System.Diagnostics.Tracing.EventSource.SetCurrentThreadActivityId(System.Guid activityId, out System.Guid oldActivityThatWillContinue)"
Dynamic,Method,"System.Guid System.Diagnostics.Tracing.EventSource.CurrentThreadActivityId.get()"
Dynamic,Method,"System.Void System.Runtime.CompilerServices.CompilationRelaxationsAttribute..ctor(System.Int32 relaxations)"
Dynamic,Method,"System.Void System.Runtime.CompilerServices.RuntimeCompatibilityAttribute..ctor()"
Dynamic,Method,"System.Void System.Runtime.CompilerServices.RuntimeCompatibilityAttribute.WrapNonExceptionThrows.set(System.Boolean value)"
Dynamic,Method,"System.Void System.Diagnostics.DebuggableAttribute..ctor(System.Diagnostics.DebuggableAttribute.DebuggingModes modes)"
Dynamic,Method,"System.Void System.Runtime.CompilerServices.ExtensionAttribute..ctor()"
Dynamic,Method,"System.Void System.Reflection.AssemblyTitleAttribute..ctor(System.String title)"
Dynamic,Method,"System.Void System.Reflection.AssemblyDescriptionAttribute..ctor(System.String description)"
Dynamic,Method,"System.Void System.Reflection.AssemblyDefaultAliasAttribute..ctor(System.String defaultAlias)"
Dynamic,Method,"System.Void System.Reflection.AssemblyCompanyAttribute..ctor(System.String company)"
Dynamic,Method,"System.Void System.Reflection.AssemblyProductAttribute..ctor(System.String product)"
Dynamic,Method,"System.Void System.Reflection.AssemblyCopyrightAttribute..ctor(System.String copyright)"
Dynamic,Method,"System.Void System.Reflection.AssemblyFileVersionAttribute..ctor(System.String version)"
Dynamic,Method,"System.Void System.Reflection.AssemblyInformationalVersionAttribute..ctor(System.String informationalVersion)"
Dynamic,Method,"System.Void System.CLSCompliantAttribute..ctor(System.Boolean isCompliant)"
Dynamic,Method,"System.Void System.Reflection.AssemblyMetadataAttribute..ctor(System.String key, System.String value)"
Dynamic,Method,"System.Void System.Resources.NeutralResourcesLanguageAttribute..ctor(System.String cultureName)"
Dynamic,Method,"System.Void System.Runtime.InteropServices.DefaultDllImportSearchPathsAttribute..ctor(System.Runtime.InteropServices.DllImportSearchPath paths)"
Dynamic,Method,"System.Void System.Reflection.AssemblyConfigurationAttribute..ctor(System.String configuration)"
Dynamic,Method,"System.Void System.Reflection.AssemblyTrademarkAttribute..ctor(System.String trademark)"
Dynamic,Method,"System.Void System.Runtime.InteropServices.ComVisibleAttribute..ctor(System.Boolean visibility)"
Dynamic,Method,"System.Void System.Runtime.Versioning.TargetFrameworkAttribute..ctor(System.String frameworkName)"
Dynamic,Method,"System.Void System.Runtime.Versioning.TargetFrameworkAttribute.FrameworkDisplayName.set(System.String value)"
Dynamic,Method,"System.Void System.Reflection.AssemblyDelaySignAttribute..ctor(System.Boolean delaySign)"
Dynamic,Method,"System.Void System.Reflection.AssemblyKeyFileAttribute..ctor(System.String keyFile)"
Dynamic,Method,"System.Void System.Windows.Input.ICommand.add_CanExecuteChanged(System.EventHandler value)"
Dynamic,Method,"System.Void System.Windows.Input.ICommand.remove_CanExecuteChanged(System.EventHandler value)"
Dynamic,Method,"System.Void System.EventHandler.Invoke(System.Object sender, System.EventArgs e)"
Dynamic,Method,"System.Void System.Collections.Specialized.INotifyCollectionChanged.add_CollectionChanged(System.Collections.Specialized.NotifyCollectionChangedEventHandler value)"
Dynamic,Method,"System.Void System.Collections.Specialized.INotifyCollectionChanged.remove_CollectionChanged(System.Collections.Specialized.NotifyCollectionChangedEventHandler value)"
Dynamic,Method,"System.Void System.Collections.Specialized.NotifyCollectionChangedEventHandler.Invoke(System.Object sender, System.Collections.Specialized.NotifyCollectionChangedEventArgs e)"
Dynamic,Method,"System.Void System.ComponentModel.INotifyPropertyChanged.add_PropertyChanged(System.ComponentModel.PropertyChangedEventHandler value)"
Dynamic,Method,"System.Void System.ComponentModel.INotifyPropertyChanged.remove_PropertyChanged(System.ComponentModel.PropertyChangedEventHandler value)"
Dynamic,Method,"System.Void System.ComponentModel.PropertyChangedEventHandler.Invoke(System.Object sender, System.ComponentModel.PropertyChangedEventArgs e)"
Dynamic,Method,"System.Void Windows.UI.Xaml.Data.ICustomProperty.SetValue(System.Object target, System.Object value)"
Dynamic,Method,"System.Void System.Collections.IDictionary.Item.set(System.Object key, System.Object value)"
Dynamic,Method,"System.Void System.Collections.IDictionary.Add(System.Object key, System.Object value)"
Dynamic,Method,"System.Void System.Reflection.FieldInfo.SetValue(System.Object obj, System.Object value)"
Dynamic,Method,"System.Void System.Reflection.PropertyInfo.SetValue(System.Object obj, System.Object value)"
Dynamic,Method,"System.Void System.Runtime.CompilerServices.TypeForwardedFromAttribute..ctor(System.String assemblyFullName)"
Dynamic,Method,"System.Void System.Diagnostics.DebuggerDisplayAttribute..ctor(System.String value)"
Dynamic,Method,"System.Void System.ObsoleteAttribute..ctor(System.String message)"
Dynamic,Method,"System.Void System.Runtime.CompilerServices.IsReadOnlyAttribute..ctor()"
Dynamic,Method,"System.Void System.Reflection.DefaultMemberAttribute..ctor(System.String memberName)"
Dynamic,Method,"System.Void System.AttributeUsageAttribute..ctor(System.AttributeTargets validOn)"
Dynamic,Method,"System.Void Windows.Foundation.Metadata.ContractVersionAttribute..ctor(System.Type contract, System.UInt32 version)"
Dynamic,Method,"System.Void Windows.Foundation.Metadata.GuidAttribute..ctor(System.UInt32 a, System.UInt16 b, System.UInt16 c, System.Byte d, System.Byte e, System.Byte f, System.Byte g, System.Byte h, System.Byte i, System.Byte j, System.Byte k)"
Dynamic,Method,"System.Void System.ParamArrayAttribute..ctor()"
Dynamic,Method,"System.Int32 System.Collections.Generic.ICollection<T>.Count.get()"
Dynamic,Method,"System.Boolean System.Collections.Generic.ICollection<T>.IsReadOnly.get()"
Dynamic,Method,"System.Void System.Collections.Generic.ICollection<T>.Add(T item)"
Dynamic,Method,"System.Void System.Collections.Generic.ICollection<T>.Clear()"
Dynamic,Method,"System.Boolean System.Collections.Generic.ICollection<T>.Contains(T item)"
Dynamic,Method,"System.Void System.Collections.Generic.ICollection<T>.CopyTo(T[] array, System.Int32 arrayIndex)"
Dynamic,Method,"System.Boolean System.Collections.Generic.ICollection<T>.Remove(T item)"
Dynamic,Method,"System.Int32 System.Collections.Generic.IReadOnlyCollection<T>.Count.get()"
Dynamic,Method,"T[] Windows.Foundation.IReferenceArray<T>.Value.get()"
Dynamic,Method,"T Windows.Foundation.Collections.IIterator<T>.Current.get()"
Dynamic,Method,"System.Boolean Windows.Foundation.Collections.IIterator<T>.HasCurrent.get()"
Dynamic,Method,"System.Boolean Windows.Foundation.Collections.IIterator<T>.MoveNext()"
Dynamic,Method,"System.UInt32 Windows.Foundation.Collections.IIterator<T>.GetMany(out T[] items)"
Dynamic,Method,"System.Void Windows.Foundation.IAsyncOperation<TResult>.put_Completed(Windows.Foundation.AsyncOperationCompletedHandler<TResult> handler)"
Dynamic,Method,"Windows.Foundation.AsyncOperationCompletedHandler<TResult> Windows.Foundation.IAsyncOperation<TResult>.Completed.get()"
Dynamic,Method,"TResult Windows.Foundation.IAsyncOperation<TResult>.GetResults()"
Dynamic,Method,"System.Void Windows.Foundation.AsyncOperationCompletedHandler<TResult>.Invoke(Windows.Foundation.IAsyncOperation<TResult> asyncInfo, Windows.Foundation.AsyncStatus asyncStatus)"
Dynamic,Method,"System.Void Windows.Foundation.AsyncOperationCompletedHandler<TResult>..ctor(System.Object object, System.IntPtr method)"
Dynamic,Method,"System.Collections.Generic.IEnumerator<T> System.Collections.Generic.IEnumerable<T>.GetEnumerator()"
Dynamic,Method,"System.Object System.Runtime.InteropServices.WindowsRuntime.IIterableOfT_CCWAdapter<T>.GetVTable()"
Dynamic,Method,"System.Object System.Runtime.InteropServices.WindowsRuntime.IIteratorOfT_CCWAdapter<T>.GetVTable()"
Dynamic,Method,"System.Object System.Runtime.InteropServices.WindowsRuntime.IVector_CCWAdapter<T>.GetVTable()"
Dynamic,Method,"System.Object System.Runtime.InteropServices.WindowsRuntime.IVectorView_CCWAdapter<T>.GetVTable()"
Dynamic,Method,"System.Object System.Runtime.InteropServices.WindowsRuntime.IMap_CCWAdapter<K, V>.GetVTable()"
Dynamic,Method,"System.Object System.Runtime.InteropServices.WindowsRuntime.IMapView_CCWAdapter<K, V>.GetVTable()"
Dynamic,Method,"System.Object System.Runtime.InteropServices.WindowsRuntime.IKeyValuePair_CCWAdapter<K, V>.GetVTable()"
Dynamic,Method,"System.Object System.Runtime.InteropServices.WindowsRuntime.IReference_CCWAdapter<T>.GetVTable()"
Dynamic,Method,"System.Object System.Runtime.InteropServices.WindowsRuntime.IReferenceArray_CCWAdapter<T>.GetVTable()"
Dynamic,Method,"System.Object System.Runtime.InteropServices.WindowsRuntime.EventHandler_CCWAdapter<TEventArgs>.GetVTable()"
Dynamic,Method,"System.Void System.AttributeUsageAttribute.Inherited.set(System.Boolean value)"
Dynamic,Method,"System.Void System.AttributeUsageAttribute.AllowMultiple.set(System.Boolean value)"
Dynamic,Method,"System.IntPtr System.Diagnostics.Tracing.EventSource.EventData.DataPointer.get()"
Dynamic,Method,"System.Void System.Diagnostics.Tracing.EventSource.EventData.DataPointer.set(System.IntPtr value)"
Dynamic,Method,"System.Int32 System.Diagnostics.Tracing.EventSource.EventData.Size.get()"
Dynamic,Method,"System.Void System.Diagnostics.Tracing.EventSource.EventData.Size.set(System.Int32 value)"
Dynamic,Method,"System.Void System.IntPtr..ctor(System.Int32 value)"
Dynamic,Method,"System.Void System.IntPtr..ctor(System.Int64 value)"
Dynamic,Method,"System.Void System.IntPtr..ctor(System.Void* value)"
Dynamic,Method,"System.Boolean System.IntPtr.Equals(System.Object obj)"
Dynamic,Method,"System.Int32 System.IntPtr.GetHashCode()"
Dynamic,Method,"System.Int32 System.IntPtr.ToInt32()"
Dynamic,Method,"System.Int64 System.IntPtr.ToInt64()"
Dynamic,Method,"System.IntPtr System.IntPtr.op_Explicit(System.Int32 value)"
Dynamic,Method,"System.IntPtr System.IntPtr.op_Explicit(System.Int64 value)"
Dynamic,Method,"System.IntPtr System.IntPtr.op_Explicit(System.Void* value)"
Dynamic,Method,"System.Void* System.IntPtr.op_Explicit(System.IntPtr value)"
Dynamic,Method,"System.Int32 System.IntPtr.op_Explicit(System.IntPtr value)"
Dynamic,Method,"System.Int64 System.IntPtr.op_Explicit(System.IntPtr value)"
Dynamic,Method,"System.Boolean System.IntPtr.op_Equality(System.IntPtr value1, System.IntPtr value2)"
Dynamic,Method,"System.Boolean System.IntPtr.op_Inequality(System.IntPtr value1, System.IntPtr value2)"
Dynamic,Method,"System.IntPtr System.IntPtr.Add(System.IntPtr pointer, System.Int32 offset)"
Dynamic,Method,"System.IntPtr System.IntPtr.op_Addition(System.IntPtr pointer, System.Int32 offset)"
Dynamic,Method,"System.IntPtr System.IntPtr.Subtract(System.IntPtr pointer, System.Int32 offset)"
Dynamic,Method,"System.IntPtr System.IntPtr.op_Subtraction(System.IntPtr pointer, System.Int32 offset)"
Dynamic,Method,"System.Int32 System.IntPtr.Size.get()"
Dynamic,Method,"System.Void* System.IntPtr.ToPointer()"
Dynamic,Method,"System.String System.IntPtr.ToString()"
Dynamic,Method,"System.String System.IntPtr.ToString(System.String format)"
Dynamic,Method,"System.Void System.Runtime.CompilerServices.CompilerGeneratedAttribute..ctor()"
Dynamic,Method,"System.Void System.Security.SecuritySafeCriticalAttribute..ctor()"
Dynamic,Method,"System.Void System.Diagnostics.DebuggerHiddenAttribute..ctor()"
Dynamic,Method,"System.Void System.Diagnostics.DebuggerStepThroughAttribute..ctor()"
Dynamic,Method,"System.Void Windows.Foundation.Metadata.LengthIsAttribute..ctor(System.Int32 indexLengthParameter)"
Dynamic,Method,"System.Void System.FlagsAttribute..ctor()"
Dynamic,Method,"System.Void Windows.Foundation.Metadata.WebHostHiddenAttribute..ctor()"
Dynamic,Method,"System.Void System.ComponentModel.EditorBrowsableAttribute..ctor(System.ComponentModel.EditorBrowsableState state)"
Dynamic,Method,"System.Void Windows.Foundation.Metadata.AllowMultipleAttribute..ctor()"
Dynamic,Method,"System.Void Windows.Foundation.Metadata.ContractVersionAttribute..ctor(System.UInt32 version)"
Dynamic,Method,"System.Void Windows.Foundation.Metadata.ApiContractAttribute..ctor()"
Dynamic,Method,"System.Void System.Collections.ListDictionaryInternal.Item.set(System.Object key, System.Object value)"
Dynamic,Method,"System.Void System.Collections.ListDictionaryInternal.Add(System.Object key, System.Object value)"
Dynamic,Method,"System.Void System.Collections.DictionaryEntry..ctor(System.Object key, System.Object value)"
Dynamic,Method,"System.Void System.Collections.DictionaryEntry.Deconstruct(out System.Object key, out System.Object value)"
Dynamic,Method,"System.Void System.Collections.Generic.IDictionary<System.Object, System.Object>.Item.set(System.Object, System.Object)"
Dynamic,Method,"System.Void System.Collections.Generic.IDictionary<System.Object, System.Object>.Add(System.Object, System.Object)"
Dynamic,Method,"System.Void System.Object.Finalize()"
Dynamic,Method,"System.Type System.Object.GetType()"
Dynamic,Method,"System.String System.Object.ToString()"
Dynamic,Method,"System.Boolean System.Object.Equals(System.Object obj)"
Dynamic,Method,"System.Boolean System.Object.Equals(System.Object objA, System.Object objB)"
Dynamic,Method,"System.Boolean System.Object.ReferenceEquals(System.Object objA, System.Object objB)"
Dynamic,Method,"System.Int32 System.Object.GetHashCode()"
Dynamic,Method,"System.Object System.Object.MemberwiseClone()"
Dynamic,Method,"System.Void Windows.Foundation.Metadata.ContractVersionAttribute..ctor(System.String contract, System.UInt32 version)"
Dynamic,Method,"System.Boolean System.Reflection.MemberFilter.Invoke(System.Reflection.MemberInfo m, System.Object filterCriteria)"
Dynamic,Method,"System.Void System.EventHandler<System.Diagnostics.Tracing.EventCommandEventArgs>.Invoke(System.Object, System.Diagnostics.Tracing.EventCommandEventArgs)"
Dynamic,Method,"System.Void System.EventHandler<System.Diagnostics.Tracing.EventWrittenEventArgs>.Invoke(System.Object, System.Diagnostics.Tracing.EventWrittenEventArgs)"
Dynamic,Method,"System.Void System.Diagnostics.DebuggerTypeProxyAttribute..ctor(System.Type type)"
Dynamic,Method,"System.Void System.MulticastDelegate..ctor(System.Object target, System.String method)"
Dynamic,Method,"System.Void System.MulticastDelegate..ctor(System.Type target, System.String method)"
Dynamic,Method,"System.Boolean System.MulticastDelegate.Equals(System.Object obj)"
Dynamic,Method,"System.Int32 System.MulticastDelegate.GetHashCode()"
Dynamic,Method,"System.Boolean System.MulticastDelegate.op_Equality(System.MulticastDelegate d1, System.MulticastDelegate d2)"
Dynamic,Method,"System.Boolean System.MulticastDelegate.op_Inequality(System.MulticastDelegate d1, System.MulticastDelegate d2)"
Dynamic,Method,"System.Delegate[] System.MulticastDelegate.GetInvocationList()"
Dynamic,Method,"System.Delegate System.MulticastDelegate.CombineImpl(System.Delegate follow)"
Dynamic,Method,"System.Delegate System.MulticastDelegate.RemoveImpl(System.Delegate value)"
Dynamic,Method,"System.Reflection.MethodInfo System.MulticastDelegate.GetMethodImpl()"
Dynamic,Method,"System.Void System.MulticastDelegate.GetObjectData(System.Runtime.Serialization.SerializationInfo info, System.Runtime.Serialization.StreamingContext context)"
Dynamic,Method,"System.Void System.Object..ctor()"
Dynamic,Method,"System.Void System.Exception..ctor()"
Dynamic,Method,"System.Void System.Exception..ctor(System.String message)"
Dynamic,Method,"System.Void System.Exception..ctor(System.String message, System.Exception innerException)"
Dynamic,Method,"System.Void System.Exception..ctor(System.Runtime.Serialization.SerializationInfo info, System.Runtime.Serialization.StreamingContext context)"
Dynamic,Method,"System.String System.Exception.Message.get()"
Dynamic,Method,"System.Type System.Exception.GetType()"
Dynamic,Method,"System.Collections.IDictionary System.Exception.Data.get()"
Dynamic,Method,"System.Reflection.MethodBase System.Exception.TargetSite.get()"
Dynamic,Method,"System.Void System.Exception.add_SerializeObjectState(System.EventHandler<System.Runtime.Serialization.SafeSerializationEventArgs> value)"
Dynamic,Method,"System.Void System.Exception.remove_SerializeObjectState(System.EventHandler<System.Runtime.Serialization.SafeSerializationEventArgs> value)"
Dynamic,Method,"System.Exception System.Exception.GetBaseException()"
Dynamic,Method,"System.Exception System.Exception.InnerException.get()"
Dynamic,Method,"System.Void System.Exception.GetObjectData(System.Runtime.Serialization.SerializationInfo info, System.Runtime.Serialization.StreamingContext context)"
Dynamic,Method,"System.String System.Exception.HelpLink.get()"
Dynamic,Method,"System.Void System.Exception.HelpLink.set(System.String value)"
Dynamic,Method,"System.String System.Exception.Source.get()"
Dynamic,Method,"System.Void System.Exception.Source.set(System.String value)"
Dynamic,Method,"System.String System.Exception.ToString()"
Dynamic,Method,"System.Int32 System.Exception.HResult.get()"
Dynamic,Method,"System.Void System.Exception.HResult.set(System.Int32 value)"
Dynamic,Method,"System.String System.Exception.StackTrace.get()"
Dynamic,Method,"System.Void System.Attribute..ctor()"
Dynamic,Method,"System.Boolean System.Attribute.Equals(System.Object obj)"
Dynamic,Method,"System.Int32 System.Attribute.GetHashCode()"
Dynamic,Method,"System.Void System.Diagnostics.Tracing.PropertyValue.ReferenceTypeHelper<TContainer>..ctor()"
Dynamic,Method,"System.String System.ValueType.ToString()"
Dynamic,Method,"System.Boolean System.ValueType.Equals(System.Object obj)"
Dynamic,Method,"System.Int32 System.ValueType.GetHashCode()"
Dynamic,Method,"System.Void System.ValueType..ctor()"
Dynamic,Method,"System.Int32 System.Boolean.GetHashCode()"
Dynamic,Method,"System.String System.Boolean.ToString()"
Dynamic,Method,"System.Boolean System.Boolean.Equals(System.Object obj)"
Dynamic,Method,"System.Boolean System.Boolean.Equals(System.Boolean obj)"
Dynamic,Method,"System.Int32 System.Boolean.CompareTo(System.Object obj)"
Dynamic,Method,"System.Void System.String..ctor(System.Char[] value)"
Dynamic,Method,"System.Void System.String..ctor(System.Char[] value, System.Int32 startIndex, System.Int32 length)"
Dynamic,Method,"System.Void System.String..ctor(System.Char* value)"
Dynamic,Method,"System.Void System.String..ctor(System.Char* value, System.Int32 startIndex, System.Int32 length)"
Dynamic,Method,"System.Void System.String..ctor(System.SByte* value)"
Dynamic,Method,"System.Void System.String..ctor(System.SByte* value, System.Int32 startIndex, System.Int32 length)"
Dynamic,Method,"System.Void System.String..ctor(System.SByte* value, System.Int32 startIndex, System.Int32 length, System.Text.Encoding enc)"
Dynamic,Method,"System.Void System.String..ctor(System.Char c, System.Int32 count)"
Dynamic,Method,"System.Void System.String..ctor(System.ReadOnlySpan<System.Char> value)"
Dynamic,Method,"System.String System.String.Create<TState>(System.Int32 length, TState state, System.Buffers.SpanAction<System.Char, TState> action)"
Dynamic,Method,"System.ReadOnlySpan<System.Char> System.String.op_Implicit(System.String value)"
Dynamic,Method,"System.Void System.String.CopyTo(System.Int32 sourceIndex, System.Char[] destination, System.Int32 destinationIndex, System.Int32 count)"
Dynamic,Method,"System.Char[] System.String.ToCharArray()"
Dynamic,Method,"System.Boolean System.String.IsNullOrEmpty(System.String value)"
Dynamic,Method,"System.Boolean System.String.IsNullOrWhiteSpace(System.String value)"
Dynamic,Method,"System.String System.String.ToString()"
Dynamic,Method,"System.String System.String.Normalize(System.Text.NormalizationForm normalizationForm)"
Dynamic,Method,"System.Int32 System.String.Compare(System.String strA, System.String strB, System.StringComparison comparisonType)"
Dynamic,Method,"System.Int32 System.String.Compare(System.String strA, System.Int32 indexA, System.String strB, System.Int32 indexB, System.Int32 length)"
Dynamic,Method,"System.Int32 System.String.CompareOrdinal(System.String strA, System.String strB)"
Dynamic,Method,"System.Int32 System.String.CompareTo(System.Object value)"
Dynamic,Method,"System.Int32 System.String.CompareTo(System.String strB)"
Dynamic,Method,"System.Boolean System.String.EndsWith(System.String value, System.StringComparison comparisonType)"
Dynamic,Method,"System.Boolean System.String.Equals(System.Object obj)"
Dynamic,Method,"System.Boolean System.String.Equals(System.String value)"
Dynamic,Method,"System.Boolean System.String.Equals(System.String value, System.StringComparison comparisonType)"
Dynamic,Method,"System.Boolean System.String.Equals(System.String a, System.String b)"
Dynamic,Method,"System.Boolean System.String.op_Equality(System.String a, System.String b)"
Dynamic,Method,"System.Boolean System.String.op_Inequality(System.String a, System.String b)"
Dynamic,Method,"System.Int32 System.String.GetHashCode()"
Dynamic,Method,"System.Boolean System.String.StartsWith(System.String value)"
Dynamic,Method,"System.Boolean System.String.StartsWith(System.String value, System.StringComparison comparisonType)"
Dynamic,Method,"System.String System.String.Concat(System.Object arg0)"
Dynamic,Method,"System.String System.String.Concat(System.Object arg0, System.Object arg1)"
Dynamic,Method,"System.String System.String.Concat(params System.Object[] args)"
Dynamic,Method,"System.String System.String.Concat(System.String str0, System.String str1)"
Dynamic,Method,"System.String System.String.Concat(System.String str0, System.String str1, System.String str2)"
Dynamic,Method,"System.String System.String.Concat(System.String str0, System.String str1, System.String str2, System.String str3)"
Dynamic,Method,"System.String System.String.Concat(params System.String[] values)"
Dynamic,Method,"System.String System.String.Format(System.String format, System.Object arg0)"
Dynamic,Method,"System.String System.String.Format(System.String format, System.Object arg0, System.Object arg1)"
Dynamic,Method,"System.String System.String.Format(System.String format, System.Object arg0, System.Object arg1, System.Object arg2)"
Dynamic,Method,"System.String System.String.Format(System.String format, params System.Object[] args)"
Dynamic,Method,"System.String System.String.Format(System.IFormatProvider provider, System.String format, System.Object arg0, System.Object arg1)"
Dynamic,Method,"System.String System.String.Format(System.IFormatProvider provider, System.String format, System.Object arg0, System.Object arg1, System.Object arg2)"
Dynamic,Method,"System.String System.String.Format(System.IFormatProvider provider, System.String format, params System.Object[] args)"
Dynamic,Method,"System.String System.String.Insert(System.Int32 startIndex, System.String value)"
Dynamic,Method,"System.String System.String.Join(System.String separator, params System.Object[] values)"
Dynamic,Method,"System.String System.String.Remove(System.Int32 startIndex, System.Int32 count)"
Dynamic,Method,"System.String System.String.Replace(System.Char oldChar, System.Char newChar)"
Dynamic,Method,"System.String System.String.Substring(System.Int32 startIndex)"
Dynamic,Method,"System.String System.String.Substring(System.Int32 startIndex, System.Int32 length)"
Dynamic,Method,"System.String System.String.ToLowerInvariant()"
Dynamic,Method,"System.String System.String.ToUpper()"
Dynamic,Method,"System.String System.String.ToUpperInvariant()"
Dynamic,Method,"System.String System.String.Trim()"
Dynamic,Method,"System.String System.String.Trim(params System.Char[] trimChars)"
Dynamic,Method,"System.Int32 System.String.IndexOf(System.Char value)"
Dynamic,Method,"System.Int32 System.String.IndexOf(System.Char value, System.Int32 startIndex)"
Dynamic,Method,"System.Int32 System.String.IndexOf(System.Char value, System.Int32 startIndex, System.Int32 count)"
Dynamic,Method,"System.Int32 System.String.IndexOfAny(System.Char[] anyOf)"
Dynamic,Method,"System.Int32 System.String.IndexOfAny(System.Char[] anyOf, System.Int32 startIndex, System.Int32 count)"
Dynamic,Method,"System.Int32 System.String.IndexOf(System.String value, System.Int32 startIndex)"
Dynamic,Method,"System.Int32 System.String.LastIndexOf(System.Char value)"
Dynamic,Method,"System.Char System.String.Chars.get(System.Int32 index)"
Dynamic,Method,"System.Int32 System.String.Length.get()"
Dynamic,Method,"System.Void System.Guid..ctor(System.Byte[] b)"
Dynamic,Method,"System.Void System.Guid..ctor(System.ReadOnlySpan<System.Byte> b)"
Dynamic,Method,"System.Void System.Guid..ctor(System.UInt32 a, System.UInt16 b, System.UInt16 c, System.Byte d, System.Byte e, System.Byte f, System.Byte g, System.Byte h, System.Byte i, System.Byte j, System.Byte k)"
Dynamic,Method,"System.Void System.Guid..ctor(System.Int32 a, System.Int16 b, System.Int16 c, System.Byte[] d)"
Dynamic,Method,"System.Void System.Guid..ctor(System.Int32 a, System.Int16 b, System.Int16 c, System.Byte d, System.Byte e, System.Byte f, System.Byte g, System.Byte h, System.Byte i, System.Byte j, System.Byte k)"
Dynamic,Method,"System.Void System.Guid..ctor(System.String g)"
Dynamic,Method,"System.Guid System.Guid.Parse(System.String input)"
Dynamic,Method,"System.Guid System.Guid.Parse(System.ReadOnlySpan<System.Char> input)"
Dynamic,Method,"System.Boolean System.Guid.TryParse(System.String input, out System.Guid result)"
Dynamic,Method,"System.Boolean System.Guid.TryParse(System.ReadOnlySpan<System.Char> input, out System.Guid result)"
Dynamic,Method,"System.Guid System.Guid.ParseExact(System.String input, System.String format)"
Dynamic,Method,"System.Guid System.Guid.ParseExact(System.ReadOnlySpan<System.Char> input, System.ReadOnlySpan<System.Char> format)"
Dynamic,Method,"System.Boolean System.Guid.TryParseExact(System.String input, System.String format, out System.Guid result)"
Dynamic,Method,"System.Boolean System.Guid.TryParseExact(System.ReadOnlySpan<System.Char> input, System.ReadOnlySpan<System.Char> format, out System.Guid result)"
Dynamic,Method,"System.Byte[] System.Guid.ToByteArray()"
Dynamic,Method,"System.Boolean System.Guid.TryWriteBytes(System.Span<System.Byte> destination)"
Dynamic,Method,"System.String System.Guid.ToString()"
Dynamic,Method,"System.Int32 System.Guid.GetHashCode()"
Dynamic,Method,"System.Boolean System.Guid.Equals(System.Object o)"
Dynamic,Method,"System.Boolean System.Guid.Equals(System.Guid g)"
Dynamic,Method,"System.Int32 System.Guid.CompareTo(System.Object value)"
Dynamic,Method,"System.Int32 System.Guid.CompareTo(System.Guid value)"
Dynamic,Method,"System.Boolean System.Guid.op_Equality(System.Guid a, System.Guid b)"
Dynamic,Method,"System.Boolean System.Guid.op_Inequality(System.Guid a, System.Guid b)"
Dynamic,Method,"System.String System.Guid.ToString(System.String format)"
Dynamic,Method,"System.String System.Guid.ToString(System.String format, System.IFormatProvider provider)"
Dynamic,Method,"System.Boolean System.Guid.TryFormat(System.Span<System.Char> destination, out System.Int32 charsWritten, System.ReadOnlySpan<System.Char> format)"
Dynamic,Method,"System.Guid System.Guid.NewGuid()"
Dynamic,Method,"System.Void System.Type..ctor()"
Dynamic,Method,"System.Reflection.MemberTypes System.Type.MemberType.get()"
Dynamic,Method,"System.Type System.Type.GetType()"
Dynamic,Method,"System.String System.Type.Namespace.get()"
Dynamic,Method,"System.String System.Type.AssemblyQualifiedName.get()"
Dynamic,Method,"System.String System.Type.FullName.get()"
Dynamic,Method,"System.Reflection.Assembly System.Type.Assembly.get()"
Dynamic,Method,"System.Reflection.Module System.Type.Module.get()"
Dynamic,Method,"System.Boolean System.Type.IsNested.get()"
Dynamic,Method,"System.Type System.Type.DeclaringType.get()"
Dynamic,Method,"System.Reflection.MethodBase System.Type.DeclaringMethod.get()"
Dynamic,Method,"System.Type System.Type.ReflectedType.get()"
Dynamic,Method,"System.Type System.Type.UnderlyingSystemType.get()"
Dynamic,Method,"System.Boolean System.Type.IsTypeDefinition.get()"
Dynamic,Method,"System.Boolean System.Type.IsArray.get()"
Dynamic,Method,"System.Boolean System.Type.IsArrayImpl()"
Dynamic,Method,"System.Boolean System.Type.IsByRef.get()"
Dynamic,Method,"System.Boolean System.Type.IsByRefImpl()"
Dynamic,Method,"System.Boolean System.Type.IsPointer.get()"
Dynamic,Method,"System.Boolean System.Type.IsPointerImpl()"
Dynamic,Method,"System.Boolean System.Type.IsConstructedGenericType.get()"
Dynamic,Method,"System.Boolean System.Type.IsGenericParameter.get()"
Dynamic,Method,"System.Boolean System.Type.IsGenericTypeParameter.get()"
Dynamic,Method,"System.Boolean System.Type.IsGenericMethodParameter.get()"
Dynamic,Method,"System.Boolean System.Type.IsGenericType.get()"
Dynamic,Method,"System.Boolean System.Type.IsGenericTypeDefinition.get()"
Dynamic,Method,"System.Boolean System.Type.IsSZArray.get()"
Dynamic,Method,"System.Boolean System.Type.IsVariableBoundArray.get()"
Dynamic,Method,"System.Boolean System.Type.IsByRefLike.get()"
Dynamic,Method,"System.Boolean System.Type.HasElementType.get()"
Dynamic,Method,"System.Boolean System.Type.HasElementTypeImpl()"
Dynamic,Method,"System.Type System.Type.GetElementType()"
Dynamic,Method,"System.Int32 System.Type.GetArrayRank()"
Dynamic,Method,"System.Type System.Type.GetGenericTypeDefinition()"
Dynamic,Method,"System.Type[] System.Type.GenericTypeArguments.get()"
Dynamic,Method,"System.Type[] System.Type.GetGenericArguments()"
Dynamic,Method,"System.Int32 System.Type.GenericParameterPosition.get()"
Dynamic,Method,"System.Reflection.GenericParameterAttributes System.Type.GenericParameterAttributes.get()"
Dynamic,Method,"System.Type[] System.Type.GetGenericParameterConstraints()"
Dynamic,Method,"System.Reflection.TypeAttributes System.Type.Attributes.get()"
Dynamic,Method,"System.Reflection.TypeAttributes System.Type.GetAttributeFlagsImpl()"
Dynamic,Method,"System.Boolean System.Type.IsAbstract.get()"
Dynamic,Method,"System.Boolean System.Type.IsImport.get()"
Dynamic,Method,"System.Boolean System.Type.IsSealed.get()"
Dynamic,Method,"System.Boolean System.Type.IsSpecialName.get()"
Dynamic,Method,"System.Boolean System.Type.IsClass.get()"
Dynamic,Method,"System.Boolean System.Type.IsNestedAssembly.get()"
Dynamic,Method,"System.Boolean System.Type.IsNestedFamANDAssem.get()"
Dynamic,Method,"System.Boolean System.Type.IsNestedFamily.get()"
Dynamic,Method,"System.Boolean System.Type.IsNestedFamORAssem.get()"
Dynamic,Method,"System.Boolean System.Type.IsNestedPrivate.get()"
Dynamic,Method,"System.Boolean System.Type.IsNestedPublic.get()"
Dynamic,Method,"System.Boolean System.Type.IsNotPublic.get()"
Dynamic,Method,"System.Boolean System.Type.IsPublic.get()"
Dynamic,Method,"System.Boolean System.Type.IsAutoLayout.get()"
Dynamic,Method,"System.Boolean System.Type.IsExplicitLayout.get()"
Dynamic,Method,"System.Boolean System.Type.IsLayoutSequential.get()"
Dynamic,Method,"System.Boolean System.Type.IsAnsiClass.get()"
Dynamic,Method,"System.Boolean System.Type.IsAutoClass.get()"
Dynamic,Method,"System.Boolean System.Type.IsUnicodeClass.get()"
Dynamic,Method,"System.Boolean System.Type.IsCOMObject.get()"
Dynamic,Method,"System.Boolean System.Type.IsCOMObjectImpl()"
Dynamic,Method,"System.Boolean System.Type.IsContextful.get()"
Dynamic,Method,"System.Boolean System.Type.IsContextfulImpl()"
Dynamic,Method,"System.Boolean System.Type.IsEnum.get()"
Dynamic,Method,"System.Boolean System.Type.IsMarshalByRef.get()"
Dynamic,Method,"System.Boolean System.Type.IsMarshalByRefImpl()"
Dynamic,Method,"System.Boolean System.Type.IsPrimitive.get()"
Dynamic,Method,"System.Boolean System.Type.IsPrimitiveImpl()"
Dynamic,Method,"System.Boolean System.Type.IsValueType.get()"
Dynamic,Method,"System.Boolean System.Type.IsValueTypeImpl()"
Dynamic,Method,"System.Boolean System.Type.IsSignatureType.get()"
Dynamic,Method,"System.Boolean System.Type.IsSecurityCritical.get()"
Dynamic,Method,"System.Boolean System.Type.IsSecuritySafeCritical.get()"
Dynamic,Method,"System.Boolean System.Type.IsSecurityTransparent.get()"
Dynamic,Method,"System.Runtime.InteropServices.StructLayoutAttribute System.Type.StructLayoutAttribute.get()"
Dynamic,Method,"System.Reflection.ConstructorInfo System.Type.TypeInitializer.get()"
Dynamic,Method,"System.Reflection.ConstructorInfo System.Type.GetConstructor(System.Type[] types)"
Dynamic,Method,"System.Reflection.ConstructorInfo System.Type.GetConstructor(System.Reflection.BindingFlags bindingAttr, System.Reflection.Binder binder, System.Type[] types, System.Reflection.ParameterModifier[] modifiers)"
Dynamic,Method,"System.Reflection.ConstructorInfo System.Type.GetConstructor(System.Reflection.BindingFlags bindingAttr, System.Reflection.Binder binder, System.Reflection.CallingConventions callConvention, System.Type[] types, System.Reflection.ParameterModifier[] modifiers)"
Dynamic,Method,"System.Reflection.ConstructorInfo System.Type.GetConstructorImpl(System.Reflection.BindingFlags bindingAttr, System.Reflection.Binder binder, System.Reflection.CallingConventions callConvention, System.Type[] types, System.Reflection.ParameterModifier[] modifiers)"
Dynamic,Method,"System.Reflection.ConstructorInfo[] System.Type.GetConstructors()"
Dynamic,Method,"System.Reflection.ConstructorInfo[] System.Type.GetConstructors(System.Reflection.BindingFlags bindingAttr)"
Dynamic,Method,"System.Reflection.EventInfo System.Type.GetEvent(System.String name)"
Dynamic,Method,"System.Reflection.EventInfo System.Type.GetEvent(System.String name, System.Reflection.BindingFlags bindingAttr)"
Dynamic,Method,"System.Reflection.EventInfo[] System.Type.GetEvents()"
Dynamic,Method,"System.Reflection.EventInfo[] System.Type.GetEvents(System.Reflection.BindingFlags bindingAttr)"
Dynamic,Method,"System.Reflection.FieldInfo System.Type.GetField(System.String name)"
Dynamic,Method,"System.Reflection.FieldInfo System.Type.GetField(System.String name, System.Reflection.BindingFlags bindingAttr)"
Dynamic,Method,"System.Reflection.FieldInfo[] System.Type.GetFields()"
Dynamic,Method,"System.Reflection.FieldInfo[] System.Type.GetFields(System.Reflection.BindingFlags bindingAttr)"
Dynamic,Method,"System.Reflection.MemberInfo[] System.Type.GetMember(System.String name)"
Dynamic,Method,"System.Reflection.MemberInfo[] System.Type.GetMember(System.String name, System.Reflection.BindingFlags bindingAttr)"
Dynamic,Method,"System.Reflection.MemberInfo[] System.Type.GetMember(System.String name, System.Reflection.MemberTypes type, System.Reflection.BindingFlags bindingAttr)"
Dynamic,Method,"System.Reflection.MemberInfo[] System.Type.GetMembers()"
Dynamic,Method,"System.Reflection.MemberInfo[] System.Type.GetMembers(System.Reflection.BindingFlags bindingAttr)"
Dynamic,Method,"System.Reflection.MethodInfo System.Type.GetMethod(System.String name)"
Dynamic,Method,"System.Reflection.MethodInfo System.Type.GetMethod(System.String name, System.Reflection.BindingFlags bindingAttr)"
Dynamic,Method,"System.Reflection.MethodInfo System.Type.GetMethod(System.String name, System.Type[] types)"
Dynamic,Method,"System.Reflection.MethodInfo System.Type.GetMethod(System.String name, System.Type[] types, System.Reflection.ParameterModifier[] modifiers)"
Dynamic,Method,"System.Reflection.MethodInfo System.Type.GetMethod(System.String name, System.Reflection.BindingFlags bindingAttr, System.Reflection.Binder binder, System.Type[] types, System.Reflection.ParameterModifier[] modifiers)"
Dynamic,Method,"System.Reflection.MethodInfo System.Type.GetMethod(System.String name, System.Reflection.BindingFlags bindingAttr, System.Reflection.Binder binder, System.Reflection.CallingConventions callConvention, System.Type[] types, System.Reflection.ParameterModifier[] modifiers)"
Dynamic,Method,"System.Reflection.MethodInfo System.Type.GetMethodImpl(System.String name, System.Reflection.BindingFlags bindingAttr, System.Reflection.Binder binder, System.Reflection.CallingConventions callConvention, System.Type[] types, System.Reflection.ParameterModifier[] modifiers)"
Dynamic,Method,"System.Reflection.MethodInfo System.Type.GetMethod(System.String name, System.Int32 genericParameterCount, System.Type[] types)"
Dynamic,Method,"System.Reflection.MethodInfo System.Type.GetMethod(System.String name, System.Int32 genericParameterCount, System.Type[] types, System.Reflection.ParameterModifier[] modifiers)"
Dynamic,Method,"System.Reflection.MethodInfo System.Type.GetMethod(System.String name, System.Int32 genericParameterCount, System.Reflection.BindingFlags bindingAttr, System.Reflection.Binder binder, System.Type[] types, System.Reflection.ParameterModifier[] modifiers)"
Dynamic,Method,"System.Reflection.MethodInfo System.Type.GetMethod(System.String name, System.Int32 genericParameterCount, System.Reflection.BindingFlags bindingAttr, System.Reflection.Binder binder, System.Reflection.CallingConventions callConvention, System.Type[] types, System.Reflection.ParameterModifier[] modifiers)"
Dynamic,Method,"System.Reflection.MethodInfo System.Type.GetMethodImpl(System.String name, System.Int32 genericParameterCount, System.Reflection.BindingFlags bindingAttr, System.Reflection.Binder binder, System.Reflection.CallingConventions callConvention, System.Type[] types, System.Reflection.ParameterModifier[] modifiers)"
Dynamic,Method,"System.Reflection.MethodInfo[] System.Type.GetMethods()"
Dynamic,Method,"System.Reflection.MethodInfo[] System.Type.GetMethods(System.Reflection.BindingFlags bindingAttr)"
Dynamic,Method,"System.Type System.Type.GetNestedType(System.String name)"
Dynamic,Method,"System.Type System.Type.GetNestedType(System.String name, System.Reflection.BindingFlags bindingAttr)"
Dynamic,Method,"System.Type[] System.Type.GetNestedTypes()"
Dynamic,Method,"System.Type[] System.Type.GetNestedTypes(System.Reflection.BindingFlags bindingAttr)"
Dynamic,Method,"System.Reflection.PropertyInfo System.Type.GetProperty(System.String name)"
Dynamic,Method,"System.Reflection.PropertyInfo System.Type.GetProperty(System.String name, System.Reflection.BindingFlags bindingAttr)"
Dynamic,Method,"System.Reflection.PropertyInfo System.Type.GetProperty(System.String name, System.Type returnType)"
Dynamic,Method,"System.Reflection.PropertyInfo System.Type.GetProperty(System.String name, System.Type[] types)"
Dynamic,Method,"System.Reflection.PropertyInfo System.Type.GetProperty(System.String name, System.Type returnType, System.Type[] types)"
Dynamic,Method,"System.Reflection.PropertyInfo System.Type.GetProperty(System.String name, System.Type returnType, System.Type[] types, System.Reflection.ParameterModifier[] modifiers)"
Dynamic,Method,"System.Reflection.PropertyInfo System.Type.GetProperty(System.String name, System.Reflection.BindingFlags bindingAttr, System.Reflection.Binder binder, System.Type returnType, System.Type[] types, System.Reflection.ParameterModifier[] modifiers)"
Dynamic,Method,"System.Reflection.PropertyInfo System.Type.GetPropertyImpl(System.String name, System.Reflection.BindingFlags bindingAttr, System.Reflection.Binder binder, System.Type returnType, System.Type[] types, System.Reflection.ParameterModifier[] modifiers)"
Dynamic,Method,"System.Reflection.PropertyInfo[] System.Type.GetProperties()"
Dynamic,Method,"System.Reflection.PropertyInfo[] System.Type.GetProperties(System.Reflection.BindingFlags bindingAttr)"
Dynamic,Method,"System.Reflection.MemberInfo[] System.Type.GetDefaultMembers()"
Dynamic,Method,"System.RuntimeTypeHandle System.Type.TypeHandle.get()"
Dynamic,Method,"System.RuntimeTypeHandle System.Type.GetTypeHandle(System.Object o)"
Dynamic,Method,"System.Type[] System.Type.GetTypeArray(System.Object[] args)"
Dynamic,Method,"System.TypeCode System.Type.GetTypeCode(System.Type type)"
Dynamic,Method,"System.TypeCode System.Type.GetTypeCodeImpl()"
Dynamic,Method,"System.Guid System.Type.GUID.get()"
Dynamic,Method,"System.Type System.Type.GetTypeFromCLSID(System.Guid clsid)"
Dynamic,Method,"System.Type System.Type.GetTypeFromCLSID(System.Guid clsid, System.Boolean throwOnError)"
Dynamic,Method,"System.Type System.Type.GetTypeFromCLSID(System.Guid clsid, System.String server)"
Dynamic,Method,"System.Type System.Type.GetTypeFromProgID(System.String progID)"
Dynamic,Method,"System.Type System.Type.GetTypeFromProgID(System.String progID, System.Boolean throwOnError)"
Dynamic,Method,"System.Type System.Type.GetTypeFromProgID(System.String progID, System.String server)"
Dynamic,Method,"System.Type System.Type.BaseType.get()"
Dynamic,Method,"System.Object System.Type.InvokeMember(System.String name, System.Reflection.BindingFlags invokeAttr, System.Reflection.Binder binder, System.Object target, System.Object[] args)"
Dynamic,Method,"System.Object System.Type.InvokeMember(System.String name, System.Reflection.BindingFlags invokeAttr, System.Reflection.Binder binder, System.Object target, System.Object[] args, System.Globalization.CultureInfo culture)"
Dynamic,Method,"System.Object System.Type.InvokeMember(System.String name, System.Reflection.BindingFlags invokeAttr, System.Reflection.Binder binder, System.Object target, System.Object[] args, System.Reflection.ParameterModifier[] modifiers, System.Globalization.CultureInfo culture, System.String[] namedParameters)"
Dynamic,Method,"System.Type System.Type.GetInterface(System.String name)"
Dynamic,Method,"System.Type System.Type.GetInterface(System.String name, System.Boolean ignoreCase)"
Dynamic,Method,"System.Type[] System.Type.GetInterfaces()"
Dynamic,Method,"System.Reflection.InterfaceMapping System.Type.GetInterfaceMap(System.Type interfaceType)"
Dynamic,Method,"System.Boolean System.Type.IsInstanceOfType(System.Object o)"
Dynamic,Method,"System.Boolean System.Type.IsEquivalentTo(System.Type other)"
Dynamic,Method,"System.Type System.Type.GetEnumUnderlyingType()"
Dynamic,Method,"System.Array System.Type.GetEnumValues()"
Dynamic,Method,"System.Type System.Type.MakeArrayType()"
Dynamic,Method,"System.Type System.Type.MakeArrayType(System.Int32 rank)"
Dynamic,Method,"System.Type System.Type.MakeByRefType()"
Dynamic,Method,"System.Type System.Type.MakeGenericType(params System.Type[] typeArguments)"
Dynamic,Method,"System.Type System.Type.MakePointerType()"
Dynamic,Method,"System.Type System.Type.MakeGenericMethodParameter(System.Int32 position)"
Dynamic,Method,"System.String System.Type.ToString()"
Dynamic,Method,"System.Boolean System.Type.Equals(System.Object o)"
Dynamic,Method,"System.Int32 System.Type.GetHashCode()"
Dynamic,Method,"System.Boolean System.Type.Equals(System.Type o)"
Dynamic,Method,"System.Type System.Type.ReflectionOnlyGetType(System.String typeName, System.Boolean throwIfNotFound, System.Boolean ignoreCase)"
Dynamic,Method,"System.Reflection.Binder System.Type.DefaultBinder.get()"
Dynamic,Method,"System.Boolean System.Type.IsEnumDefined(System.Object value)"
Dynamic,Method,"System.String System.Type.GetEnumName(System.Object value)"
Dynamic,Method,"System.String[] System.Type.GetEnumNames()"
Dynamic,Method,"System.Boolean System.Type.IsSerializable.get()"
Dynamic,Method,"System.Boolean System.Type.ContainsGenericParameters.get()"
Dynamic,Method,"System.Boolean System.Type.IsVisible.get()"
Dynamic,Method,"System.Type[] System.Type.FindInterfaces(System.Reflection.TypeFilter filter, System.Object filterCriteria)"
Dynamic,Method,"System.Reflection.MemberInfo[] System.Type.FindMembers(System.Reflection.MemberTypes memberType, System.Reflection.BindingFlags bindingAttr, System.Reflection.MemberFilter filter, System.Object filterCriteria)"
Dynamic,Method,"System.Boolean System.Type.IsSubclassOf(System.Type c)"
Dynamic,Method,"System.Boolean System.Type.IsAssignableFrom(System.Type c)"
Dynamic,Method,"System.Boolean System.Type.IsInterface.get()"
Dynamic,Method,"System.Type System.Type.GetTypeFromHandle(System.RuntimeTypeHandle handle)"
Dynamic,Method,"System.Type System.Type.GetType(System.String typeName)"
Dynamic,Method,"System.Type System.Type.GetType(System.String typeName, System.Boolean throwOnError)"
Dynamic,Method,"System.Type System.Type.GetType(System.String typeName, System.Boolean throwOnError, System.Boolean ignoreCase)"
Dynamic,Method,"System.Type System.Type.GetType(System.String typeName, System.Func<System.Reflection.AssemblyName, System.Reflection.Assembly> assemblyResolver, System.Func<System.Reflection.Assembly, System.String, System.Boolean, System.Type> typeResolver)"
Dynamic,Method,"System.Type System.Type.GetType(System.String typeName, System.Func<System.Reflection.AssemblyName, System.Reflection.Assembly> assemblyResolver, System.Func<System.Reflection.Assembly, System.String, System.Boolean, System.Type> typeResolver, System.Boolean throwOnError)"
Dynamic,Method,"System.Type System.Type.GetType(System.String typeName, System.Func<System.Reflection.AssemblyName, System.Reflection.Assembly> assemblyResolver, System.Func<System.Reflection.Assembly, System.String, System.Boolean, System.Type> typeResolver, System.Boolean throwOnError, System.Boolean ignoreCase)"
Dynamic,Method,"System.Type System.Type.GetTypeFromCLSID(System.Guid clsid, System.String server, System.Boolean throwOnError)"
Dynamic,Method,"System.Type System.Type.GetTypeFromProgID(System.String progID, System.String server, System.Boolean throwOnError)"
Dynamic,Method,"System.Boolean System.Type.op_Equality(System.Type left, System.Type right)"
Dynamic,Method,"System.Boolean System.Type.op_Inequality(System.Type left, System.Type right)"
Dynamic,Method,"System.Int32 System.Int32.CompareTo(System.Object value)"
Dynamic,Method,"System.Int32 System.Int32.CompareTo(System.Int32 value)"
Dynamic,Method,"System.Boolean System.Int32.Equals(System.Object obj)"
Dynamic,Method,"System.Boolean System.Int32.Equals(System.Int32 obj)"
Dynamic,Method,"System.Int32 System.Int32.GetHashCode()"
Dynamic,Method,"System.String System.Int32.ToString()"
Dynamic,Method,"System.String System.Int32.ToString(System.String format)"
Dynamic,Method,"System.String System.Int32.ToString(System.IFormatProvider provider)"
Dynamic,Method,"System.String System.Int32.ToString(System.String format, System.IFormatProvider provider)"
Dynamic,Method,"System.Boolean System.Int32.TryFormat(System.Span<System.Char> destination, out System.Int32 charsWritten, System.ReadOnlySpan<System.Char> format, System.IFormatProvider provider)"
Dynamic,Method,"System.Int32 System.Int32.Parse(System.String s)"
Dynamic,Method,"System.Int32 System.Int32.Parse(System.String s, System.Globalization.NumberStyles style)"
Dynamic,Method,"System.Int32 System.Int32.Parse(System.String s, System.IFormatProvider provider)"
Dynamic,Method,"System.Int32 System.Int32.Parse(System.String s, System.Globalization.NumberStyles style, System.IFormatProvider provider)"
Dynamic,Method,"System.Int32 System.Int32.Parse(System.ReadOnlySpan<System.Char> s, System.Globalization.NumberStyles style, System.IFormatProvider provider)"
Dynamic,Method,"System.Boolean System.Int32.TryParse(System.String s, out System.Int32 result)"
Dynamic,Method,"System.Boolean System.Int32.TryParse(System.ReadOnlySpan<System.Char> s, out System.Int32 result)"
Dynamic,Method,"System.Boolean System.Int32.TryParse(System.String s, System.Globalization.NumberStyles style, System.IFormatProvider provider, out System.Int32 result)"
Dynamic,Method,"System.Boolean System.Int32.TryParse(System.ReadOnlySpan<System.Char> s, System.Globalization.NumberStyles style, System.IFormatProvider provider, out System.Int32 result)"
Dynamic,Method,"System.TypeCode System.Int32.GetTypeCode()"
Dynamic,Method,"System.Int32 System.Byte.CompareTo(System.Object value)"
Dynamic,Method,"System.Int32 System.Byte.CompareTo(System.Byte value)"
Dynamic,Method,"System.Boolean System.Byte.Equals(System.Object obj)"
Dynamic,Method,"System.Boolean System.Byte.Equals(System.Byte obj)"
Dynamic,Method,"System.Int32 System.Byte.GetHashCode()"
Dynamic,Method,"System.Byte System.Byte.Parse(System.String s)"
Dynamic,Method,"System.Byte System.Byte.Parse(System.String s, System.Globalization.NumberStyles style)"
Dynamic,Method,"System.Byte System.Byte.Parse(System.String s, System.IFormatProvider provider)"
Dynamic,Method,"System.Byte System.Byte.Parse(System.String s, System.Globalization.NumberStyles style, System.IFormatProvider provider)"
Dynamic,Method,"System.Byte System.Byte.Parse(System.ReadOnlySpan<System.Char> s, System.Globalization.NumberStyles style, System.IFormatProvider provider)"
Dynamic,Method,"System.Boolean System.Byte.TryParse(System.String s, out System.Byte result)"
Dynamic,Method,"System.Boolean System.Byte.TryParse(System.ReadOnlySpan<System.Char> s, out System.Byte result)"
Dynamic,Method,"System.Boolean System.Byte.TryParse(System.String s, System.Globalization.NumberStyles style, System.IFormatProvider provider, out System.Byte result)"
Dynamic,Method,"System.Boolean System.Byte.TryParse(System.ReadOnlySpan<System.Char> s, System.Globalization.NumberStyles style, System.IFormatProvider provider, out System.Byte result)"
Dynamic,Method,"System.String System.Byte.ToString()"
Dynamic,Method,"System.String System.Byte.ToString(System.String format)"
Dynamic,Method,"System.String System.Byte.ToString(System.IFormatProvider provider)"
Dynamic,Method,"System.String System.Byte.ToString(System.String format, System.IFormatProvider provider)"
Dynamic,Method,"System.Boolean System.Byte.TryFormat(System.Span<System.Char> destination, out System.Int32 charsWritten, System.ReadOnlySpan<System.Char> format, System.IFormatProvider provider)"
Dynamic,Method,"System.TypeCode System.Byte.GetTypeCode()"
Dynamic,Method,"System.Int32 System.UInt32.CompareTo(System.Object value)"
Dynamic,Method,"System.Int32 System.UInt32.CompareTo(System.UInt32 value)"
Dynamic,Method,"System.Boolean System.UInt32.Equals(System.Object obj)"
Dynamic,Method,"System.Boolean System.UInt32.Equals(System.UInt32 obj)"
Dynamic,Method,"System.Int32 System.UInt32.GetHashCode()"
Dynamic,Method,"System.String System.UInt32.ToString()"
Dynamic,Method,"System.String System.UInt32.ToString(System.IFormatProvider provider)"
Dynamic,Method,"System.String System.UInt32.ToString(System.String format)"
Dynamic,Method,"System.String System.UInt32.ToString(System.String format, System.IFormatProvider provider)"
Dynamic,Method,"System.Boolean System.UInt32.TryFormat(System.Span<System.Char> destination, out System.Int32 charsWritten, System.ReadOnlySpan<System.Char> format, System.IFormatProvider provider)"
Dynamic,Method,"System.UInt32 System.UInt32.Parse(System.String s)"
Dynamic,Method,"System.UInt32 System.UInt32.Parse(System.String s, System.Globalization.NumberStyles style)"
Dynamic,Method,"System.UInt32 System.UInt32.Parse(System.String s, System.IFormatProvider provider)"
Dynamic,Method,"System.UInt32 System.UInt32.Parse(System.String s, System.Globalization.NumberStyles style, System.IFormatProvider provider)"
Dynamic,Method,"System.UInt32 System.UInt32.Parse(System.ReadOnlySpan<System.Char> s, System.Globalization.NumberStyles style, System.IFormatProvider provider)"
Dynamic,Method,"System.Boolean System.UInt32.TryParse(System.String s, out System.UInt32 result)"
Dynamic,Method,"System.Boolean System.UInt32.TryParse(System.ReadOnlySpan<System.Char> s, out System.UInt32 result)"
Dynamic,Method,"System.Boolean System.UInt32.TryParse(System.String s, System.Globalization.NumberStyles style, System.IFormatProvider provider, out System.UInt32 result)"
Dynamic,Method,"System.Boolean System.UInt32.TryParse(System.ReadOnlySpan<System.Char> s, System.Globalization.NumberStyles style, System.IFormatProvider provider, out System.UInt32 result)"
Dynamic,Method,"System.TypeCode System.UInt32.GetTypeCode()"
Dynamic,Method,"System.Int32 System.Int64.CompareTo(System.Object value)"
Dynamic,Method,"System.Int32 System.Int64.CompareTo(System.Int64 value)"
Dynamic,Method,"System.Boolean System.Int64.Equals(System.Object obj)"
Dynamic,Method,"System.Boolean System.Int64.Equals(System.Int64 obj)"
Dynamic,Method,"System.Int32 System.Int64.GetHashCode()"
Dynamic,Method,"System.String System.Int64.ToString()"
Dynamic,Method,"System.String System.Int64.ToString(System.IFormatProvider provider)"
Dynamic,Method,"System.String System.Int64.ToString(System.String format)"
Dynamic,Method,"System.String System.Int64.ToString(System.String format, System.IFormatProvider provider)"
Dynamic,Method,"System.Boolean System.Int64.TryFormat(System.Span<System.Char> destination, out System.Int32 charsWritten, System.ReadOnlySpan<System.Char> format, System.IFormatProvider provider)"
Dynamic,Method,"System.Int64 System.Int64.Parse(System.String s)"
Dynamic,Method,"System.Int64 System.Int64.Parse(System.String s, System.Globalization.NumberStyles style)"
Dynamic,Method,"System.Int64 System.Int64.Parse(System.String s, System.IFormatProvider provider)"
Dynamic,Method,"System.Int64 System.Int64.Parse(System.String s, System.Globalization.NumberStyles style, System.IFormatProvider provider)"
Dynamic,Method,"System.Int64 System.Int64.Parse(System.ReadOnlySpan<System.Char> s, System.Globalization.NumberStyles style, System.IFormatProvider provider)"
Dynamic,Method,"System.Boolean System.Int64.TryParse(System.String s, out System.Int64 result)"
Dynamic,Method,"System.Boolean System.Int64.TryParse(System.ReadOnlySpan<System.Char> s, out System.Int64 result)"
Dynamic,Method,"System.Boolean System.Int64.TryParse(System.String s, System.Globalization.NumberStyles style, System.IFormatProvider provider, out System.Int64 result)"
Dynamic,Method,"System.Boolean System.Int64.TryParse(System.ReadOnlySpan<System.Char> s, System.Globalization.NumberStyles style, System.IFormatProvider provider, out System.Int64 result)"
Dynamic,Method,"System.TypeCode System.Int64.GetTypeCode()"
Dynamic,Method,"System.String System.Collections.Generic.IDictionary<System.String, System.String>.Item.get(System.String)"
Dynamic,Method,"System.Void System.Collections.Generic.IDictionary<System.String, System.String>.Item.set(System.String, System.String)"
Dynamic,Method,"System.Collections.Generic.ICollection<System.String> System.Collections.Generic.IDictionary<System.String, System.String>.Keys.get()"
Dynamic,Method,"System.Collections.Generic.ICollection<System.String> System.Collections.Generic.IDictionary<System.String, System.String>.Values.get()"
Dynamic,Method,"System.Boolean System.Collections.Generic.IDictionary<System.String, System.String>.ContainsKey(System.String)"
Dynamic,Method,"System.Void System.Collections.Generic.IDictionary<System.String, System.String>.Add(System.String, System.String)"
Dynamic,Method,"System.Boolean System.Collections.Generic.IDictionary<System.String, System.String>.Remove(System.String)"
Dynamic,Method,"System.Boolean System.Collections.Generic.IDictionary<System.String, System.String>.TryGetValue(System.String, System.String)"
Dynamic,Method,"System.Void System.EventHandler<System.Diagnostics.Tracing.EventCommandEventArgs>..ctor(System.Object, System.IntPtr)"
Dynamic,Method,"System.IAsyncResult System.EventHandler<System.Diagnostics.Tracing.EventCommandEventArgs>.BeginInvoke(System.Object, System.Diagnostics.Tracing.EventCommandEventArgs, System.AsyncCallback, System.Object)"
Dynamic,Method,"System.Void System.EventHandler<System.Diagnostics.Tracing.EventCommandEventArgs>.EndInvoke(System.IAsyncResult)"
Dynamic,Method,"System.Void System.Diagnostics.Tracing.EventListener..ctor()"
Dynamic,Method,"System.Void System.Diagnostics.Tracing.EventListener.Dispose()"
Dynamic,Method,"System.Void System.DateTime..ctor(System.Int64 ticks)"
Dynamic,Method,"System.Void System.DateTime..ctor(System.Int64 ticks, System.DateTimeKind kind)"
Dynamic,Method,"System.Void System.DateTime..ctor(System.Int32 year, System.Int32 month, System.Int32 day)"
Dynamic,Method,"System.Void System.DateTime..ctor(System.Int32 year, System.Int32 month, System.Int32 day, System.Globalization.Calendar calendar)"
Dynamic,Method,"System.Void System.DateTime..ctor(System.Int32 year, System.Int32 month, System.Int32 day, System.Int32 hour, System.Int32 minute, System.Int32 second)"
Dynamic,Method,"System.Void System.DateTime..ctor(System.Int32 year, System.Int32 month, System.Int32 day, System.Int32 hour, System.Int32 minute, System.Int32 second, System.DateTimeKind kind)"
Dynamic,Method,"System.Void System.DateTime..ctor(System.Int32 year, System.Int32 month, System.Int32 day, System.Int32 hour, System.Int32 minute, System.Int32 second, System.Globalization.Calendar calendar)"
Dynamic,Method,"System.Void System.DateTime..ctor(System.Int32 year, System.Int32 month, System.Int32 day, System.Int32 hour, System.Int32 minute, System.Int32 second, System.Int32 millisecond)"
Dynamic,Method,"System.Void System.DateTime..ctor(System.Int32 year, System.Int32 month, System.Int32 day, System.Int32 hour, System.Int32 minute, System.Int32 second, System.Int32 millisecond, System.DateTimeKind kind)"
Dynamic,Method,"System.Void System.DateTime..ctor(System.Int32 year, System.Int32 month, System.Int32 day, System.Int32 hour, System.Int32 minute, System.Int32 second, System.Int32 millisecond, System.Globalization.Calendar calendar)"
Dynamic,Method,"System.Void System.DateTime..ctor(System.Int32 year, System.Int32 month, System.Int32 day, System.Int32 hour, System.Int32 minute, System.Int32 second, System.Int32 millisecond, System.Globalization.Calendar calendar, System.DateTimeKind kind)"
Dynamic,Method,"System.DateTime System.DateTime.Add(System.TimeSpan value)"
Dynamic,Method,"System.DateTime System.DateTime.AddDays(System.Double value)"
Dynamic,Method,"System.DateTime System.DateTime.AddHours(System.Double value)"
Dynamic,Method,"System.DateTime System.DateTime.AddMilliseconds(System.Double value)"
Dynamic,Method,"System.DateTime System.DateTime.AddMinutes(System.Double value)"
Dynamic,Method,"System.DateTime System.DateTime.AddMonths(System.Int32 months)"
Dynamic,Method,"System.DateTime System.DateTime.AddSeconds(System.Double value)"
Dynamic,Method,"System.DateTime System.DateTime.AddTicks(System.Int64 value)"
Dynamic,Method,"System.DateTime System.DateTime.AddYears(System.Int32 value)"
Dynamic,Method,"System.Int32 System.DateTime.Compare(System.DateTime t1, System.DateTime t2)"
Dynamic,Method,"System.Int32 System.DateTime.CompareTo(System.Object value)"
Dynamic,Method,"System.Int32 System.DateTime.DaysInMonth(System.Int32 year, System.Int32 month)"
Dynamic,Method,"System.Boolean System.DateTime.Equals(System.Object value)"
Dynamic,Method,"System.Boolean System.DateTime.Equals(System.DateTime value)"
Dynamic,Method,"System.Boolean System.DateTime.Equals(System.DateTime t1, System.DateTime t2)"
Dynamic,Method,"System.DateTime System.DateTime.FromFileTime(System.Int64 fileTime)"
Dynamic,Method,"System.DateTime System.DateTime.FromFileTimeUtc(System.Int64 fileTime)"
Dynamic,Method,"System.DateTime System.DateTime.SpecifyKind(System.DateTime value, System.DateTimeKind kind)"
Dynamic,Method,"System.DateTime System.DateTime.Date.get()"
Dynamic,Method,"System.Int32 System.DateTime.Day.get()"
Dynamic,Method,"System.DayOfWeek System.DateTime.DayOfWeek.get()"
Dynamic,Method,"System.Int32 System.DateTime.DayOfYear.get()"
Dynamic,Method,"System.Int32 System.DateTime.GetHashCode()"
Dynamic,Method,"System.Int32 System.DateTime.Hour.get()"
Dynamic,Method,"System.DateTimeKind System.DateTime.Kind.get()"
Dynamic,Method,"System.Int32 System.DateTime.Millisecond.get()"
Dynamic,Method,"System.Int32 System.DateTime.Minute.get()"
Dynamic,Method,"System.Int32 System.DateTime.Month.get()"
Dynamic,Method,"System.DateTime System.DateTime.Now.get()"
Dynamic,Method,"System.Int32 System.DateTime.Second.get()"
Dynamic,Method,"System.Int64 System.DateTime.Ticks.get()"
Dynamic,Method,"System.TimeSpan System.DateTime.TimeOfDay.get()"
Dynamic,Method,"System.Int32 System.DateTime.Year.get()"
Dynamic,Method,"System.TimeSpan System.DateTime.Subtract(System.DateTime value)"
Dynamic,Method,"System.DateTime System.DateTime.Subtract(System.TimeSpan value)"
Dynamic,Method,"System.Double System.DateTime.ToOADate()"
Dynamic,Method,"System.Int64 System.DateTime.ToFileTime()"
Dynamic,Method,"System.Int64 System.DateTime.ToFileTimeUtc()"
Dynamic,Method,"System.DateTime System.DateTime.ToLocalTime()"
Dynamic,Method,"System.String System.DateTime.ToString()"
Dynamic,Method,"System.String System.DateTime.ToString(System.String format, System.IFormatProvider provider)"
Dynamic,Method,"System.DateTime System.DateTime.ToUniversalTime()"
Dynamic,Method,"System.DateTime System.DateTime.op_Addition(System.DateTime d, System.TimeSpan t)"
Dynamic,Method,"System.DateTime System.DateTime.op_Subtraction(System.DateTime d, System.TimeSpan t)"
Dynamic,Method,"System.TimeSpan System.DateTime.op_Subtraction(System.DateTime d1, System.DateTime d2)"
Dynamic,Method,"System.Boolean System.DateTime.op_Equality(System.DateTime d1, System.DateTime d2)"
Dynamic,Method,"System.Boolean System.DateTime.op_Inequality(System.DateTime d1, System.DateTime d2)"
Dynamic,Method,"System.Boolean System.DateTime.op_LessThan(System.DateTime t1, System.DateTime t2)"
Dynamic,Method,"System.Boolean System.DateTime.op_LessThanOrEqual(System.DateTime t1, System.DateTime t2)"
Dynamic,Method,"System.Boolean System.DateTime.op_GreaterThan(System.DateTime t1, System.DateTime t2)"
Dynamic,Method,"System.Boolean System.DateTime.op_GreaterThanOrEqual(System.DateTime t1, System.DateTime t2)"
Dynamic,Method,"System.DateTime System.DateTime.UtcNow.get()"
Dynamic,Method,"System.Void System.Reflection.MemberInfo..ctor()"
Dynamic,Method,"System.Reflection.MemberTypes System.Reflection.MemberInfo.MemberType.get()"
Dynamic,Method,"System.String System.Reflection.MemberInfo.Name.get()"
Dynamic,Method,"System.Type System.Reflection.MemberInfo.DeclaringType.get()"
Dynamic,Method,"System.Object[] System.Reflection.MemberInfo.GetCustomAttributes(System.Type attributeType, System.Boolean inherit)"
Dynamic,Method,"System.Boolean System.Reflection.MemberInfo.Equals(System.Object obj)"
Dynamic,Method,"System.Int32 System.Reflection.MemberInfo.GetHashCode()"
Dynamic,Method,"System.Reflection.MemberTypes System.Reflection.FieldInfo.MemberType.get()"
Dynamic,Method,"System.Reflection.FieldAttributes System.Reflection.FieldInfo.Attributes.get()"
Dynamic,Method,"System.Type System.Reflection.FieldInfo.FieldType.get()"
Dynamic,Method,"System.Boolean System.Reflection.FieldInfo.IsStatic.get()"
Dynamic,Method,"System.Boolean System.Reflection.FieldInfo.Equals(System.Object obj)"
Dynamic,Method,"System.Int32 System.Reflection.FieldInfo.GetHashCode()"
Dynamic,Method,"System.Boolean System.Reflection.FieldInfo.op_Equality(System.Reflection.FieldInfo left, System.Reflection.FieldInfo right)"
Dynamic,Method,"System.Boolean System.Reflection.FieldInfo.op_Inequality(System.Reflection.FieldInfo left, System.Reflection.FieldInfo right)"
Dynamic,Method,"System.Object System.Reflection.FieldInfo.GetValue(System.Object obj)"
Dynamic,Method,"System.Object System.Reflection.FieldInfo.GetRawConstantValue()"
Dynamic,Method,"System.Void System.Collections.Generic.Dictionary<System.String, System.String>..ctor()"
Dynamic,Method,"System.Void System.Collections.Generic.Dictionary<System.String, System.String>..ctor(System.Int32)"
Dynamic,Method,"System.Void System.Collections.Generic.Dictionary<System.String, System.String>..ctor(System.Collections.Generic.IEqualityComparer<System.String>)"
Dynamic,Method,"System.Void System.Collections.Generic.Dictionary<System.String, System.String>..ctor(System.Int32, System.Collections.Generic.IEqualityComparer<System.String>)"
Dynamic,Method,"System.Void System.Collections.Generic.Dictionary<System.String, System.String>..ctor(System.Collections.Generic.IDictionary<System.String, System.String>)"
Dynamic,Method,"System.Void System.Collections.Generic.Dictionary<System.String, System.String>..ctor(System.Collections.Generic.IDictionary<System.String, System.String>, System.Collections.Generic.IEqualityComparer<System.String>)"
Dynamic,Method,"System.Void System.Collections.Generic.Dictionary<System.String, System.String>..ctor(System.Collections.Generic.IEnumerable<System.Collections.Generic.KeyValuePair<System.String, System.String>>)"
Dynamic,Method,"System.Void System.Collections.Generic.Dictionary<System.String, System.String>..ctor(System.Collections.Generic.IEnumerable<System.Collections.Generic.KeyValuePair<System.String, System.String>>, System.Collections.Generic.IEqualityComparer<System.String>)"
Dynamic,Method,"System.Void System.Collections.Generic.Dictionary<System.String, System.String>..ctor(System.Runtime.Serialization.SerializationInfo, System.Runtime.Serialization.StreamingContext)"
Dynamic,Method,"System.Reflection.MemberTypes System.Reflection.MethodInfo.MemberType.get()"
Dynamic,Method,"System.Type System.Reflection.MethodInfo.ReturnType.get()"
Dynamic,Method,"System.Type[] System.Reflection.MethodInfo.GetGenericArguments()"
Dynamic,Method,"System.Boolean System.Reflection.MethodInfo.Equals(System.Object obj)"
Dynamic,Method,"System.Int32 System.Reflection.MethodInfo.GetHashCode()"
Dynamic,Method,"System.Boolean System.Reflection.MethodInfo.op_Equality(System.Reflection.MethodInfo left, System.Reflection.MethodInfo right)"
Dynamic,Method,"System.Boolean System.Reflection.MethodInfo.op_Inequality(System.Reflection.MethodInfo left, System.Reflection.MethodInfo right)"
Dynamic,Method,"System.Void System.Diagnostics.Tracing.EventSourceOptions.Level.set(System.Diagnostics.Tracing.EventLevel value)"
Dynamic,Method,"System.Diagnostics.Tracing.EventOpcode System.Diagnostics.Tracing.EventSourceOptions.Opcode.get()"
Dynamic,Method,"System.Void System.Diagnostics.Tracing.EventSourceOptions.Opcode.set(System.Diagnostics.Tracing.EventOpcode value)"
Dynamic,Method,"System.Void System.Diagnostics.Tracing.EventSourceOptions.Keywords.set(System.Diagnostics.Tracing.EventKeywords value)"
Dynamic,Method,"System.Diagnostics.Tracing.EventActivityOptions System.Diagnostics.Tracing.EventSourceOptions.ActivityOptions.get()"
Dynamic,Method,"System.Runtime.InteropServices.GCHandle System.Runtime.InteropServices.GCHandle.Alloc(System.Object value, System.Runtime.InteropServices.GCHandleType type)"
Dynamic,Method,"System.Void System.Runtime.InteropServices.GCHandle.Free()"
Dynamic,Method,"System.Object System.Runtime.InteropServices.GCHandle.Target.get()"
Dynamic,Method,"System.Void System.Runtime.InteropServices.GCHandle.Target.set(System.Object value)"
Dynamic,Method,"System.IntPtr System.Runtime.InteropServices.GCHandle.AddrOfPinnedObject()"
Dynamic,Method,"System.Boolean System.Runtime.InteropServices.GCHandle.IsAllocated.get()"
Dynamic,Method,"System.Runtime.InteropServices.GCHandle System.Runtime.InteropServices.GCHandle.op_Explicit(System.IntPtr value)"
Dynamic,Method,"System.Runtime.InteropServices.GCHandle System.Runtime.InteropServices.GCHandle.FromIntPtr(System.IntPtr value)"
Dynamic,Method,"System.IntPtr System.Runtime.InteropServices.GCHandle.ToIntPtr(System.Runtime.InteropServices.GCHandle value)"
Dynamic,Method,"System.Int32 System.Runtime.InteropServices.GCHandle.GetHashCode()"
Dynamic,Method,"System.Boolean System.Runtime.InteropServices.GCHandle.Equals(System.Object o)"
Dynamic,Method,"System.Int32 System.Char.GetHashCode()"
Dynamic,Method,"System.Boolean System.Char.Equals(System.Object obj)"
Dynamic,Method,"System.Boolean System.Char.Equals(System.Char obj)"
Dynamic,Method,"System.Int32 System.Char.CompareTo(System.Object value)"
Dynamic,Method,"System.Int32 System.Char.CompareTo(System.Char value)"
Dynamic,Method,"System.String System.Char.ToString()"
Dynamic,Method,"System.String System.Char.ToString(System.IFormatProvider provider)"
Dynamic,Method,"System.String System.Char.ToString(System.Char c)"
Dynamic,Method,"System.Char System.Char.Parse(System.String s)"
Dynamic,Method,"System.Boolean System.Char.TryParse(System.String s, out System.Char result)"
Dynamic,Method,"System.Boolean System.Char.IsDigit(System.Char c)"
Dynamic,Method,"System.Boolean System.Char.IsLetter(System.Char c)"
Dynamic,Method,"System.Boolean System.Char.IsWhiteSpace(System.Char c)"
Dynamic,Method,"System.Boolean System.Char.IsUpper(System.Char c)"
Dynamic,Method,"System.Boolean System.Char.IsLower(System.Char c)"
Dynamic,Method,"System.Boolean System.Char.IsPunctuation(System.Char c)"
Dynamic,Method,"System.Boolean System.Char.IsLetterOrDigit(System.Char c)"
Dynamic,Method,"System.Char System.Char.ToUpper(System.Char c, System.Globalization.CultureInfo culture)"
Dynamic,Method,"System.Char System.Char.ToUpper(System.Char c)"
Dynamic,Method,"System.Char System.Char.ToUpperInvariant(System.Char c)"
Dynamic,Method,"System.Char System.Char.ToLower(System.Char c, System.Globalization.CultureInfo culture)"
Dynamic,Method,"System.Char System.Char.ToLower(System.Char c)"
Dynamic,Method,"System.Char System.Char.ToLowerInvariant(System.Char c)"
Dynamic,Method,"System.TypeCode System.Char.GetTypeCode()"
Dynamic,Method,"System.Boolean System.Char.IsControl(System.Char c)"
Dynamic,Method,"System.Boolean System.Char.IsControl(System.String s, System.Int32 index)"
Dynamic,Method,"System.Boolean System.Char.IsDigit(System.String s, System.Int32 index)"
Dynamic,Method,"System.Boolean System.Char.IsLetter(System.String s, System.Int32 index)"
Dynamic,Method,"System.Boolean System.Char.IsLetterOrDigit(System.String s, System.Int32 index)"
Dynamic,Method,"System.Boolean System.Char.IsLower(System.String s, System.Int32 index)"
Dynamic,Method,"System.Boolean System.Char.IsNumber(System.Char c)"
Dynamic,Method,"System.Boolean System.Char.IsNumber(System.String s, System.Int32 index)"
Dynamic,Method,"System.Boolean System.Char.IsPunctuation(System.String s, System.Int32 index)"
Dynamic,Method,"System.Boolean System.Char.IsSeparator(System.Char c)"
Dynamic,Method,"System.Boolean System.Char.IsSeparator(System.String s, System.Int32 index)"
Dynamic,Method,"System.Boolean System.Char.IsSurrogate(System.Char c)"
Dynamic,Method,"System.Boolean System.Char.IsSurrogate(System.String s, System.Int32 index)"
Dynamic,Method,"System.Boolean System.Char.IsSymbol(System.Char c)"
Dynamic,Method,"System.Boolean System.Char.IsSymbol(System.String s, System.Int32 index)"
Dynamic,Method,"System.Boolean System.Char.IsUpper(System.String s, System.Int32 index)"
Dynamic,Method,"System.Boolean System.Char.IsWhiteSpace(System.String s, System.Int32 index)"
Dynamic,Method,"System.Globalization.UnicodeCategory System.Char.GetUnicodeCategory(System.Char c)"
Dynamic,Method,"System.Globalization.UnicodeCategory System.Char.GetUnicodeCategory(System.String s, System.Int32 index)"
Dynamic,Method,"System.Double System.Char.GetNumericValue(System.Char c)"
Dynamic,Method,"System.Double System.Char.GetNumericValue(System.String s, System.Int32 index)"
Dynamic,Method,"System.Boolean System.Char.IsHighSurrogate(System.Char c)"
Dynamic,Method,"System.Boolean System.Char.IsHighSurrogate(System.String s, System.Int32 index)"
Dynamic,Method,"System.Boolean System.Char.IsLowSurrogate(System.Char c)"
Dynamic,Method,"System.Boolean System.Char.IsLowSurrogate(System.String s, System.Int32 index)"
Dynamic,Method,"System.Boolean System.Char.IsSurrogatePair(System.String s, System.Int32 index)"
Dynamic,Method,"System.Boolean System.Char.IsSurrogatePair(System.Char highSurrogate, System.Char lowSurrogate)"
Dynamic,Method,"System.String System.Char.ConvertFromUtf32(System.Int32 utf32)"
Dynamic,Method,"System.Int32 System.Char.ConvertToUtf32(System.Char highSurrogate, System.Char lowSurrogate)"
Dynamic,Method,"System.Int32 System.Char.ConvertToUtf32(System.String s, System.Int32 index)"
Dynamic,Method,"System.Int32 System.Int16.CompareTo(System.Object value)"
Dynamic,Method,"System.Int32 System.Int16.CompareTo(System.Int16 value)"
Dynamic,Method,"System.Boolean System.Int16.Equals(System.Object obj)"
Dynamic,Method,"System.Boolean System.Int16.Equals(System.Int16 obj)"
Dynamic,Method,"System.Int32 System.Int16.GetHashCode()"
Dynamic,Method,"System.String System.Int16.ToString()"
Dynamic,Method,"System.String System.Int16.ToString(System.IFormatProvider provider)"
Dynamic,Method,"System.String System.Int16.ToString(System.String format)"
Dynamic,Method,"System.String System.Int16.ToString(System.String format, System.IFormatProvider provider)"
Dynamic,Method,"System.Boolean System.Int16.TryFormat(System.Span<System.Char> destination, out System.Int32 charsWritten, System.ReadOnlySpan<System.Char> format, System.IFormatProvider provider)"
Dynamic,Method,"System.Int16 System.Int16.Parse(System.String s)"
Dynamic,Method,"System.Int16 System.Int16.Parse(System.String s, System.Globalization.NumberStyles style)"
Dynamic,Method,"System.Int16 System.Int16.Parse(System.String s, System.IFormatProvider provider)"
Dynamic,Method,"System.Int16 System.Int16.Parse(System.String s, System.Globalization.NumberStyles style, System.IFormatProvider provider)"
Dynamic,Method,"System.Int16 System.Int16.Parse(System.ReadOnlySpan<System.Char> s, System.Globalization.NumberStyles style, System.IFormatProvider provider)"
Dynamic,Method,"System.Boolean System.Int16.TryParse(System.String s, out System.Int16 result)"
Dynamic,Method,"System.Boolean System.Int16.TryParse(System.ReadOnlySpan<System.Char> s, out System.Int16 result)"
Dynamic,Method,"System.Boolean System.Int16.TryParse(System.String s, System.Globalization.NumberStyles style, System.IFormatProvider provider, out System.Int16 result)"
Dynamic,Method,"System.Boolean System.Int16.TryParse(System.ReadOnlySpan<System.Char> s, System.Globalization.NumberStyles style, System.IFormatProvider provider, out System.Int16 result)"
Dynamic,Method,"System.TypeCode System.Int16.GetTypeCode()"
Dynamic,Method,"System.Void System.Reflection.Binder..ctor()"
Dynamic,Method,"System.Void System.Reflection.MemberFilter..ctor(System.Object object, System.IntPtr method)"
Dynamic,Method,"System.IAsyncResult System.Reflection.MemberFilter.BeginInvoke(System.Reflection.MemberInfo m, System.Object filterCriteria, System.AsyncCallback callback, System.Object object)"
Dynamic,Method,"System.Boolean System.Reflection.MemberFilter.EndInvoke(System.IAsyncResult result)"
Dynamic,Method,"System.Void System.EventArgs..ctor()"
Dynamic,Method,"System.Int32 System.UInt16.CompareTo(System.Object value)"
Dynamic,Method,"System.Int32 System.UInt16.CompareTo(System.UInt16 value)"
Dynamic,Method,"System.Boolean System.UInt16.Equals(System.Object obj)"
Dynamic,Method,"System.Boolean System.UInt16.Equals(System.UInt16 obj)"
Dynamic,Method,"System.Int32 System.UInt16.GetHashCode()"
Dynamic,Method,"System.String System.UInt16.ToString()"
Dynamic,Method,"System.String System.UInt16.ToString(System.IFormatProvider provider)"
Dynamic,Method,"System.String System.UInt16.ToString(System.String format)"
Dynamic,Method,"System.String System.UInt16.ToString(System.String format, System.IFormatProvider provider)"
Dynamic,Method,"System.Boolean System.UInt16.TryFormat(System.Span<System.Char> destination, out System.Int32 charsWritten, System.ReadOnlySpan<System.Char> format, System.IFormatProvider provider)"
Dynamic,Method,"System.UInt16 System.UInt16.Parse(System.String s)"
Dynamic,Method,"System.UInt16 System.UInt16.Parse(System.String s, System.Globalization.NumberStyles style)"
Dynamic,Method,"System.UInt16 System.UInt16.Parse(System.String s, System.IFormatProvider provider)"
Dynamic,Method,"System.UInt16 System.UInt16.Parse(System.String s, System.Globalization.NumberStyles style, System.IFormatProvider provider)"
Dynamic,Method,"System.UInt16 System.UInt16.Parse(System.ReadOnlySpan<System.Char> s, System.Globalization.NumberStyles style, System.IFormatProvider provider)"
Dynamic,Method,"System.Boolean System.UInt16.TryParse(System.String s, out System.UInt16 result)"
Dynamic,Method,"System.Boolean System.UInt16.TryParse(System.ReadOnlySpan<System.Char> s, out System.UInt16 result)"
Dynamic,Method,"System.Boolean System.UInt16.TryParse(System.String s, System.Globalization.NumberStyles style, System.IFormatProvider provider, out System.UInt16 result)"
Dynamic,Method,"System.Boolean System.UInt16.TryParse(System.ReadOnlySpan<System.Char> s, System.Globalization.NumberStyles style, System.IFormatProvider provider, out System.UInt16 result)"
Dynamic,Method,"System.TypeCode System.UInt16.GetTypeCode()"
Dynamic,Method,"System.Void System.EventHandler<System.Diagnostics.Tracing.EventWrittenEventArgs>..ctor(System.Object, System.IntPtr)"
Dynamic,Method,"System.IAsyncResult System.EventHandler<System.Diagnostics.Tracing.EventWrittenEventArgs>.BeginInvoke(System.Object, System.Diagnostics.Tracing.EventWrittenEventArgs, System.AsyncCallback, System.Object)"
Dynamic,Method,"System.Void System.EventHandler<System.Diagnostics.Tracing.EventWrittenEventArgs>.EndInvoke(System.IAsyncResult)"
Dynamic,Method,"System.Void System.Collections.Generic.List<System.WeakReference>..ctor()"
Dynamic,Method,"System.Void System.Collections.Generic.List<System.WeakReference>..ctor(System.Int32)"
Dynamic,Method,"System.Void System.Collections.Generic.List<System.WeakReference>..ctor(System.Collections.Generic.IEnumerable<System.WeakReference>)"
Dynamic,Method,"System.Int32 System.Collections.Generic.List<System.WeakReference>.Count.get()"
Dynamic,Method,"System.WeakReference System.Collections.Generic.List<System.WeakReference>.Item.get(System.Int32)"
Dynamic,Method,"System.Void System.Collections.Generic.List<System.WeakReference>.Item.set(System.Int32, System.WeakReference)"
Dynamic,Method,"System.Void System.Collections.Generic.List<System.WeakReference>.Add(System.WeakReference)"
Dynamic,Method,"System.Void System.Collections.Generic.List<System.WeakReference>.Clear()"
Dynamic,Method,"System.Boolean System.Collections.Generic.List<System.WeakReference>.Contains(System.WeakReference)"
Dynamic,Method,"System.Void System.Collections.Generic.List<System.WeakReference>.CopyTo(System.WeakReference[], System.Int32)"
Dynamic,Method,"System.Collections.Generic.List<System.WeakReference>.Enumerator System.Collections.Generic.List<System.WeakReference>.GetEnumerator()"
Dynamic,Method,"System.Int32 System.Collections.Generic.List<System.WeakReference>.IndexOf(System.WeakReference)"
Dynamic,Method,"System.Void System.Collections.Generic.List<System.WeakReference>.Insert(System.Int32, System.WeakReference)"
Dynamic,Method,"System.Boolean System.Collections.Generic.List<System.WeakReference>.Remove(System.WeakReference)"
Dynamic,Method,"System.Void System.Collections.Generic.List<System.WeakReference>.RemoveAt(System.Int32)"
Dynamic,Method,"System.Void System.Collections.ObjectModel.ReadOnlyCollection<System.Object>..ctor(System.Collections.Generic.IList<System.Object>)"
Dynamic,Method,"System.Void System.Collections.ObjectModel.ReadOnlyCollection<System.String>..ctor(System.Collections.Generic.IList<System.String>)"
Dynamic,Method,"System.Void System.Nullable<System.Int64>..ctor(System.Int64)"
Dynamic,Method,"System.Boolean System.Nullable<System.Int64>.HasValue.get()"
Dynamic,Method,"System.Int64 System.Nullable<System.Int64>.Value.get()"
Dynamic,Method,"System.Int64 System.Nullable<System.Int64>.GetValueOrDefault()"
Dynamic,Method,"System.Int64 System.Nullable<System.Int64>.GetValueOrDefault(System.Int64)"
Dynamic,Method,"System.Boolean System.Nullable<System.Int64>.Equals(System.Object)"
Dynamic,Method,"System.Int32 System.Nullable<System.Int64>.GetHashCode()"
Dynamic,Method,"System.String System.Nullable<System.Int64>.ToString()"
Dynamic,Method,"System.Nullable<System.Int64> System.Nullable<System.Int64>.op_Implicit(System.Int64)"
Dynamic,Method,"System.Int64 System.Nullable<System.Int64>.op_Explicit(System.Nullable<System.Int64>)"
Dynamic,Method,"System.Object System.Collections.IDictionary.Item.get(System.Object key)"
Dynamic,Method,"System.Boolean System.Collections.IDictionary.Contains(System.Object key)"
Dynamic,Method,"System.Collections.IDictionaryEnumerator System.Collections.IDictionary.GetEnumerator()"
Dynamic,Method,"System.Void System.Collections.Generic.Dictionary<System.Int32, System.String>..ctor()"
Dynamic,Method,"System.Void System.Collections.Generic.Dictionary<System.Int32, System.String>..ctor(System.Int32)"
Dynamic,Method,"System.Void System.Collections.Generic.Dictionary<System.Int32, System.String>..ctor(System.Collections.Generic.IEqualityComparer<System.Int32>)"
Dynamic,Method,"System.Void System.Collections.Generic.Dictionary<System.Int32, System.String>..ctor(System.Int32, System.Collections.Generic.IEqualityComparer<System.Int32>)"
Dynamic,Method,"System.Void System.Collections.Generic.Dictionary<System.Int32, System.String>..ctor(System.Collections.Generic.IDictionary<System.Int32, System.String>)"
Dynamic,Method,"System.Void System.Collections.Generic.Dictionary<System.Int32, System.String>..ctor(System.Collections.Generic.IDictionary<System.Int32, System.String>, System.Collections.Generic.IEqualityComparer<System.Int32>)"
Dynamic,Method,"System.Void System.Collections.Generic.Dictionary<System.Int32, System.String>..ctor(System.Collections.Generic.IEnumerable<System.Collections.Generic.KeyValuePair<System.Int32, System.String>>)"
Dynamic,Method,"System.Void System.Collections.Generic.Dictionary<System.Int32, System.String>..ctor(System.Collections.Generic.IEnumerable<System.Collections.Generic.KeyValuePair<System.Int32, System.String>>, System.Collections.Generic.IEqualityComparer<System.Int32>)"
Dynamic,Method,"System.Void System.Collections.Generic.Dictionary<System.Int32, System.String>..ctor(System.Runtime.Serialization.SerializationInfo, System.Runtime.Serialization.StreamingContext)"
Dynamic,Method,"System.Void System.Collections.Generic.Dictionary<System.UInt64, System.String>..ctor()"
Dynamic,Method,"System.Void System.Collections.Generic.Dictionary<System.UInt64, System.String>..ctor(System.Int32)"
Dynamic,Method,"System.Void System.Collections.Generic.Dictionary<System.UInt64, System.String>..ctor(System.Collections.Generic.IEqualityComparer<System.UInt64>)"
Dynamic,Method,"System.Void System.Collections.Generic.Dictionary<System.UInt64, System.String>..ctor(System.Int32, System.Collections.Generic.IEqualityComparer<System.UInt64>)"
Dynamic,Method,"System.Void System.Collections.Generic.Dictionary<System.UInt64, System.String>..ctor(System.Collections.Generic.IDictionary<System.UInt64, System.String>)"
Dynamic,Method,"System.Void System.Collections.Generic.Dictionary<System.UInt64, System.String>..ctor(System.Collections.Generic.IDictionary<System.UInt64, System.String>, System.Collections.Generic.IEqualityComparer<System.UInt64>)"
Dynamic,Method,"System.Void System.Collections.Generic.Dictionary<System.UInt64, System.String>..ctor(System.Collections.Generic.IEnumerable<System.Collections.Generic.KeyValuePair<System.UInt64, System.String>>)"
Dynamic,Method,"System.Void System.Collections.Generic.Dictionary<System.UInt64, System.String>..ctor(System.Collections.Generic.IEnumerable<System.Collections.Generic.KeyValuePair<System.UInt64, System.String>>, System.Collections.Generic.IEqualityComparer<System.UInt64>)"
Dynamic,Method,"System.Void System.Collections.Generic.Dictionary<System.UInt64, System.String>..ctor(System.Runtime.Serialization.SerializationInfo, System.Runtime.Serialization.StreamingContext)"
Dynamic,Method,"System.Void System.Collections.Generic.Dictionary<System.String, System.Type>..ctor()"
Dynamic,Method,"System.Void System.Collections.Generic.Dictionary<System.String, System.Type>..ctor(System.Int32)"
Dynamic,Method,"System.Void System.Collections.Generic.Dictionary<System.String, System.Type>..ctor(System.Collections.Generic.IEqualityComparer<System.String>)"
Dynamic,Method,"System.Void System.Collections.Generic.Dictionary<System.String, System.Type>..ctor(System.Int32, System.Collections.Generic.IEqualityComparer<System.String>)"
Dynamic,Method,"System.Void System.Collections.Generic.Dictionary<System.String, System.Type>..ctor(System.Collections.Generic.IDictionary<System.String, System.Type>)"
Dynamic,Method,"System.Void System.Collections.Generic.Dictionary<System.String, System.Type>..ctor(System.Collections.Generic.IDictionary<System.String, System.Type>, System.Collections.Generic.IEqualityComparer<System.String>)"
Dynamic,Method,"System.Void System.Collections.Generic.Dictionary<System.String, System.Type>..ctor(System.Collections.Generic.IEnumerable<System.Collections.Generic.KeyValuePair<System.String, System.Type>>)"
Dynamic,Method,"System.Void System.Collections.Generic.Dictionary<System.String, System.Type>..ctor(System.Collections.Generic.IEnumerable<System.Collections.Generic.KeyValuePair<System.String, System.Type>>, System.Collections.Generic.IEqualityComparer<System.String>)"
Dynamic,Method,"System.Void System.Collections.Generic.Dictionary<System.String, System.Type>..ctor(System.Runtime.Serialization.SerializationInfo, System.Runtime.Serialization.StreamingContext)"
Dynamic,Method,"System.Int32 System.UInt64.CompareTo(System.Object value)"
Dynamic,Method,"System.Int32 System.UInt64.CompareTo(System.UInt64 value)"
Dynamic,Method,"System.Boolean System.UInt64.Equals(System.Object obj)"
Dynamic,Method,"System.Boolean System.UInt64.Equals(System.UInt64 obj)"
Dynamic,Method,"System.Int32 System.UInt64.GetHashCode()"
Dynamic,Method,"System.String System.UInt64.ToString()"
Dynamic,Method,"System.String System.UInt64.ToString(System.IFormatProvider provider)"
Dynamic,Method,"System.String System.UInt64.ToString(System.String format)"
Dynamic,Method,"System.String System.UInt64.ToString(System.String format, System.IFormatProvider provider)"
Dynamic,Method,"System.Boolean System.UInt64.TryFormat(System.Span<System.Char> destination, out System.Int32 charsWritten, System.ReadOnlySpan<System.Char> format, System.IFormatProvider provider)"
Dynamic,Method,"System.UInt64 System.UInt64.Parse(System.String s)"
Dynamic,Method,"System.UInt64 System.UInt64.Parse(System.String s, System.Globalization.NumberStyles style)"
Dynamic,Method,"System.UInt64 System.UInt64.Parse(System.String s, System.IFormatProvider provider)"
Dynamic,Method,"System.UInt64 System.UInt64.Parse(System.String s, System.Globalization.NumberStyles style, System.IFormatProvider provider)"
Dynamic,Method,"System.UInt64 System.UInt64.Parse(System.ReadOnlySpan<System.Char> s, System.Globalization.NumberStyles style, System.IFormatProvider provider)"
Dynamic,Method,"System.Boolean System.UInt64.TryParse(System.String s, out System.UInt64 result)"
Dynamic,Method,"System.Boolean System.UInt64.TryParse(System.ReadOnlySpan<System.Char> s, out System.UInt64 result)"
Dynamic,Method,"System.Boolean System.UInt64.TryParse(System.String s, System.Globalization.NumberStyles style, System.IFormatProvider provider, out System.UInt64 result)"
Dynamic,Method,"System.Boolean System.UInt64.TryParse(System.ReadOnlySpan<System.Char> s, System.Globalization.NumberStyles style, System.IFormatProvider provider, out System.UInt64 result)"
Dynamic,Method,"System.TypeCode System.UInt64.GetTypeCode()"
Dynamic,Method,"System.Void System.Text.StringBuilder..ctor()"
Dynamic,Method,"System.Void System.Text.StringBuilder..ctor(System.Int32 capacity)"
Dynamic,Method,"System.Void System.Text.StringBuilder..ctor(System.String value)"
Dynamic,Method,"System.Void System.Text.StringBuilder..ctor(System.String value, System.Int32 capacity)"
Dynamic,Method,"System.Void System.Text.StringBuilder..ctor(System.String value, System.Int32 startIndex, System.Int32 length, System.Int32 capacity)"
Dynamic,Method,"System.Void System.Text.StringBuilder..ctor(System.Int32 capacity, System.Int32 maxCapacity)"
Dynamic,Method,"System.Int32 System.Text.StringBuilder.Capacity.get()"
Dynamic,Method,"System.Int32 System.Text.StringBuilder.MaxCapacity.get()"
Dynamic,Method,"System.Int32 System.Text.StringBuilder.EnsureCapacity(System.Int32 capacity)"
Dynamic,Method,"System.String System.Text.StringBuilder.ToString()"
Dynamic,Method,"System.Text.StringBuilder System.Text.StringBuilder.Clear()"
Dynamic,Method,"System.Int32 System.Text.StringBuilder.Length.get()"
Dynamic,Method,"System.Void System.Text.StringBuilder.Length.set(System.Int32 value)"
Dynamic,Method,"System.Text.StringBuilder System.Text.StringBuilder.Append(System.Char value, System.Int32 repeatCount)"
Dynamic,Method,"System.Text.StringBuilder System.Text.StringBuilder.Append(System.String value)"
Dynamic,Method,"System.Text.StringBuilder System.Text.StringBuilder.AppendLine()"
Dynamic,Method,"System.Void System.Text.StringBuilder.CopyTo(System.Int32 sourceIndex, System.Span<System.Char> destination, System.Int32 count)"
Dynamic,Method,"System.Text.StringBuilder System.Text.StringBuilder.Append(System.Char value)"
Dynamic,Method,"System.Text.StringBuilder System.Text.StringBuilder.Append(System.Object value)"
Dynamic,Method,"System.Text.StringBuilder System.Text.StringBuilder.AppendFormat(System.IFormatProvider provider, System.String format, System.Object arg0)"
Dynamic,Method,"System.Text.StringBuilder System.Text.StringBuilder.AppendFormat(System.IFormatProvider provider, System.String format, params System.Object[] args)"
Dynamic,Method,"System.Void System.Resources.ResourceManager..ctor()"
Dynamic,Method,"System.Void System.Resources.ResourceManager..ctor(System.String baseName, System.Reflection.Assembly assembly)"
Dynamic,Method,"System.Void System.Resources.ResourceManager..ctor(System.String baseName, System.Reflection.Assembly assembly, System.Type usingResourceSet)"
Dynamic,Method,"System.Void System.Resources.ResourceManager..ctor(System.Type resourceSource)"
Dynamic,Method,"System.String System.Resources.ResourceManager.BaseName.get()"
Dynamic,Method,"System.Boolean System.Resources.ResourceManager.IgnoreCase.get()"
Dynamic,Method,"System.Void System.Resources.ResourceManager.IgnoreCase.set(System.Boolean value)"
Dynamic,Method,"System.Type System.Resources.ResourceManager.ResourceSetType.get()"
Dynamic,Method,"System.Void System.Resources.ResourceManager.ReleaseAllResources()"
Dynamic,Method,"System.Resources.ResourceManager System.Resources.ResourceManager.CreateFileBasedResourceManager(System.String baseName, System.String resourceDir, System.Type usingResourceSet)"
Dynamic,Method,"System.String System.Resources.ResourceManager.GetResourceFileName(System.Globalization.CultureInfo culture)"
Dynamic,Method,"System.Resources.ResourceSet System.Resources.ResourceManager.GetResourceSet(System.Globalization.CultureInfo culture, System.Boolean createIfNotExists, System.Boolean tryParents)"
Dynamic,Method,"System.Resources.ResourceSet System.Resources.ResourceManager.InternalGetResourceSet(System.Globalization.CultureInfo culture, System.Boolean createIfNotExists, System.Boolean tryParents)"
Dynamic,Method,"System.String System.Resources.ResourceManager.GetString(System.String name)"
Dynamic,Method,"System.String System.Resources.ResourceManager.GetString(System.String name, System.Globalization.CultureInfo culture)"
Dynamic,Method,"System.Object System.Resources.ResourceManager.GetObject(System.String name)"
Dynamic,Method,"System.Object System.Resources.ResourceManager.GetObject(System.String name, System.Globalization.CultureInfo culture)"
Dynamic,Method,"System.IO.UnmanagedMemoryStream System.Resources.ResourceManager.GetStream(System.String name)"
Dynamic,Method,"System.IO.UnmanagedMemoryStream System.Resources.ResourceManager.GetStream(System.String name, System.Globalization.CultureInfo culture)"
Dynamic,Method,"System.String System.Collections.Generic.IList<System.String>.Item.get(System.Int32)"
Dynamic,Method,"System.Void System.Collections.Generic.IList<System.String>.Item.set(System.Int32, System.String)"
Dynamic,Method,"System.Int32 System.Collections.Generic.IList<System.String>.IndexOf(System.String)"
Dynamic,Method,"System.Void System.Collections.Generic.IList<System.String>.Insert(System.Int32, System.String)"
Dynamic,Method,"System.Void System.Collections.Generic.IList<System.String>.RemoveAt(System.Int32)"
Dynamic,Method,"System.Void System.Collections.Generic.Dictionary<System.String, System.Collections.Generic.List<System.Int32>>..ctor()"
Dynamic,Method,"System.Void System.Collections.Generic.Dictionary<System.String, System.Collections.Generic.List<System.Int32>>..ctor(System.Int32)"
Dynamic,Method,"System.Void System.Collections.Generic.Dictionary<System.String, System.Collections.Generic.List<System.Int32>>..ctor(System.Collections.Generic.IEqualityComparer<System.String>)"
Dynamic,Method,"System.Void System.Collections.Generic.Dictionary<System.String, System.Collections.Generic.List<System.Int32>>..ctor(System.Int32, System.Collections.Generic.IEqualityComparer<System.String>)"
Dynamic,Method,"System.Void System.Collections.Generic.Dictionary<System.String, System.Collections.Generic.List<System.Int32>>..ctor(System.Collections.Generic.IDictionary<System.String, System.Collections.Generic.List<System.Int32>>)"
Dynamic,Method,"System.Void System.Collections.Generic.Dictionary<System.String, System.Collections.Generic.List<System.Int32>>..ctor(System.Collections.Generic.IDictionary<System.String, System.Collections.Generic.List<System.Int32>>, System.Collections.Generic.IEqualityComparer<System.String>)"
Dynamic,Method,"System.Void System.Collections.Generic.Dictionary<System.String, System.Collections.Generic.List<System.Int32>>..ctor(System.Collections.Generic.IEnumerable<System.Collections.Generic.KeyValuePair<System.String, System.Collections.Generic.List<System.Int32>>>)"
Dynamic,Method,"System.Void System.Collections.Generic.Dictionary<System.String, System.Collections.Generic.List<System.Int32>>..ctor(System.Collections.Generic.IEnumerable<System.Collections.Generic.KeyValuePair<System.String, System.Collections.Generic.List<System.Int32>>>, System.Collections.Generic.IEqualityComparer<System.String>)"
Dynamic,Method,"System.Void System.Collections.Generic.Dictionary<System.String, System.Collections.Generic.List<System.Int32>>..ctor(System.Runtime.Serialization.SerializationInfo, System.Runtime.Serialization.StreamingContext)"
Dynamic,Method,"System.Void System.Collections.Generic.List<System.Int32>..ctor()"
Dynamic,Method,"System.Void System.Collections.Generic.List<System.Int32>..ctor(System.Int32)"
Dynamic,Method,"System.Void System.Collections.Generic.List<System.Int32>..ctor(System.Collections.Generic.IEnumerable<System.Int32>)"
Dynamic,Method,"System.Int32 System.Collections.Generic.List<System.Int32>.Count.get()"
Dynamic,Method,"System.Int32 System.Collections.Generic.List<System.Int32>.Item.get(System.Int32)"
Dynamic,Method,"System.Void System.Collections.Generic.List<System.Int32>.Item.set(System.Int32, System.Int32)"
Dynamic,Method,"System.Void System.Collections.Generic.List<System.Int32>.Add(System.Int32)"
Dynamic,Method,"System.Void System.Collections.Generic.List<System.Int32>.Clear()"
Dynamic,Method,"System.Boolean System.Collections.Generic.List<System.Int32>.Contains(System.Int32)"
Dynamic,Method,"System.Void System.Collections.Generic.List<System.Int32>.CopyTo(System.Int32[], System.Int32)"
Dynamic,Method,"System.Int32 System.Collections.Generic.List<System.Int32>.IndexOf(System.Int32)"
Dynamic,Method,"System.Void System.Collections.Generic.List<System.Int32>.Insert(System.Int32, System.Int32)"
Dynamic,Method,"System.Boolean System.Collections.Generic.List<System.Int32>.Remove(System.Int32)"
Dynamic,Method,"System.Void System.Collections.Generic.List<System.Int32>.RemoveAt(System.Int32)"
Dynamic,Method,"System.Boolean System.Collections.Generic.IEqualityComparer<System.String>.Equals(System.String, System.String)"
Dynamic,Method,"System.Int32 System.Collections.Generic.IEqualityComparer<System.String>.GetHashCode(System.String)"
Dynamic,Method,"System.Void System.Collections.Generic.Dictionary<System.String, System.String>.KeyCollection..ctor(System.Collections.Generic.Dictionary<System.String, System.String>)"
Dynamic,Method,"System.Void System.Collections.Generic.Dictionary<System.String, System.String>.ValueCollection..ctor(System.Collections.Generic.Dictionary<System.String, System.String>)"
Dynamic,Method,"System.Void System.Collections.Generic.List<System.String>..ctor()"
Dynamic,Method,"System.Void System.Collections.Generic.List<System.String>..ctor(System.Int32)"
Dynamic,Method,"System.Void System.Collections.Generic.List<System.String>..ctor(System.Collections.Generic.IEnumerable<System.String>)"
Dynamic,Method,"System.Int32 System.Collections.Generic.List<System.String>.Count.get()"
Dynamic,Method,"System.String System.Collections.Generic.List<System.String>.Item.get(System.Int32)"
Dynamic,Method,"System.Void System.Collections.Generic.List<System.String>.Item.set(System.Int32, System.String)"
Dynamic,Method,"System.Void System.Collections.Generic.List<System.String>.Add(System.String)"
Dynamic,Method,"System.Void System.Collections.Generic.List<System.String>.Clear()"
Dynamic,Method,"System.Boolean System.Collections.Generic.List<System.String>.Contains(System.String)"
Dynamic,Method,"System.Void System.Collections.Generic.List<System.String>.CopyTo(System.String[], System.Int32)"
Dynamic,Method,"System.Int32 System.Collections.Generic.List<System.String>.IndexOf(System.String)"
Dynamic,Method,"System.Void System.Collections.Generic.List<System.String>.Insert(System.Int32, System.String)"
Dynamic,Method,"System.Int32 System.Collections.Generic.List<System.String>.LastIndexOf(System.String)"
Dynamic,Method,"System.Int32 System.Collections.Generic.List<System.String>.LastIndexOf(System.String, System.Int32, System.Int32)"
Dynamic,Method,"System.Boolean System.Collections.Generic.List<System.String>.Remove(System.String)"
Dynamic,Method,"System.Void System.Collections.Generic.List<System.String>.RemoveAt(System.Int32)"
Dynamic,Method,"System.Void System.Collections.Generic.List<System.Object>..ctor()"
Dynamic,Method,"System.Void System.Collections.Generic.List<System.Object>..ctor(System.Int32)"
Dynamic,Method,"System.Void System.Collections.Generic.List<System.Object>..ctor(System.Collections.Generic.IEnumerable<System.Object>)"
Dynamic,Method,"System.String System.Boolean.ToString(System.IFormatProvider provider)"
Dynamic,Method,"System.String System.String.ToString(System.IFormatProvider provider)"
Dynamic,Method,"System.Int32 System.String.Compare(System.String strA, System.Int32 indexA, System.String strB, System.Int32 indexB, System.Int32 length, System.Boolean ignoreCase)"
Dynamic,Method,"System.Boolean System.String.Equals(System.String a, System.String b, System.StringComparison comparisonType)"
Dynamic,Method,"System.String System.String.Concat(System.Object arg0, System.Object arg1, System.Object arg2)"
Dynamic,Method,"System.String System.String.Replace(System.String oldValue, System.String newValue)"
Dynamic,Method,"System.Boolean System.String.Contains(System.String value)"
Dynamic,Method,"System.Int32 System.String.IndexOf(System.String value, System.Int32 startIndex, System.StringComparison comparisonType)"
Dynamic,Method,"System.Diagnostics.Tracing.EventCommand System.Diagnostics.Tracing.EventCommandEventArgs.Command.get()"
Dynamic,Method,"System.Collections.Generic.IDictionary<System.String, System.String> System.Diagnostics.Tracing.EventCommandEventArgs.Arguments.get()"
Dynamic,Method,"System.Boolean System.DateTime.IsLeapYear(System.Int32 year)"
Dynamic,Method,"System.String System.DateTime.ToString(System.IFormatProvider provider)"
Dynamic,Method,"System.Reflection.Module System.Reflection.MemberInfo.Module.get()"
Dynamic,Method,"System.Boolean System.Reflection.MemberInfo.op_Equality(System.Reflection.MemberInfo left, System.Reflection.MemberInfo right)"
Dynamic,Method,"System.Void System.Reflection.FieldInfo..ctor()"
Dynamic,Method,"System.Void System.Reflection.FieldInfo.SetValue(System.Object obj, System.Object value, System.Reflection.BindingFlags invokeAttr, System.Reflection.Binder binder, System.Globalization.CultureInfo culture)"
Dynamic,Method,"System.Int32 System.Collections.Generic.Dictionary<System.String, System.String>.Count.get()"
Dynamic,Method,"System.String System.Collections.Generic.Dictionary<System.String, System.String>.Item.get(System.String)"
Dynamic,Method,"System.Void System.Collections.Generic.Dictionary<System.String, System.String>.Item.set(System.String, System.String)"
Dynamic,Method,"System.Void System.Collections.Generic.Dictionary<System.String, System.String>.Add(System.String, System.String)"
Dynamic,Method,"System.Void System.Collections.Generic.Dictionary<System.String, System.String>.Clear()"
Dynamic,Method,"System.Boolean System.Collections.Generic.Dictionary<System.String, System.String>.ContainsKey(System.String)"
Dynamic,Method,"System.Void System.Collections.Generic.Dictionary<System.String, System.String>.GetObjectData(System.Runtime.Serialization.SerializationInfo, System.Runtime.Serialization.StreamingContext)"
Dynamic,Method,"System.Void System.Collections.Generic.Dictionary<System.String, System.String>.OnDeserialization(System.Object)"
Dynamic,Method,"System.Boolean System.Collections.Generic.Dictionary<System.String, System.String>.Remove(System.String)"
Dynamic,Method,"System.Boolean System.Collections.Generic.Dictionary<System.String, System.String>.TryGetValue(System.String, System.String)"
Dynamic,Method,"System.Reflection.ParameterInfo System.Reflection.MethodInfo.ReturnParameter.get()"
Dynamic,Method,"System.Reflection.MethodInfo System.Reflection.MethodInfo.GetGenericMethodDefinition()"
Dynamic,Method,"System.Delegate System.Reflection.MethodInfo.CreateDelegate(System.Type delegateType)"
Dynamic,Method,"System.Void System.Collections.Generic.List<System.Byte>..ctor(System.Int32)"
Dynamic,Method,"System.Int32 System.Collections.Generic.List<System.Byte>.Count.get()"
Dynamic,Method,"System.Byte System.Collections.Generic.List<System.Byte>.Item.get(System.Int32)"
Dynamic,Method,"System.Void System.Collections.Generic.List<System.Byte>.Item.set(System.Int32, System.Byte)"
Dynamic,Method,"System.Void System.Collections.Generic.List<System.Byte>.Add(System.Byte)"
Dynamic,Method,"System.Void System.Collections.Generic.List<System.Byte>.Clear()"
Dynamic,Method,"System.Boolean System.Collections.Generic.List<System.Byte>.Contains(System.Byte)"
Dynamic,Method,"System.Void System.Collections.Generic.List<System.Byte>.CopyTo(System.Byte[], System.Int32)"
Dynamic,Method,"System.Collections.Generic.List<System.Byte>.Enumerator System.Collections.Generic.List<System.Byte>.GetEnumerator()"
Dynamic,Method,"System.Int32 System.Collections.Generic.List<System.Byte>.IndexOf(System.Byte)"
Dynamic,Method,"System.Void System.Collections.Generic.List<System.Byte>.Insert(System.Int32, System.Byte)"
Dynamic,Method,"System.Boolean System.Collections.Generic.List<System.Byte>.Remove(System.Byte)"
Dynamic,Method,"System.Void System.Collections.Generic.List<System.Byte>.RemoveAt(System.Int32)"
Dynamic,Method,"System.Void System.Collections.Generic.List<System.WeakReference>.Capacity.set(System.Int32)"
Dynamic,Method,"System.Int32 System.Collections.ObjectModel.ReadOnlyCollection<System.Object>.Count.get()"
Dynamic,Method,"System.Object System.Collections.ObjectModel.ReadOnlyCollection<System.Object>.Item.get(System.Int32)"
Dynamic,Method,"System.Boolean System.Collections.ObjectModel.ReadOnlyCollection<System.Object>.Contains(System.Object)"
Dynamic,Method,"System.Void System.Collections.ObjectModel.ReadOnlyCollection<System.Object>.CopyTo(System.Object[], System.Int32)"
Dynamic,Method,"System.Collections.Generic.IEnumerator<System.Object> System.Collections.ObjectModel.ReadOnlyCollection<System.Object>.GetEnumerator()"
Dynamic,Method,"System.Int32 System.Collections.ObjectModel.ReadOnlyCollection<System.Object>.IndexOf(System.Object)"
Dynamic,Method,"System.Int32 System.Collections.ObjectModel.ReadOnlyCollection<System.String>.Count.get()"
Dynamic,Method,"System.String System.Collections.ObjectModel.ReadOnlyCollection<System.String>.Item.get(System.Int32)"
Dynamic,Method,"System.Boolean System.Collections.ObjectModel.ReadOnlyCollection<System.String>.Contains(System.String)"
Dynamic,Method,"System.Void System.Collections.ObjectModel.ReadOnlyCollection<System.String>.CopyTo(System.String[], System.Int32)"
Dynamic,Method,"System.Collections.Generic.IEnumerator<System.String> System.Collections.ObjectModel.ReadOnlyCollection<System.String>.GetEnumerator()"
Dynamic,Method,"System.Int32 System.Collections.ObjectModel.ReadOnlyCollection<System.String>.IndexOf(System.String)"
Dynamic,Method,"System.Int32 System.Collections.Generic.Dictionary<System.Int32, System.String>.Count.get()"
Dynamic,Method,"System.String System.Collections.Generic.Dictionary<System.Int32, System.String>.Item.get(System.Int32)"
Dynamic,Method,"System.Void System.Collections.Generic.Dictionary<System.Int32, System.String>.Item.set(System.Int32, System.String)"
Dynamic,Method,"System.Void System.Collections.Generic.Dictionary<System.Int32, System.String>.Add(System.Int32, System.String)"
Dynamic,Method,"System.Void System.Collections.Generic.Dictionary<System.Int32, System.String>.Clear()"
Dynamic,Method,"System.Boolean System.Collections.Generic.Dictionary<System.Int32, System.String>.ContainsKey(System.Int32)"
Dynamic,Method,"System.Void System.Collections.Generic.Dictionary<System.Int32, System.String>.GetObjectData(System.Runtime.Serialization.SerializationInfo, System.Runtime.Serialization.StreamingContext)"
Dynamic,Method,"System.Void System.Collections.Generic.Dictionary<System.Int32, System.String>.OnDeserialization(System.Object)"
Dynamic,Method,"System.Boolean System.Collections.Generic.Dictionary<System.Int32, System.String>.Remove(System.Int32)"
Dynamic,Method,"System.Boolean System.Collections.Generic.Dictionary<System.Int32, System.String>.TryGetValue(System.Int32, System.String)"
Dynamic,Method,"System.Int32 System.Collections.Generic.Dictionary<System.UInt64, System.String>.Count.get()"
Dynamic,Method,"System.String System.Collections.Generic.Dictionary<System.UInt64, System.String>.Item.get(System.UInt64)"
Dynamic,Method,"System.Void System.Collections.Generic.Dictionary<System.UInt64, System.String>.Item.set(System.UInt64, System.String)"
Dynamic,Method,"System.Void System.Collections.Generic.Dictionary<System.UInt64, System.String>.Add(System.UInt64, System.String)"
Dynamic,Method,"System.Void System.Collections.Generic.Dictionary<System.UInt64, System.String>.Clear()"
Dynamic,Method,"System.Boolean System.Collections.Generic.Dictionary<System.UInt64, System.String>.ContainsKey(System.UInt64)"
Dynamic,Method,"System.Void System.Collections.Generic.Dictionary<System.UInt64, System.String>.GetObjectData(System.Runtime.Serialization.SerializationInfo, System.Runtime.Serialization.StreamingContext)"
Dynamic,Method,"System.Void System.Collections.Generic.Dictionary<System.UInt64, System.String>.OnDeserialization(System.Object)"
Dynamic,Method,"System.Boolean System.Collections.Generic.Dictionary<System.UInt64, System.String>.Remove(System.UInt64)"
Dynamic,Method,"System.Boolean System.Collections.Generic.Dictionary<System.UInt64, System.String>.TryGetValue(System.UInt64, System.String)"
Dynamic,Method,"System.Int32 System.Collections.Generic.Dictionary<System.String, System.Type>.Count.get()"
Dynamic,Method,"System.Type System.Collections.Generic.Dictionary<System.String, System.Type>.Item.get(System.String)"
Dynamic,Method,"System.Void System.Collections.Generic.Dictionary<System.String, System.Type>.Item.set(System.String, System.Type)"
Dynamic,Method,"System.Void System.Collections.Generic.Dictionary<System.String, System.Type>.Add(System.String, System.Type)"
Dynamic,Method,"System.Void System.Collections.Generic.Dictionary<System.String, System.Type>.Clear()"
Dynamic,Method,"System.Boolean System.Collections.Generic.Dictionary<System.String, System.Type>.ContainsKey(System.String)"
Dynamic,Method,"System.Void System.Collections.Generic.Dictionary<System.String, System.Type>.GetObjectData(System.Runtime.Serialization.SerializationInfo, System.Runtime.Serialization.StreamingContext)"
Dynamic,Method,"System.Void System.Collections.Generic.Dictionary<System.String, System.Type>.OnDeserialization(System.Object)"
Dynamic,Method,"System.Boolean System.Collections.Generic.Dictionary<System.String, System.Type>.Remove(System.String)"
Dynamic,Method,"System.Boolean System.Collections.Generic.Dictionary<System.String, System.Type>.TryGetValue(System.String, System.Type)"
Dynamic,Method,"System.Void System.Text.StringBuilder.Capacity.set(System.Int32 value)"
Dynamic,Method,"System.Text.StringBuilder System.Text.StringBuilder.Append(System.Char[] value, System.Int32 startIndex, System.Int32 charCount)"
Dynamic,Method,"System.Text.StringBuilder System.Text.StringBuilder.Append(System.String value, System.Int32 startIndex, System.Int32 count)"
Dynamic,Method,"System.Text.StringBuilder System.Text.StringBuilder.AppendLine(System.String value)"
Dynamic,Method,"System.Text.StringBuilder System.Text.StringBuilder.Append(System.Byte value)"
Dynamic,Method,"System.Text.StringBuilder System.Text.StringBuilder.Append(System.Int32 value)"
Dynamic,Method,"System.Text.StringBuilder System.Text.StringBuilder.Insert(System.Int32 index, System.String value)"
Dynamic,Method,"System.Text.StringBuilder System.Text.StringBuilder.Append(System.Char* value, System.Int32 valueCount)"
Dynamic,Method,"System.Int32 System.Collections.Generic.Dictionary<System.String, System.Collections.Generic.List<System.Int32>>.Count.get()"
Dynamic,Method,"System.Collections.Generic.List<System.Int32> System.Collections.Generic.Dictionary<System.String, System.Collections.Generic.List<System.Int32>>.Item.get(System.String)"
Dynamic,Method,"System.Void System.Collections.Generic.Dictionary<System.String, System.Collections.Generic.List<System.Int32>>.Item.set(System.String, System.Collections.Generic.List<System.Int32>)"
Dynamic,Method,"System.Void System.Collections.Generic.Dictionary<System.String, System.Collections.Generic.List<System.Int32>>.Add(System.String, System.Collections.Generic.List<System.Int32>)"
Dynamic,Method,"System.Void System.Collections.Generic.Dictionary<System.String, System.Collections.Generic.List<System.Int32>>.Clear()"
Dynamic,Method,"System.Boolean System.Collections.Generic.Dictionary<System.String, System.Collections.Generic.List<System.Int32>>.ContainsKey(System.String)"
Dynamic,Method,"System.Void System.Collections.Generic.Dictionary<System.String, System.Collections.Generic.List<System.Int32>>.GetObjectData(System.Runtime.Serialization.SerializationInfo, System.Runtime.Serialization.StreamingContext)"
Dynamic,Method,"System.Void System.Collections.Generic.Dictionary<System.String, System.Collections.Generic.List<System.Int32>>.OnDeserialization(System.Object)"
Dynamic,Method,"System.Boolean System.Collections.Generic.Dictionary<System.String, System.Collections.Generic.List<System.Int32>>.Remove(System.String)"
Dynamic,Method,"System.Boolean System.Collections.Generic.Dictionary<System.String, System.Collections.Generic.List<System.Int32>>.TryGetValue(System.String, System.Collections.Generic.List<System.Int32>)"
Dynamic,Method,"System.Void System.Collections.Generic.List<System.Int32>.Capacity.set(System.Int32)"
Dynamic,Method,"System.Void System.Collections.Generic.List<System.Int32>.RemoveRange(System.Int32, System.Int32)"
Dynamic,Method,"System.Void System.Collections.Generic.List<System.Int32>.Sort()"
Dynamic,Method,"System.Void System.Collections.Generic.Dictionary<System.String, System.String>.KeyCollection.CopyTo(System.String[], System.Int32)"
Dynamic,Method,"System.Int32 System.Collections.Generic.Dictionary<System.String, System.String>.KeyCollection.Count.get()"
Dynamic,Method,"System.Void System.Collections.Generic.Dictionary<System.String, System.String>.ValueCollection.CopyTo(System.String[], System.Int32)"
Dynamic,Method,"System.Int32 System.Collections.Generic.Dictionary<System.String, System.String>.ValueCollection.Count.get()"
Dynamic,Method,"System.Void System.Collections.Generic.List<System.String>.Capacity.set(System.Int32)"
Dynamic,Method,"System.Int32 System.Collections.Generic.List<System.Object>.Count.get()"
Dynamic,Method,"System.Object System.Collections.Generic.List<System.Object>.Item.get(System.Int32)"
Dynamic,Method,"System.Void System.Collections.Generic.List<System.Object>.Item.set(System.Int32, System.Object)"
Dynamic,Method,"System.Void System.Collections.Generic.List<System.Object>.Add(System.Object)"
Dynamic,Method,"System.Void System.Collections.Generic.List<System.Object>.Clear()"
Dynamic,Method,"System.Boolean System.Collections.Generic.List<System.Object>.Contains(System.Object)"
Dynamic,Method,"System.Void System.Collections.Generic.List<System.Object>.CopyTo(System.Object[], System.Int32)"
Dynamic,Method,"System.Int32 System.Collections.Generic.List<System.Object>.IndexOf(System.Object)"
Dynamic,Method,"System.Void System.Collections.Generic.List<System.Object>.Insert(System.Int32, System.Object)"
Dynamic,Method,"System.Boolean System.Collections.Generic.List<System.Object>.Remove(System.Object)"
Dynamic,Method,"System.Void System.Collections.Generic.List<System.Object>.RemoveAt(System.Int32)"
Dynamic,Method,"System.Void Windows.Foundation.Metadata.AttributeNameAttribute..ctor(System.String A_0)"
Dynamic,Method,"System.Void System.Runtime.CompilerServices.IsByRefLikeAttribute..ctor()"
Dynamic,Method,"System.Void System.ObsoleteAttribute..ctor(System.String message, System.Boolean error)"
Dynamic,Method,"System.Void System.Collections.Generic.KeyValuePair<System.Object, System.Object>..ctor(System.Object, System.Object)"
Dynamic,Method,"System.Void System.Collections.Generic.KeyValuePair<System.Object, System.Object>.Deconstruct(System.Object, System.Object)"
Dynamic,Method,"System.Void System.Collections.Generic.Dictionary<System.Object, System.Object>.Item.set(System.Object, System.Object)"
Dynamic,Method,"System.Void System.Collections.Generic.Dictionary<System.Object, System.Object>.Add(System.Object, System.Object)"
Dynamic,Method,"System.Runtime.InteropServices.Marshallers.InterfaceMarshaller<TSafe> System.Runtime.InteropServices.Marshallers.InterfaceMarshaller<TSafe>.Instance.get()"
Dynamic,Method,"System.Runtime.InteropServices.Marshallers.BlittableMarshaller<T> System.Runtime.InteropServices.Marshallers.BlittableMarshaller<T>.Instance.get()"
Dynamic,Method,"System.Runtime.InteropServices.Marshallers.StructMarshaller<TSafe, TUnsafe> System.Runtime.InteropServices.Marshallers.StructMarshaller<TSafe, TUnsafe>.Instance.get()"
Dynamic,Method,"System.Runtime.InteropServices.Marshallers.DelegateMarshaller<T> System.Runtime.InteropServices.Marshallers.DelegateMarshaller<T>.Instance.get()"
Dynamic,Method,"System.Runtime.InteropServices.Marshallers.WinRTDelegateMarshaller<T> System.Runtime.InteropServices.Marshallers.WinRTDelegateMarshaller<T>.Instance.get()"
Dynamic,Method,"System.Void System.EventHandler<TEventArgs>.Invoke(System.Object sender, TEventArgs e)"
Dynamic,Method,"System.Void Windows.Foundation.AsyncOperationProgressHandler<TResult, TProgress>.Invoke(Windows.Foundation.IAsyncOperationWithProgress<TResult, TProgress> asyncInfo, TProgress progressInfo)"
Dynamic,Method,"System.Void Windows.Foundation.AsyncOperationWithProgressCompletedHandler<TResult, TProgress>.Invoke(Windows.Foundation.IAsyncOperationWithProgress<TResult, TProgress> asyncInfo, Windows.Foundation.AsyncStatus asyncStatus)"
Dynamic,Method,"System.Void Windows.Foundation.AsyncActionProgressHandler<TProgress>.Invoke(Windows.Foundation.IAsyncActionWithProgress<TProgress> asyncInfo, TProgress progressInfo)"
Dynamic,Method,"System.Void Windows.Foundation.AsyncActionWithProgressCompletedHandler<TProgress>.Invoke(Windows.Foundation.IAsyncActionWithProgress<TProgress> asyncInfo, Windows.Foundation.AsyncStatus asyncStatus)"
Dynamic,Method,"TResult System.Func<T, TResult>.Invoke(T arg)"
Dynamic,Method,"System.Void System.Delegate..ctor(System.Object target, System.String method)"
Dynamic,Method,"System.Void System.Delegate..ctor(System.Type target, System.String method)"
Dynamic,Method,"System.Int32 System.Delegate.GetHashCode()"
Dynamic,Method,"System.Object System.Delegate.DynamicInvokeImpl(System.Object[] args)"
Dynamic,Method,"System.Object System.Delegate.DynamicInvoke(params System.Object[] args)"
Dynamic,Method,"System.Delegate System.Delegate.Combine(System.Delegate a, System.Delegate b)"
Dynamic,Method,"System.Delegate System.Delegate.Remove(System.Delegate source, System.Delegate value)"
Dynamic,Method,"System.Delegate System.Delegate.RemoveAll(System.Delegate source, System.Delegate value)"
Dynamic,Method,"System.Delegate System.Delegate.Combine(params System.Delegate[] delegates)"
Dynamic,Method,"System.Delegate System.Delegate.CombineImpl(System.Delegate d)"
Dynamic,Method,"System.Delegate System.Delegate.RemoveImpl(System.Delegate d)"
Dynamic,Method,"System.Delegate[] System.Delegate.GetInvocationList()"
Dynamic,Method,"System.Reflection.MethodInfo System.Delegate.Method.get()"
Dynamic,Method,"System.Reflection.MethodInfo System.Delegate.GetMethodImpl()"
Dynamic,Method,"System.Boolean System.Delegate.Equals(System.Object obj)"
Dynamic,Method,"System.Boolean System.Delegate.op_Equality(System.Delegate d1, System.Delegate d2)"
Dynamic,Method,"System.Boolean System.Delegate.op_Inequality(System.Delegate d1, System.Delegate d2)"
Dynamic,Method,"System.Object System.Delegate.Target.get()"
Dynamic,Method,"System.Delegate System.Delegate.CreateDelegate(System.Type type, System.Object firstArgument, System.Reflection.MethodInfo method)"
Dynamic,Method,"System.Delegate System.Delegate.CreateDelegate(System.Type type, System.Object firstArgument, System.Reflection.MethodInfo method, System.Boolean throwOnBindFailure)"
Dynamic,Method,"System.Delegate System.Delegate.CreateDelegate(System.Type type, System.Reflection.MethodInfo method)"
Dynamic,Method,"System.Delegate System.Delegate.CreateDelegate(System.Type type, System.Reflection.MethodInfo method, System.Boolean throwOnBindFailure)"
Dynamic,Method,"System.Delegate System.Delegate.CreateDelegate(System.Type type, System.Object target, System.String method)"
Dynamic,Method,"System.Delegate System.Delegate.CreateDelegate(System.Type type, System.Object target, System.String method, System.Boolean ignoreCase)"
Dynamic,Method,"System.Delegate System.Delegate.CreateDelegate(System.Type type, System.Object target, System.String method, System.Boolean ignoreCase, System.Boolean throwOnBindFailure)"
Dynamic,Method,"System.Delegate System.Delegate.CreateDelegate(System.Type type, System.Type target, System.String method)"
Dynamic,Method,"System.Delegate System.Delegate.CreateDelegate(System.Type type, System.Type target, System.String method, System.Boolean ignoreCase)"
Dynamic,Method,"System.Delegate System.Delegate.CreateDelegate(System.Type type, System.Type target, System.String method, System.Boolean ignoreCase, System.Boolean throwOnBindFailure)"
Dynamic,Method,"System.Object System.Delegate.Clone()"
Dynamic,Method,"System.Void System.Delegate.GetObjectData(System.Runtime.Serialization.SerializationInfo info, System.Runtime.Serialization.StreamingContext context)"
Dynamic,Method,"System.Int32 System.Enum.CompareTo(System.Object target)"
Dynamic,Method,"System.Boolean System.Enum.Equals(System.Object obj)"
Dynamic,Method,"System.Int32 System.Enum.GetHashCode()"
Dynamic,Method,"System.Type System.Enum.GetUnderlyingType(System.Type enumType)"
Dynamic,Method,"System.String System.Enum.ToString()"
Dynamic,Method,"System.String System.Enum.ToString(System.String format)"
Dynamic,Method,"System.String System.Enum.ToString(System.String format, System.IFormatProvider provider)"
Dynamic,Method,"System.String System.Enum.ToString(System.IFormatProvider provider)"
Dynamic,Method,"System.Void System.Enum..ctor()"
Dynamic,Method,"System.Void System.Array.Resize<T>(ref T[] array, System.Int32 newSize)"
Dynamic,Method,"System.Void System.Array.CopyTo(System.Array array, System.Int32 index)"
Dynamic,Method,"System.Object System.Array.Clone()"
Dynamic,Method,"System.Boolean System.Array.IsFixedSize.get()"
Dynamic,Method,"System.Boolean System.Array.IsSynchronized.get()"
Dynamic,Method,"System.Object System.Array.SyncRoot.get()"
Dynamic,Method,"System.Int32 System.Array.BinarySearch<T>(T[] array, T value)"
Dynamic,Method,"System.Int32 System.Array.BinarySearch<T>(T[] array, System.Int32 index, System.Int32 length, T value, System.Collections.Generic.IComparer<T> comparer)"
Dynamic,Method,"System.Int32 System.Array.IndexOf(System.Array array, System.Object value)"
Dynamic,Method,"System.Int32 System.Array.IndexOf(System.Array array, System.Object value, System.Int32 startIndex, System.Int32 count)"
Dynamic,Method,"System.Int32 System.Array.IndexOf<T>(T[] array, T value)"
Dynamic,Method,"System.Int32 System.Array.IndexOf<T>(T[] array, T value, System.Int32 startIndex, System.Int32 count)"
Dynamic,Method,"System.Int32 System.Array.LastIndexOf<T>(T[] array, T value, System.Int32 startIndex, System.Int32 count)"
Dynamic,Method,"System.Void System.Array.Reverse<T>(T[] array, System.Int32 index, System.Int32 length)"
Dynamic,Method,"System.Void System.Array.Sort<T>(T[] array, System.Int32 index, System.Int32 length, System.Collections.Generic.IComparer<T> comparer)"
Dynamic,Method,"System.Collections.IEnumerator System.Array.GetEnumerator()"
Dynamic,Method,"System.Int32 System.Array.Length.get()"
Dynamic,Method,"System.Void System.Array.Copy(System.Array sourceArray, System.Int32 sourceIndex, System.Array destinationArray, System.Int32 destinationIndex, System.Int32 length)"
Dynamic,Method,"System.Void System.Array.Copy(System.Array sourceArray, System.Array destinationArray, System.Int32 length)"
Dynamic,Method,"System.Void System.Array.Clear(System.Array array, System.Int32 index, System.Int32 length)"
Dynamic,Method,"System.Int32 System.Array.Rank.get()"
Dynamic,Method,"T[] System.Array.Empty<T>()"
Dynamic,Method,"System.Int32 System.Array.GetLowerBound(System.Int32 dimension)"
Dynamic,Method,"System.Object System.Array.GetValue(System.Int32 index)"
Dynamic,Method,"System.Void System.Array.SetValue(System.Object value, System.Int32 index)"
Dynamic,Method,"TValue System.Collections.Generic.IDictionary<TKey, TValue>.Item.get(TKey key)"
Dynamic,Method,"System.Void System.Collections.Generic.IDictionary<TKey, TValue>.Item.set(TKey key, TValue value)"
Dynamic,Method,"System.Collections.Generic.ICollection<TKey> System.Collections.Generic.IDictionary<TKey, TValue>.Keys.get()"
Dynamic,Method,"System.Collections.Generic.ICollection<TValue> System.Collections.Generic.IDictionary<TKey, TValue>.Values.get()"
Dynamic,Method,"System.Boolean System.Collections.Generic.IDictionary<TKey, TValue>.ContainsKey(TKey key)"
Dynamic,Method,"System.Void System.Collections.Generic.IDictionary<TKey, TValue>.Add(TKey key, TValue value)"
Dynamic,Method,"System.Boolean System.Collections.Generic.IDictionary<TKey, TValue>.Remove(TKey key)"
Dynamic,Method,"System.Boolean System.Collections.Generic.IDictionary<TKey, TValue>.TryGetValue(TKey key, out TValue value)"
Dynamic,Method,"System.Void System.EventHandler<TEventArgs>..ctor(System.Object object, System.IntPtr method)"
Dynamic,Method,"System.IAsyncResult System.EventHandler<TEventArgs>.BeginInvoke(System.Object sender, TEventArgs e, System.AsyncCallback callback, System.Object object)"
Dynamic,Method,"System.Void System.EventHandler<TEventArgs>.EndInvoke(System.IAsyncResult result)"
Dynamic,Method,"System.Void System.Collections.Generic.Dictionary<TKey, TValue>..ctor()"
Dynamic,Method,"System.Void System.Collections.Generic.Dictionary<TKey, TValue>..ctor(System.Int32 capacity)"
Dynamic,Method,"System.Void System.Collections.Generic.Dictionary<TKey, TValue>..ctor(System.Collections.Generic.IEqualityComparer<TKey> comparer)"
Dynamic,Method,"System.Void System.Collections.Generic.Dictionary<TKey, TValue>..ctor(System.Int32 capacity, System.Collections.Generic.IEqualityComparer<TKey> comparer)"
Dynamic,Method,"System.Void System.Collections.Generic.Dictionary<TKey, TValue>..ctor(System.Collections.Generic.IDictionary<TKey, TValue> dictionary)"
Dynamic,Method,"System.Void System.Collections.Generic.Dictionary<TKey, TValue>..ctor(System.Collections.Generic.IDictionary<TKey, TValue> dictionary, System.Collections.Generic.IEqualityComparer<TKey> comparer)"
Dynamic,Method,"System.Void System.Collections.Generic.Dictionary<TKey, TValue>..ctor(System.Collections.Generic.IEnumerable<System.Collections.Generic.KeyValuePair<TKey, TValue>> collection)"
Dynamic,Method,"System.Void System.Collections.Generic.Dictionary<TKey, TValue>..ctor(System.Collections.Generic.IEnumerable<System.Collections.Generic.KeyValuePair<TKey, TValue>> collection, System.Collections.Generic.IEqualityComparer<TKey> comparer)"
Dynamic,Method,"System.Void System.Collections.Generic.Dictionary<TKey, TValue>..ctor(System.Runtime.Serialization.SerializationInfo info, System.Runtime.Serialization.StreamingContext context)"
Dynamic,Method,"System.Int32 System.Collections.Generic.Dictionary<TKey, TValue>.Count.get()"
Dynamic,Method,"System.Collections.Generic.Dictionary<TKey, TValue>.KeyCollection System.Collections.Generic.Dictionary<TKey, TValue>.Keys.get()"
Dynamic,Method,"System.Collections.Generic.Dictionary<TKey, TValue>.ValueCollection System.Collections.Generic.Dictionary<TKey, TValue>.Values.get()"
Dynamic,Method,"TValue System.Collections.Generic.Dictionary<TKey, TValue>.Item.get(TKey key)"
Dynamic,Method,"System.Void System.Collections.Generic.Dictionary<TKey, TValue>.Item.set(TKey key, TValue value)"
Dynamic,Method,"System.Void System.Collections.Generic.Dictionary<TKey, TValue>.Add(TKey key, TValue value)"
Dynamic,Method,"System.Void System.Collections.Generic.Dictionary<TKey, TValue>.Clear()"
Dynamic,Method,"System.Boolean System.Collections.Generic.Dictionary<TKey, TValue>.ContainsKey(TKey key)"
Dynamic,Method,"System.Boolean System.Collections.Generic.Dictionary<TKey, TValue>.ContainsValue(TValue value)"
Dynamic,Method,"System.Collections.Generic.Dictionary<TKey, TValue>.Enumerator System.Collections.Generic.Dictionary<TKey, TValue>.GetEnumerator()"
Dynamic,Method,"System.Void System.Collections.Generic.Dictionary<TKey, TValue>.GetObjectData(System.Runtime.Serialization.SerializationInfo info, System.Runtime.Serialization.StreamingContext context)"
Dynamic,Method,"System.Void System.Collections.Generic.Dictionary<TKey, TValue>.OnDeserialization(System.Object sender)"
Dynamic,Method,"System.Boolean System.Collections.Generic.Dictionary<TKey, TValue>.Remove(TKey key)"
Dynamic,Method,"System.Boolean System.Collections.Generic.Dictionary<TKey, TValue>.TryGetValue(TKey key, out TValue value)"
Dynamic,Method,"System.Reflection.ParameterInfo[] System.Reflection.MethodBase.GetParameters()"
Dynamic,Method,"System.Reflection.MethodAttributes System.Reflection.MethodBase.Attributes.get()"
Dynamic,Method,"System.Reflection.MethodImplAttributes System.Reflection.MethodBase.MethodImplementationFlags.get()"
Dynamic,Method,"System.Reflection.MethodImplAttributes System.Reflection.MethodBase.GetMethodImplementationFlags()"
Dynamic,Method,"System.Reflection.MethodBody System.Reflection.MethodBase.GetMethodBody()"
Dynamic,Method,"System.Reflection.CallingConventions System.Reflection.MethodBase.CallingConvention.get()"
Dynamic,Method,"System.Boolean System.Reflection.MethodBase.IsAbstract.get()"
Dynamic,Method,"System.Boolean System.Reflection.MethodBase.IsConstructor.get()"
Dynamic,Method,"System.Boolean System.Reflection.MethodBase.IsFinal.get()"
Dynamic,Method,"System.Boolean System.Reflection.MethodBase.IsHideBySig.get()"
Dynamic,Method,"System.Boolean System.Reflection.MethodBase.IsSpecialName.get()"
Dynamic,Method,"System.Boolean System.Reflection.MethodBase.IsStatic.get()"
Dynamic,Method,"System.Boolean System.Reflection.MethodBase.IsVirtual.get()"
Dynamic,Method,"System.Boolean System.Reflection.MethodBase.IsAssembly.get()"
Dynamic,Method,"System.Boolean System.Reflection.MethodBase.IsFamily.get()"
Dynamic,Method,"System.Boolean System.Reflection.MethodBase.IsFamilyAndAssembly.get()"
Dynamic,Method,"System.Boolean System.Reflection.MethodBase.IsFamilyOrAssembly.get()"
Dynamic,Method,"System.Boolean System.Reflection.MethodBase.IsPrivate.get()"
Dynamic,Method,"System.Boolean System.Reflection.MethodBase.IsPublic.get()"
Dynamic,Method,"System.Boolean System.Reflection.MethodBase.IsConstructedGenericMethod.get()"
Dynamic,Method,"System.Boolean System.Reflection.MethodBase.IsGenericMethod.get()"
Dynamic,Method,"System.Boolean System.Reflection.MethodBase.IsGenericMethodDefinition.get()"
Dynamic,Method,"System.Type[] System.Reflection.MethodBase.GetGenericArguments()"
Dynamic,Method,"System.Boolean System.Reflection.MethodBase.ContainsGenericParameters.get()"
Dynamic,Method,"System.Object System.Reflection.MethodBase.Invoke(System.Object obj, System.Object[] parameters)"
Dynamic,Method,"System.Object System.Reflection.MethodBase.Invoke(System.Object obj, System.Reflection.BindingFlags invokeAttr, System.Reflection.Binder binder, System.Object[] parameters, System.Globalization.CultureInfo culture)"
Dynamic,Method,"System.RuntimeMethodHandle System.Reflection.MethodBase.MethodHandle.get()"
Dynamic,Method,"System.Boolean System.Reflection.MethodBase.IsSecurityCritical.get()"
Dynamic,Method,"System.Boolean System.Reflection.MethodBase.IsSecuritySafeCritical.get()"
Dynamic,Method,"System.Boolean System.Reflection.MethodBase.IsSecurityTransparent.get()"
Dynamic,Method,"System.Boolean System.Reflection.MethodBase.Equals(System.Object obj)"
Dynamic,Method,"System.Int32 System.Reflection.MethodBase.GetHashCode()"
Dynamic,Method,"System.Boolean System.Reflection.MethodBase.op_Equality(System.Reflection.MethodBase left, System.Reflection.MethodBase right)"
Dynamic,Method,"System.Boolean System.Reflection.MethodBase.op_Inequality(System.Reflection.MethodBase left, System.Reflection.MethodBase right)"
Dynamic,Method,"System.Reflection.MethodBase System.Reflection.MethodBase.GetMethodFromHandle(System.RuntimeMethodHandle handle)"
Dynamic,Method,"System.Reflection.MethodBase System.Reflection.MethodBase.GetMethodFromHandle(System.RuntimeMethodHandle handle, System.RuntimeTypeHandle declaringType)"
Dynamic,Method,"System.Reflection.MethodBase System.Reflection.MethodBase.GetCurrentMethod()"
Dynamic,Method,"System.Void System.Collections.Generic.List<T>..ctor()"
Dynamic,Method,"System.Void System.Collections.Generic.List<T>..ctor(System.Int32 capacity)"
Dynamic,Method,"System.Void System.Collections.Generic.List<T>..ctor(System.Collections.Generic.IEnumerable<T> collection)"
Dynamic,Method,"System.Int32 System.Collections.Generic.List<T>.Capacity.get()"
Dynamic,Method,"System.Void System.Collections.Generic.List<T>.Capacity.set(System.Int32 value)"
Dynamic,Method,"System.Int32 System.Collections.Generic.List<T>.Count.get()"
Dynamic,Method,"T System.Collections.Generic.List<T>.Item.get(System.Int32 index)"
Dynamic,Method,"System.Void System.Collections.Generic.List<T>.Item.set(System.Int32 index, T value)"
Dynamic,Method,"System.Void System.Collections.Generic.List<T>.Add(T item)"
Dynamic,Method,"System.Void System.Collections.Generic.List<T>.AddRange(System.Collections.Generic.IEnumerable<T> collection)"
Dynamic,Method,"System.Collections.ObjectModel.ReadOnlyCollection<T> System.Collections.Generic.List<T>.AsReadOnly()"
Dynamic,Method,"System.Int32 System.Collections.Generic.List<T>.BinarySearch(System.Int32 index, System.Int32 count, T item, System.Collections.Generic.IComparer<T> comparer)"
Dynamic,Method,"System.Int32 System.Collections.Generic.List<T>.BinarySearch(T item)"
Dynamic,Method,"System.Int32 System.Collections.Generic.List<T>.BinarySearch(T item, System.Collections.Generic.IComparer<T> comparer)"
Dynamic,Method,"System.Void System.Collections.Generic.List<T>.Clear()"
Dynamic,Method,"System.Boolean System.Collections.Generic.List<T>.Contains(T item)"
Dynamic,Method,"System.Collections.Generic.List<TOutput> System.Collections.Generic.List<T>.ConvertAll<TOutput>(System.Converter<T, TOutput> converter)"
Dynamic,Method,"System.Void System.Collections.Generic.List<T>.CopyTo(T[] array)"
Dynamic,Method,"System.Void System.Collections.Generic.List<T>.CopyTo(System.Int32 index, T[] array, System.Int32 arrayIndex, System.Int32 count)"
Dynamic,Method,"System.Void System.Collections.Generic.List<T>.CopyTo(T[] array, System.Int32 arrayIndex)"
Dynamic,Method,"System.Boolean System.Collections.Generic.List<T>.Exists(System.Predicate<T> match)"
Dynamic,Method,"T System.Collections.Generic.List<T>.Find(System.Predicate<T> match)"
Dynamic,Method,"System.Collections.Generic.List<T> System.Collections.Generic.List<T>.FindAll(System.Predicate<T> match)"
Dynamic,Method,"System.Int32 System.Collections.Generic.List<T>.FindIndex(System.Predicate<T> match)"
Dynamic,Method,"System.Int32 System.Collections.Generic.List<T>.FindIndex(System.Int32 startIndex, System.Predicate<T> match)"
Dynamic,Method,"System.Int32 System.Collections.Generic.List<T>.FindIndex(System.Int32 startIndex, System.Int32 count, System.Predicate<T> match)"
Dynamic,Method,"T System.Collections.Generic.List<T>.FindLast(System.Predicate<T> match)"
Dynamic,Method,"System.Int32 System.Collections.Generic.List<T>.FindLastIndex(System.Predicate<T> match)"
Dynamic,Method,"System.Int32 System.Collections.Generic.List<T>.FindLastIndex(System.Int32 startIndex, System.Predicate<T> match)"
Dynamic,Method,"System.Int32 System.Collections.Generic.List<T>.FindLastIndex(System.Int32 startIndex, System.Int32 count, System.Predicate<T> match)"
Dynamic,Method,"System.Void System.Collections.Generic.List<T>.ForEach(System.Action<T> action)"
Dynamic,Method,"System.Collections.Generic.List<T>.Enumerator System.Collections.Generic.List<T>.GetEnumerator()"
Dynamic,Method,"System.Collections.Generic.List<T> System.Collections.Generic.List<T>.GetRange(System.Int32 index, System.Int32 count)"
Dynamic,Method,"System.Int32 System.Collections.Generic.List<T>.IndexOf(T item)"
Dynamic,Method,"System.Int32 System.Collections.Generic.List<T>.IndexOf(T item, System.Int32 index)"
Dynamic,Method,"System.Int32 System.Collections.Generic.List<T>.IndexOf(T item, System.Int32 index, System.Int32 count)"
Dynamic,Method,"System.Void System.Collections.Generic.List<T>.Insert(System.Int32 index, T item)"
Dynamic,Method,"System.Void System.Collections.Generic.List<T>.InsertRange(System.Int32 index, System.Collections.Generic.IEnumerable<T> collection)"
Dynamic,Method,"System.Int32 System.Collections.Generic.List<T>.LastIndexOf(T item)"
Dynamic,Method,"System.Int32 System.Collections.Generic.List<T>.LastIndexOf(T item, System.Int32 index)"
Dynamic,Method,"System.Int32 System.Collections.Generic.List<T>.LastIndexOf(T item, System.Int32 index, System.Int32 count)"
Dynamic,Method,"System.Boolean System.Collections.Generic.List<T>.Remove(T item)"
Dynamic,Method,"System.Int32 System.Collections.Generic.List<T>.RemoveAll(System.Predicate<T> match)"
Dynamic,Method,"System.Void System.Collections.Generic.List<T>.RemoveAt(System.Int32 index)"
Dynamic,Method,"System.Void System.Collections.Generic.List<T>.RemoveRange(System.Int32 index, System.Int32 count)"
Dynamic,Method,"System.Void System.Collections.Generic.List<T>.Reverse()"
Dynamic,Method,"System.Void System.Collections.Generic.List<T>.Reverse(System.Int32 index, System.Int32 count)"
Dynamic,Method,"System.Void System.Collections.Generic.List<T>.Sort()"
Dynamic,Method,"System.Void System.Collections.Generic.List<T>.Sort(System.Collections.Generic.IComparer<T> comparer)"
Dynamic,Method,"System.Void System.Collections.Generic.List<T>.Sort(System.Int32 index, System.Int32 count, System.Collections.Generic.IComparer<T> comparer)"
Dynamic,Method,"System.Void System.Collections.Generic.List<T>.Sort(System.Comparison<T> comparison)"
Dynamic,Method,"T[] System.Collections.Generic.List<T>.ToArray()"
Dynamic,Method,"System.Void System.Collections.Generic.List<T>.TrimExcess()"
Dynamic,Method,"System.Boolean System.Collections.Generic.List<T>.TrueForAll(System.Predicate<T> match)"
Dynamic,Method,"System.Void System.Collections.ObjectModel.ReadOnlyCollection<T>..ctor(System.Collections.Generic.IList<T> list)"
Dynamic,Method,"System.Int32 System.Collections.ObjectModel.ReadOnlyCollection<T>.Count.get()"
Dynamic,Method,"T System.Collections.ObjectModel.ReadOnlyCollection<T>.Item.get(System.Int32 index)"
Dynamic,Method,"System.Boolean System.Collections.ObjectModel.ReadOnlyCollection<T>.Contains(T value)"
Dynamic,Method,"System.Void System.Collections.ObjectModel.ReadOnlyCollection<T>.CopyTo(T[] array, System.Int32 index)"
Dynamic,Method,"System.Collections.Generic.IEnumerator<T> System.Collections.ObjectModel.ReadOnlyCollection<T>.GetEnumerator()"
Dynamic,Method,"System.Int32 System.Collections.ObjectModel.ReadOnlyCollection<T>.IndexOf(T value)"
Dynamic,Method,"System.Void System.Nullable<T>..ctor(T value)"
Dynamic,Method,"System.Boolean System.Nullable<T>.HasValue.get()"
Dynamic,Method,"T System.Nullable<T>.Value.get()"
Dynamic,Method,"T System.Nullable<T>.GetValueOrDefault()"
Dynamic,Method,"T System.Nullable<T>.GetValueOrDefault(T defaultValue)"
Dynamic,Method,"System.Boolean System.Nullable<T>.Equals(System.Object other)"
Dynamic,Method,"System.Int32 System.Nullable<T>.GetHashCode()"
Dynamic,Method,"System.String System.Nullable<T>.ToString()"
Dynamic,Method,"System.Nullable<T> System.Nullable<T>.op_Implicit(T value)"
Dynamic,Method,"T System.Nullable<T>.op_Explicit(System.Nullable<T> value)"
Dynamic,Method,"T System.Collections.Generic.IList<T>.Item.get(System.Int32 index)"
Dynamic,Method,"System.Void System.Collections.Generic.IList<T>.Item.set(System.Int32 index, T value)"
Dynamic,Method,"System.Int32 System.Collections.Generic.IList<T>.IndexOf(T item)"
Dynamic,Method,"System.Void System.Collections.Generic.IList<T>.Insert(System.Int32 index, T item)"
Dynamic,Method,"System.Void System.Collections.Generic.IList<T>.RemoveAt(System.Int32 index)"
Dynamic,Method,"System.Boolean System.Collections.Generic.IEqualityComparer<T>.Equals(T x, T y)"
Dynamic,Method,"System.Int32 System.Collections.Generic.IEqualityComparer<T>.GetHashCode(T obj)"
Dynamic,Method,"System.Void System.Collections.Generic.Dictionary<TKey, TValue>.KeyCollection..ctor(System.Collections.Generic.Dictionary<TKey, TValue> dictionary)"
Dynamic,Method,"System.Collections.Generic.Dictionary<TKey, TValue>.KeyCollection.Enumerator System.Collections.Generic.Dictionary<TKey, TValue>.KeyCollection.GetEnumerator()"
Dynamic,Method,"System.Void System.Collections.Generic.Dictionary<TKey, TValue>.KeyCollection.CopyTo(TKey[] array, System.Int32 index)"
Dynamic,Method,"System.Int32 System.Collections.Generic.Dictionary<TKey, TValue>.KeyCollection.Count.get()"
Dynamic,Method,"System.Void System.Collections.Generic.Dictionary<TKey, TValue>.ValueCollection..ctor(System.Collections.Generic.Dictionary<TKey, TValue> dictionary)"
Dynamic,Method,"System.Void System.Collections.Generic.Dictionary<TKey, TValue>.ValueCollection.CopyTo(TValue[] array, System.Int32 index)"
Dynamic,Method,"System.Int32 System.Collections.Generic.Dictionary<TKey, TValue>.ValueCollection.Count.get()"
Dynamic,Method,"System.Int32 System.SByte.CompareTo(System.Object obj)"
Dynamic,Method,"System.Int32 System.SByte.CompareTo(System.SByte value)"
Dynamic,Method,"System.Boolean System.SByte.Equals(System.Object obj)"
Dynamic,Method,"System.Boolean System.SByte.Equals(System.SByte obj)"
Dynamic,Method,"System.Int32 System.SByte.GetHashCode()"
Dynamic,Method,"System.String System.SByte.ToString()"
Dynamic,Method,"System.String System.SByte.ToString(System.IFormatProvider provider)"
Dynamic,Method,"System.String System.SByte.ToString(System.String format)"
Dynamic,Method,"System.String System.SByte.ToString(System.String format, System.IFormatProvider provider)"
Dynamic,Method,"System.Boolean System.SByte.TryFormat(System.Span<System.Char> destination, out System.Int32 charsWritten, System.ReadOnlySpan<System.Char> format, System.IFormatProvider provider)"
Dynamic,Method,"System.SByte System.SByte.Parse(System.String s)"
Dynamic,Method,"System.SByte System.SByte.Parse(System.String s, System.Globalization.NumberStyles style)"
Dynamic,Method,"System.SByte System.SByte.Parse(System.String s, System.IFormatProvider provider)"
Dynamic,Method,"System.SByte System.SByte.Parse(System.String s, System.Globalization.NumberStyles style, System.IFormatProvider provider)"
Dynamic,Method,"System.SByte System.SByte.Parse(System.ReadOnlySpan<System.Char> s, System.Globalization.NumberStyles style, System.IFormatProvider provider)"
Dynamic,Method,"System.Boolean System.SByte.TryParse(System.String s, out System.SByte result)"
Dynamic,Method,"System.Boolean System.SByte.TryParse(System.ReadOnlySpan<System.Char> s, out System.SByte result)"
Dynamic,Method,"System.Boolean System.SByte.TryParse(System.String s, System.Globalization.NumberStyles style, System.IFormatProvider provider, out System.SByte result)"
Dynamic,Method,"System.Boolean System.SByte.TryParse(System.ReadOnlySpan<System.Char> s, System.Globalization.NumberStyles style, System.IFormatProvider provider, out System.SByte result)"
Dynamic,Method,"System.TypeCode System.SByte.GetTypeCode()"
Dynamic,Method,"System.Boolean System.Single.IsNaN(System.Single f)"
Dynamic,Method,"System.Boolean System.Single.IsNegative(System.Single f)"
Dynamic,Method,"System.Boolean System.Single.IsPositiveInfinity(System.Single f)"
Dynamic,Method,"System.Int32 System.Single.CompareTo(System.Object value)"
Dynamic,Method,"System.Boolean System.Single.Equals(System.Object obj)"
Dynamic,Method,"System.Boolean System.Single.Equals(System.Single obj)"
Dynamic,Method,"System.Int32 System.Single.GetHashCode()"
Dynamic,Method,"System.String System.Single.ToString()"
Dynamic,Method,"System.String System.Single.ToString(System.IFormatProvider provider)"
Dynamic,Method,"System.String System.Single.ToString(System.String format, System.IFormatProvider provider)"
Dynamic,Method,"System.Boolean System.Double.IsFinite(System.Double d)"
Dynamic,Method,"System.Boolean System.Double.IsNaN(System.Double d)"
Dynamic,Method,"System.Int32 System.Double.CompareTo(System.Object value)"
Dynamic,Method,"System.Boolean System.Double.Equals(System.Object obj)"
Dynamic,Method,"System.Boolean System.Double.Equals(System.Double obj)"
Dynamic,Method,"System.Int32 System.Double.GetHashCode()"
Dynamic,Method,"System.String System.Double.ToString()"
Dynamic,Method,"System.String System.Double.ToString(System.IFormatProvider provider)"
Dynamic,Method,"System.String System.Double.ToString(System.String format, System.IFormatProvider provider)"
Dynamic,Method,"System.Void System.Decimal..ctor(System.Int32 value)"
Dynamic,Method,"System.Void System.Decimal..ctor(System.UInt32 value)"
Dynamic,Method,"System.Void System.Decimal..ctor(System.Int64 value)"
Dynamic,Method,"System.Void System.Decimal..ctor(System.UInt64 value)"
Dynamic,Method,"System.Void System.Decimal..ctor(System.Single value)"
Dynamic,Method,"System.Void System.Decimal..ctor(System.Double value)"
Dynamic,Method,"System.Void System.Decimal..ctor(System.Int32[] bits)"
Dynamic,Method,"System.Void System.Decimal..ctor(System.Int32 lo, System.Int32 mid, System.Int32 hi, System.Boolean isNegative, System.Byte scale)"
Dynamic,Method,"System.Int32 System.Decimal.CompareTo(System.Object value)"
Dynamic,Method,"System.Boolean System.Decimal.Equals(System.Object value)"
Dynamic,Method,"System.Boolean System.Decimal.Equals(System.Decimal value)"
Dynamic,Method,"System.Int32 System.Decimal.GetHashCode()"
Dynamic,Method,"System.String System.Decimal.ToString()"
Dynamic,Method,"System.String System.Decimal.ToString(System.IFormatProvider provider)"
Dynamic,Method,"System.String System.Decimal.ToString(System.String format, System.IFormatProvider provider)"
Dynamic,Method,"System.Decimal System.Decimal.op_Implicit(System.Byte value)"
Dynamic,Method,"System.Decimal System.Decimal.op_Implicit(System.SByte value)"
Dynamic,Method,"System.Decimal System.Decimal.op_Implicit(System.Int16 value)"
Dynamic,Method,"System.Decimal System.Decimal.op_Implicit(System.UInt16 value)"
Dynamic,Method,"System.Decimal System.Decimal.op_Implicit(System.Int32 value)"
Dynamic,Method,"System.Decimal System.Decimal.op_Implicit(System.UInt32 value)"
Dynamic,Method,"System.Decimal System.Decimal.op_Implicit(System.Int64 value)"
Dynamic,Method,"System.Decimal System.Decimal.op_Implicit(System.UInt64 value)"
Dynamic,Method,"System.Boolean System.Decimal.op_Equality(System.Decimal d1, System.Decimal d2)"
Dynamic,Method,"System.Int32 System.Boolean.CompareTo(System.Boolean value)"
Dynamic,Method,"System.Boolean System.Boolean.Parse(System.String value)"
Dynamic,Method,"System.Int32 System.String.Compare(System.String strA, System.Int32 indexA, System.String strB, System.Int32 indexB, System.Int32 length, System.StringComparison comparisonType)"
Dynamic,Method,"System.String System.String.Format(System.IFormatProvider provider, System.String format, System.Object arg0)"
Dynamic,Method,"System.String System.String.Join(System.String separator, params System.String[] value)"
Dynamic,Method,"System.String System.String.Join(System.String separator, System.Collections.Generic.IEnumerable<System.String> values)"
Dynamic,Method,"System.String[] System.String.Split(params System.Char[] separator)"
Dynamic,Method,"System.String System.String.ToLower()"
Dynamic,Method,"System.Int32 System.String.IndexOf(System.String value, System.StringComparison comparisonType)"
Dynamic,Method,"System.Int32 System.String.IndexOf(System.String value, System.Int32 startIndex, System.Int32 count, System.StringComparison comparisonType)"
Dynamic,Method,"System.Void System.Diagnostics.Tracing.EventListener.OnEventSourceCreated(System.Diagnostics.Tracing.EventSource eventSource)"
Dynamic,Method,"System.Void System.Diagnostics.Tracing.EventListener.OnEventWritten(System.Diagnostics.Tracing.EventWrittenEventArgs eventData)"
Dynamic,Method,"System.Int32 System.DateTime.CompareTo(System.DateTime value)"
Dynamic,Method,"System.DateTime System.DateTime.Parse(System.String s, System.IFormatProvider provider)"
Dynamic,Method,"System.Boolean System.DateTime.TryFormat(System.Span<System.Char> destination, out System.Int32 charsWritten, System.ReadOnlySpan<System.Char> format, System.IFormatProvider provider)"
Dynamic,Method,"System.Collections.Generic.Dictionary<System.String, System.String>.KeyCollection System.Collections.Generic.Dictionary<System.String, System.String>.Keys.get()"
Dynamic,Method,"System.Collections.Generic.Dictionary<System.String, System.String>.ValueCollection System.Collections.Generic.Dictionary<System.String, System.String>.Values.get()"
Dynamic,Method,"System.Boolean System.Collections.Generic.Dictionary<System.String, System.String>.ContainsValue(System.String)"
Dynamic,Method,"System.Runtime.InteropServices.GCHandle System.Runtime.InteropServices.GCHandle.Alloc(System.Object value)"
Dynamic,Method,"System.Void System.Collections.Generic.List<System.Byte>..ctor()"
Dynamic,Method,"System.Void System.Collections.Generic.List<System.Byte>.Capacity.set(System.Int32)"
Dynamic,Method,"System.Void System.Collections.Generic.List<System.Byte>.AddRange(System.Collections.Generic.IEnumerable<System.Byte>)"
Dynamic,Method,"System.Byte[] System.Collections.Generic.List<System.Byte>.ToArray()"
Dynamic,Method,"System.WeakReference[] System.Collections.Generic.List<System.WeakReference>.ToArray()"
Dynamic,Method,"System.Collections.Generic.Dictionary<System.Int32, System.String>.KeyCollection System.Collections.Generic.Dictionary<System.Int32, System.String>.Keys.get()"
Dynamic,Method,"System.Collections.Generic.Dictionary<System.Int32, System.String>.ValueCollection System.Collections.Generic.Dictionary<System.Int32, System.String>.Values.get()"
Dynamic,Method,"System.Collections.Generic.Dictionary<System.UInt64, System.String>.KeyCollection System.Collections.Generic.Dictionary<System.UInt64, System.String>.Keys.get()"
Dynamic,Method,"System.Collections.Generic.Dictionary<System.UInt64, System.String>.ValueCollection System.Collections.Generic.Dictionary<System.UInt64, System.String>.Values.get()"
Dynamic,Method,"System.Collections.Generic.Dictionary<System.String, System.Type>.KeyCollection System.Collections.Generic.Dictionary<System.String, System.Type>.Keys.get()"
Dynamic,Method,"System.Collections.Generic.Dictionary<System.String, System.Type>.ValueCollection System.Collections.Generic.Dictionary<System.String, System.Type>.Values.get()"
Dynamic,Method,"System.Char System.Text.StringBuilder.Chars.get(System.Int32 index)"
Dynamic,Method,"System.Text.StringBuilder System.Text.StringBuilder.Append(System.Text.StringBuilder value)"
Dynamic,Method,"System.Text.StringBuilder System.Text.StringBuilder.Remove(System.Int32 startIndex, System.Int32 length)"
Dynamic,Method,"System.Resources.UltimateResourceFallbackLocation System.Resources.ResourceManager.FallbackLocation.get()"
Dynamic,Method,"System.Collections.Generic.Dictionary<System.String, System.Collections.Generic.List<System.Int32>>.KeyCollection System.Collections.Generic.Dictionary<System.String, System.Collections.Generic.List<System.Int32>>.Keys.get()"
Dynamic,Method,"System.Collections.Generic.Dictionary<System.String, System.Collections.Generic.List<System.Int32>>.ValueCollection System.Collections.Generic.Dictionary<System.String, System.Collections.Generic.List<System.Int32>>.Values.get()"
Dynamic,Method,"System.Collections.Generic.List<System.Int32>.Enumerator System.Collections.Generic.List<System.Int32>.GetEnumerator()"
Dynamic,Method,"System.Void System.Collections.Generic.List<System.Int32>.Sort(System.Int32, System.Int32, System.Collections.Generic.IComparer<System.Int32>)"
Dynamic,Method,"System.Collections.Generic.List<System.String>.Enumerator System.Collections.Generic.List<System.String>.GetEnumerator()"
Dynamic,Method,"System.Void System.Collections.Generic.List<System.String>.Sort()"
Dynamic,Method,"System.Boolean System.Enum.IsDefined(System.Type enumType, System.Object value)"
Dynamic,Method,"System.Void System.Array.Sort<T>(T[] array)"
Dynamic,Method,"System.Array System.Array.CreateInstance(System.Type elementType, System.Int32 length)"
Dynamic,Method,"System.Collections.Generic.Dictionary<TKey, TValue>.ValueCollection.Enumerator System.Collections.Generic.Dictionary<TKey, TValue>.ValueCollection.GetEnumerator()"
Dynamic,Method,"System.Int32 System.Single.CompareTo(System.Single value)"
Dynamic,Method,"System.Boolean System.Single.TryFormat(System.Span<System.Char> destination, out System.Int32 charsWritten, System.ReadOnlySpan<System.Char> format, System.IFormatProvider provider)"
Dynamic,Method,"System.Single System.Single.Parse(System.String s, System.Globalization.NumberStyles style, System.IFormatProvider provider)"
Dynamic,Method,"System.Int32 System.Double.CompareTo(System.Double value)"
Dynamic,Method,"System.Boolean System.Double.TryFormat(System.Span<System.Char> destination, out System.Int32 charsWritten, System.ReadOnlySpan<System.Char> format, System.IFormatProvider provider)"
Dynamic,Method,"System.Double System.Double.Parse(System.String s, System.Globalization.NumberStyles style, System.IFormatProvider provider)"
Dynamic,Method,"System.Int32 System.Decimal.CompareTo(System.Decimal value)"
Dynamic,Method,"System.Boolean System.Decimal.TryFormat(System.Span<System.Char> destination, out System.Int32 charsWritten, System.ReadOnlySpan<System.Char> format, System.IFormatProvider provider)"
Dynamic,Method,"System.Decimal System.Decimal.Parse(System.String s, System.Globalization.NumberStyles style, System.IFormatProvider provider)"
Dynamic,Method,"System.Decimal System.Decimal.Round(System.Decimal d, System.Int32 decimals)"
Dynamic,Method,"System.Byte System.Decimal.ToByte(System.Decimal value)"
Dynamic,Method,"System.SByte System.Decimal.ToSByte(System.Decimal value)"
Dynamic,Method,"System.Int16 System.Decimal.ToInt16(System.Decimal value)"
Dynamic,Method,"System.Int32 System.Decimal.ToInt32(System.Decimal d)"
Dynamic,Method,"System.Int64 System.Decimal.ToInt64(System.Decimal d)"
Dynamic,Method,"System.UInt16 System.Decimal.ToUInt16(System.Decimal value)"
Dynamic,Method,"System.UInt32 System.Decimal.ToUInt32(System.Decimal d)"
Dynamic,Method,"System.UInt64 System.Decimal.ToUInt64(System.Decimal d)"
Dynamic,Method,"System.Decimal System.Decimal.op_Explicit(System.Single value)"
Dynamic,Method,"System.Decimal System.Decimal.op_Explicit(System.Double value)"
Dynamic,Method,"System.Single System.Decimal.op_Explicit(System.Decimal value)"
Dynamic,Method,"System.Double System.Decimal.op_Explicit(System.Decimal value)"
Dynamic,Method,"System.Boolean System.Decimal.op_Inequality(System.Decimal d1, System.Decimal d2)"
Dynamic,Method,"System.Void System.Runtime.CompilerServices.DecimalConstantAttribute..ctor(System.Byte scale, System.Byte sign, System.UInt32 hi, System.UInt32 mid, System.UInt32 low)"
Dynamic,Method,"System.Runtime.InteropServices.Marshallers.WinRTArrayMarshaller<TSafe, TUnsafe> System.Runtime.InteropServices.Marshallers.WinRTArrayMarshaller<TSafe, TUnsafe>.GetInstance(System.Runtime.InteropServices.Marshallers.Marshaller<TSafe, TUnsafe> elementMarshaler)"
Dynamic,Method,"System.Runtime.InteropServices.Marshallers.ArrayMarshaller<TSafe, TUnsafe> System.Runtime.InteropServices.Marshallers.ArrayMarshaller<TSafe, TUnsafe>.GetInstance(System.Runtime.InteropServices.Marshallers.Marshaller<TSafe, TUnsafe> elementMarshaler)"
Dynamic,Method,"System.Runtime.InteropServices.Marshallers.WinRTKeyValuePairMarshaller<K, V> System.Runtime.InteropServices.Marshallers.WinRTKeyValuePairMarshaller<K, V>.Instance.get()"
Dynamic,Method,"System.Runtime.InteropServices.Marshallers.WinRTReferenceMarshaller<T> System.Runtime.InteropServices.Marshallers.WinRTReferenceMarshaller<T>.Instance.get()"
Dynamic,Method,"System.Boolean System.Boolean.Parse(System.ReadOnlySpan<System.Char> value)"
Dynamic,Method,"System.String System.String.Join(System.String separator, System.String[] value, System.Int32 startIndex, System.Int32 count)"
Dynamic,Method,"System.Int32 System.String.LastIndexOf(System.Char value, System.Int32 startIndex)"
Dynamic,Method,"System.Void System.Reflection.MethodInfo..ctor()"
Dynamic,Method,"System.Void System.Collections.Generic.List<System.Byte>.InsertRange(System.Int32, System.Collections.Generic.IEnumerable<System.Byte>)"
Dynamic,Method,"System.Reflection.MethodBase System.Reflection.Binder.BindToMethod(System.Reflection.BindingFlags bindingAttr, System.Reflection.MethodBase[] match, ref System.Object[] args, System.Reflection.ParameterModifier[] modifiers, System.Globalization.CultureInfo culture, System.String[] names, out System.Object state)"
Dynamic,Method,"System.Object System.Reflection.Binder.ChangeType(System.Object value, System.Type type, System.Globalization.CultureInfo culture)"
Dynamic,Method,"System.Void System.Reflection.Binder.ReorderArgumentArray(ref System.Object[] args, System.Object state)"
Dynamic,Method,"System.Boolean System.Collections.Generic.Dictionary<System.Int32, System.String>.ContainsValue(System.String)"
Dynamic,Method,"System.Boolean System.Collections.Generic.Dictionary<System.UInt64, System.String>.ContainsValue(System.String)"
Dynamic,Method,"System.Boolean System.Collections.Generic.Dictionary<System.String, System.Type>.ContainsValue(System.Type)"
Dynamic,Method,"System.Version System.Resources.ResourceManager.GetSatelliteContractVersion(System.Reflection.Assembly a)"
Dynamic,Method,"System.Boolean System.Collections.Generic.Dictionary<System.String, System.Collections.Generic.List<System.Int32>>.ContainsValue(System.Collections.Generic.List<System.Int32>)"
Dynamic,Method,"System.Void System.Collections.Generic.List<System.String>.Sort(System.Int32, System.Int32, System.Collections.Generic.IComparer<System.String>)"
Dynamic,Method,"System.Void System.Collections.Generic.List<System.Object>.Capacity.set(System.Int32)"
Dynamic,Method,"System.Boolean System.Enum.HasFlag(System.Enum flag)"
Dynamic,Method,"System.Object System.Enum.ToObject(System.Type enumType, System.Object value)"
Dynamic,Method,"System.Void System.Reflection.MethodBase..ctor()"
Dynamic,Method,"System.Boolean System.Double.IsNegative(System.Double d)"
Dynamic,Method,"System.Double System.Decimal.ToDouble(System.Decimal d)"
Dynamic,Method,"System.Single System.Decimal.ToSingle(System.Decimal d)"
Dynamic,Method,"System.Boolean System.Boolean.TryParse(System.ReadOnlySpan<System.Char> value, out System.Boolean result)"
Dynamic,Method,"System.Boolean System.String.EndsWith(System.String value)"
Dynamic,Method,"System.String[] System.String.Split(System.Char separator, System.StringSplitOptions options)"
Dynamic,Method,"System.Boolean System.String.Contains(System.Char value)"
Dynamic,Method,"System.Int32 System.String.LastIndexOf(System.Char value, System.Int32 startIndex, System.Int32 count)"
Dynamic,Method,"System.DateTime System.DateTime.FromBinary(System.Int64 dateData)"
Dynamic,Method,"System.String System.Text.StringBuilder.ToString(System.Int32 startIndex, System.Int32 length)"
Dynamic,Method,"System.Text.StringBuilder System.Text.StringBuilder.Insert(System.Int32 index, System.Char value)"
Dynamic,Method,"System.Object System.Enum.ToObject(System.Type enumType, System.SByte value)"
Dynamic,Method,"System.Object System.Enum.ToObject(System.Type enumType, System.Byte value)"
Dynamic,Method,"System.Object System.Enum.ToObject(System.Type enumType, System.UInt16 value)"
Dynamic,Method,"System.Object System.Enum.ToObject(System.Type enumType, System.Int16 value)"
Dynamic,Method,"System.Object System.Enum.ToObject(System.Type enumType, System.UInt32 value)"
Dynamic,Method,"System.Object System.Enum.ToObject(System.Type enumType, System.Int32 value)"
Dynamic,Method,"System.Object System.Enum.ToObject(System.Type enumType, System.UInt64 value)"
Dynamic,Method,"System.Object System.Enum.ToObject(System.Type enumType, System.Int64 value)"
Dynamic,Method,"System.Boolean System.Single.IsInfinity(System.Single f)"
Dynamic,Method,"System.Int32 System.String.IndexOfAny(System.Char[] anyOf, System.Int32 startIndex)"
Dynamic,Method,"System.Collections.Generic.IEnumerable<System.Reflection.CustomAttributeData> System.Reflection.MemberInfo.CustomAttributes.get()"
Dynamic,Method,"System.IntPtr System.Runtime.InteropServices.GCHandle.op_Explicit(System.Runtime.InteropServices.GCHandle value)"
Dynamic,Method,"System.Reflection.FieldInfo System.Reflection.Binder.BindToField(System.Reflection.BindingFlags bindingAttr, System.Reflection.FieldInfo[] match, System.Object value, System.Globalization.CultureInfo culture)"
Dynamic,Method,"System.Reflection.MethodBase System.Reflection.Binder.SelectMethod(System.Reflection.BindingFlags bindingAttr, System.Reflection.MethodBase[] match, System.Type[] types, System.Reflection.ParameterModifier[] modifiers)"
Dynamic,Method,"System.Reflection.PropertyInfo System.Reflection.Binder.SelectProperty(System.Reflection.BindingFlags bindingAttr, System.Reflection.PropertyInfo[] match, System.Type returnType, System.Type[] indexes, System.Reflection.ParameterModifier[] modifiers)"
Dynamic,Method,"System.Void System.Text.StringBuilder.Chars.set(System.Int32 index, System.Char value)"
Dynamic,Method,"System.Object[] System.Collections.Generic.List<System.Object>.ToArray()"
Dynamic,Method,"System.String System.Enum.GetName(System.Type enumType, System.Object value)"
Dynamic,Method,"System.String[] System.Enum.GetNames(System.Type enumType)"
Dynamic,Method,"System.Array System.Enum.GetValues(System.Type enumType)"
Dynamic,Method,"System.Int32 System.Array.BinarySearch<T>(T[] array, T value, System.Collections.Generic.IComparer<T> comparer)"
Dynamic,Method,"System.Object System.Array.GetValue(params System.Int32[] indices)"
Dynamic,Method,"System.Void System.Array.SetValue(System.Object value, params System.Int32[] indices)"
Dynamic,Method,"System.TypeCode System.Boolean.GetTypeCode()"
Dynamic,Method,"System.TypeCode System.String.GetTypeCode()"
Dynamic,Method,"System.Int32 System.String.LastIndexOf(System.String value, System.StringComparison comparisonType)"
Dynamic,Method,"System.TypeCode System.DateTime.GetTypeCode()"
Dynamic,Method,"System.Collections.Generic.IList<System.Reflection.CustomAttributeData> System.Reflection.MemberInfo.GetCustomAttributesData()"
Dynamic,Method,"System.Boolean System.Reflection.MemberInfo.op_Inequality(System.Reflection.MemberInfo left, System.Reflection.MemberInfo right)"
Dynamic,Method,"System.String[] System.Collections.Generic.List<System.String>.ToArray()"
Dynamic,Method,"System.TypeCode System.Enum.GetTypeCode()"
Dynamic,Method,"System.TypeCode System.Single.GetTypeCode()"
Dynamic,Method,"System.TypeCode System.Double.GetTypeCode()"
Dynamic,Method,"System.TypeCode System.Decimal.GetTypeCode()"
Dynamic,Method,"System.Int32 System.String.LastIndexOf(System.String value, System.Int32 startIndex, System.Int32 count, System.StringComparison comparisonType)"
Dynamic,Method,"System.Boolean System.Reflection.MemberInfo.IsDefined(System.Type attributeType, System.Boolean inherit)"
Dynamic,Method,"System.Void System.Array.Sort<TKey, TValue>(TKey[] keys, TValue[] items, System.Collections.Generic.IComparer<TKey> comparer)"
Dynamic,Method,"System.Void System.Array.Sort<TKey, TValue>(TKey[] keys, TValue[] items, System.Int32 index, System.Int32 length, System.Collections.Generic.IComparer<TKey> comparer)"
Dynamic,Method,"System.Void Windows.Foundation.IAsyncOperationWithProgress<TResult, TProgress>.put_Progress(Windows.Foundation.AsyncOperationProgressHandler<TResult, TProgress> handler)"
Dynamic,Method,"Windows.Foundation.AsyncOperationProgressHandler<TResult, TProgress> Windows.Foundation.IAsyncOperationWithProgress<TResult, TProgress>.Progress.get()"
Dynamic,Method,"System.Void Windows.Foundation.IAsyncOperationWithProgress<TResult, TProgress>.put_Completed(Windows.Foundation.AsyncOperationWithProgressCompletedHandler<TResult, TProgress> handler)"
Dynamic,Method,"Windows.Foundation.AsyncOperationWithProgressCompletedHandler<TResult, TProgress> Windows.Foundation.IAsyncOperationWithProgress<TResult, TProgress>.Completed.get()"
Dynamic,Method,"TResult Windows.Foundation.IAsyncOperationWithProgress<TResult, TProgress>.GetResults()"
Dynamic,Method,"System.Int32 System.String.IndexOf(System.String value)"
Dynamic,Method,"System.Type System.Reflection.MemberInfo.ReflectedType.get()"
Dynamic,Method,"System.Boolean System.Reflection.FieldInfo.IsLiteral.get()"
BaseTypeSerialize,Type,"System.Enum"
BaseTypeSerialize,Type,"System.ValueType"
BaseTypeSerialize,Type,"System.Object"
WeakBrowse,Type,"System.DateTime"
WeakBrowse,Type,"System.Int16"
WeakBrowse,Type,"System.Collections.IDictionary"
WeakBrowse,Type,"System.Exception"
WeakBrowse,Type,"System.Object"
WeakBrowse,Type,"System.Void"
WeakBrowse,Type,"FxResources.System.Private.Interop.SR"
WeakBrowse,Type,"FxResources.System.ObjectModel.SR"
WeakBrowse,Type,"FxResources.System.Private.DeveloperExperience.AppX.SR"
WeakBrowse,Type,"FxResources.System.Private.Reflection.Execution.SR"
WeakBrowse,Type,"FxResources.System.Text.Encoding.CodePages.SR"
WeakBrowse,Type,"FxResources.System.Numerics.Vectors.SR"
WeakBrowse,Type,"FxResources.System.Runtime.WindowsRuntime.SR"
WeakBrowse,Type,"FxResources.System.Runtime.WindowsRuntime.UI.Xaml.SR"
WeakBrowse,Type,"FxResources.System.Private.CoreLib.SR"
WeakBrowse,Type,"FxResources.System.Runtime.Extensions.SR"
WeakBrowse,Type,"FxResources.System.Private.TypeLoader.SR"
WeakBrowse,Type,"FxResources.System.Collections.Concurrent.SR"
WeakBrowse,Type,"FxResources.System.Private.Uri.SR"
WeakBrowse,Type,"FxResources.System.Collections.SR"
WeakBrowse,Type,"FxResources.System.Threading.SR"
WeakBrowse,Type,"FxResources.System.Runtime.InteropServices.SR"
WeakBrowse,Type,"FxResources.System.Runtime.InteropServices.WindowsRuntime.SR"
WeakBrowse,Type,"FxResources.System.Private.Reflection.Core.SR"
WeakBrowse,Type,"System.Char"
WeakBrowse,Type,"System.SByte"
WeakBrowse,Type,"System.Int32"
WeakBrowse,Type,"System.Int64"
WeakBrowse,Type,"System.Byte"
WeakBrowse,Type,"System.UInt16"
WeakBrowse,Type,"System.UInt32"
WeakBrowse,Type,"System.UInt64"
WeakBrowse,Type,"System.Delegate"
WeakBrowse,Type,"System.Collections.Generic.IList"
WeakBrowse,Type,"System.Collections.Generic.IDictionary"
WeakBrowse,Type,"Windows.UI.Xaml.Markup.XamlParseException"
WeakBrowse,Type,"Windows.UI.Xaml.Automation.ElementNotAvailableException"
WeakBrowse,Type,"Windows.UI.Xaml.Automation.ElementNotEnabledException"
WeakBrowse,Type,"Windows.UI.Xaml.LayoutCycleException"
WeakBrowse,Type,"System.Runtime.Versioning.TargetFrameworkAttribute"
WeakBrowse,Type,"System.Diagnostics.Tracing.EventDataAttribute"
WeakBrowse,Type,"System.Runtime.CompilerServices.CompilerGeneratedAttribute"
WeakBrowse,Type,"System.IntPtr"
WeakBrowse,Type,"Fake"
WeakBrowse,Type,"System.Runtime.InteropServices.COMException"
WeakBrowse,Type,"System.Runtime.InteropServices.InvalidComObjectException"
WeakBrowse,Type,"System.String"
WeakBrowse,Type,"System.Runtime.InteropServices.InvalidOleVariantTypeException"
WeakBrowse,Type,"System.Runtime.InteropServices.SafeArrayRankMismatchException"
WeakBrowse,Type,"System.Runtime.InteropServices.SafeArrayTypeMismatchException"
WeakBrowse,Type,"System.AggregateException"
WeakBrowse,Type,"System.Collections.Generic.IEnumerable<System.Exception>"
WeakBrowse,Type,"System.Runtime.Serialization.SerializationInfo"
WeakBrowse,Type,"System.Runtime.Serialization.StreamingContext"
WeakBrowse,Type,"System.ArgumentException"
WeakBrowse,Type,"System.ArgumentNullException"
WeakBrowse,Type,"System.ArgumentOutOfRangeException"
WeakBrowse,Type,"System.ArithmeticException"
WeakBrowse,Type,"System.ArrayTypeMismatchException"
WeakBrowse,Type,"System.BadImageFormatException"
WeakBrowse,Type,"System.DataMisalignedException"
WeakBrowse,Type,"System.DivideByZeroException"
WeakBrowse,Type,"System.DllNotFoundException"
WeakBrowse,Type,"System.EntryPointNotFoundException"
WeakBrowse,Type,"System.FormatException"
WeakBrowse,Type,"System.IndexOutOfRangeException"
WeakBrowse,Type,"System.InsufficientExecutionStackException"
WeakBrowse,Type,"System.InvalidCastException"
WeakBrowse,Type,"System.InvalidOperationException"
WeakBrowse,Type,"System.InvalidProgramException"
WeakBrowse,Type,"System.MemberAccessException"
WeakBrowse,Type,"System.MissingMemberException"
WeakBrowse,Type,"System.MissingMethodException"
WeakBrowse,Type,"System.NotImplementedException"
WeakBrowse,Type,"System.NotSupportedException"
WeakBrowse,Type,"System.NullReferenceException"
WeakBrowse,Type,"System.ObjectDisposedException"
WeakBrowse,Type,"System.OperationCanceledException"
WeakBrowse,Type,"System.OutOfMemoryException"
WeakBrowse,Type,"System.OverflowException"
WeakBrowse,Type,"System.PlatformNotSupportedException"
WeakBrowse,Type,"System.RankException"
WeakBrowse,Type,"System.SystemException"
WeakBrowse,Type,"System.TypeInitializationException"
WeakBrowse,Type,"System.UnauthorizedAccessException"
WeakBrowse,Type,"System.Type"
WeakBrowse,Type,"System.Reflection.MethodBase"
WeakBrowse,Type,"System.EventHandler<System.Runtime.Serialization.SafeSerializationEventArgs>"
WeakBrowse,Type,"System.TypeLoadException"
WeakBrowse,Type,"System.Threading.SynchronizationLockException"
WeakBrowse,Type,"System.Security.SecurityException"
WeakBrowse,Type,"System.Security.VerificationException"
WeakBrowse,Type,"System.Runtime.Serialization.SerializationException"
WeakBrowse,Type,"System.Runtime.InteropServices.MarshalDirectiveException"
WeakBrowse,Type,"System.Resources.MissingManifestResourceException"
WeakBrowse,Type,"System.Reflection.InvalidFilterCriteriaException"
WeakBrowse,Type,"System.Reflection.ReflectionTypeLoadException"
WeakBrowse,Type,"System.Array<System.Type>"
WeakBrowse,Type,"System.Array<System.Exception>"
WeakBrowse,Type,"System.Reflection.TargetInvocationException"
WeakBrowse,Type,"System.Reflection.TargetParameterCountException"
WeakBrowse,Type,"System.IO.DirectoryNotFoundException"
WeakBrowse,Type,"System.IO.EndOfStreamException"
WeakBrowse,Type,"System.IO.FileLoadException"
WeakBrowse,Type,"System.IO.FileNotFoundException"
WeakBrowse,Type,"System.IO.IOException"
WeakBrowse,Type,"System.IO.PathTooLongException"
WeakBrowse,Type,"System.Collections.Generic.KeyNotFoundException"
WeakBrowse,Type,"System.UriFormatException"
WeakBrowse,Type,"System.Array<System.Byte>"
WeakBrowse,Type,"System.AttributeTargets"
WeakBrowse,Type,"System.Collections.Specialized.NotifyCollectionChangedAction"
WeakBrowse,Type,"Windows.UI.Xaml.DurationType"
WeakBrowse,Type,"Windows.UI.Xaml.GridUnitType"
WeakBrowse,Type,"Windows.UI.Xaml.Media.Animation.RepeatBehaviorType"
WeakBrowse,Type,"Windows.Foundation.PropertyType"
WeakBrowse,Type,"Windows.Foundation.AsyncStatus"
WeakBrowse,Type,"System.Diagnostics.DebuggableAttribute.DebuggingModes"
WeakBrowse,Type,"System.Runtime.InteropServices.DllImportSearchPath"
WeakBrowse,Type,"System.DayOfWeek"
WeakBrowse,Type,"System.Globalization.DateTimeStyles"
WeakBrowse,Type,"System.Globalization.TimeSpanStyles"
WeakBrowse,Type,"System.Reflection.MemberTypes"
WeakBrowse,Type,"System.Reflection.GenericParameterAttributes"
WeakBrowse,Type,"System.Reflection.TypeAttributes"
WeakBrowse,Type,"System.Reflection.BindingFlags"
WeakBrowse,Type,"System.Reflection.CallingConventions"
WeakBrowse,Type,"System.TypeCode"
WeakBrowse,Type,"System.StringComparison"
WeakBrowse,Type,"System.UriKind"
WeakBrowse,Type,"System.UriHostNameType"
WeakBrowse,Type,"System.UriPartial"
WeakBrowse,Type,"System.UriComponents"
WeakBrowse,Type,"System.UriFormat"
WeakBrowse,Type,"System.ComponentModel.EditorBrowsableState"
WeakBrowse,Type,"System.Globalization.UnicodeCategory"
WeakBrowse,Type,"System.Globalization.NumberStyles"
WeakBrowse,Type,"System.Runtime.InteropServices.VarEnum"
WeakBrowse,Type,"System.IO.SeekOrigin"
WeakBrowse,Type,"System.Diagnostics.Tracing.EventLevel"
WeakBrowse,Type,"System.Diagnostics.Tracing.EventKeywords"
WeakBrowse,Type,"System.Diagnostics.Tracing.EventOpcode"
WeakBrowse,Type,"System.Diagnostics.Tracing.EventTask"
WeakBrowse,Type,"System.Diagnostics.Tracing.EventChannel"
WeakBrowse,Type,"System.Diagnostics.Tracing.EventTags"
WeakBrowse,Type,"System.Diagnostics.Tracing.EventActivityOptions"
WeakBrowse,Type,"System.Diagnostics.Tracing.EventSourceSettings"
WeakBrowse,Type,"System.Diagnostics.Tracing.EventManifestOptions"
WeakBrowse,Type,"System.Diagnostics.Tracing.EventCommand"
WeakBrowse,Type,"System.Reflection.MethodAttributes"
WeakBrowse,Type,"System.Reflection.MethodImplAttributes"
WeakBrowse,Type,"System.Runtime.InteropServices.CustomQueryInterfaceMode"
WeakBrowse,Type,"System.Text.NormalizationForm"
WeakBrowse,Type,"System.Threading.Tasks.TaskCreationOptions"
WeakBrowse,Type,"System.Threading.Tasks.TaskStatus"
WeakBrowse,Type,"System.Threading.Tasks.TaskContinuationOptions"
WeakBrowse,Type,"System.Runtime.InteropServices.CallingConvention"
WeakBrowse,Type,"System.Runtime.GCLatencyMode"
WeakBrowse,Type,"System.Runtime.InteropServices.GCHandleType"
WeakBrowse,Type,"System.Runtime.InteropServices.CustomQueryInterfaceResult"
WeakBrowse,Type,"System.Security.Permissions.SecurityAction"
WeakBrowse,Type,"System.Diagnostics.DebuggerBrowsableState"
WeakBrowse,Type,"System.Runtime.InteropServices.ComInterfaceType"
WeakBrowse,Type,"Windows.Foundation.Metadata.MarshalingType"
WeakBrowse,Type,"System.Diagnostics.Tracing.PropertyValue"
WeakBrowse,Type,"System.Resources.WindowsRuntimeResourceManager"
WeakBrowse,Type,"System.Reflection.DispatchProxy"
WeakBrowse,Type,"System.Diagnostics.Tracing.PropertyValue.ReferenceTypeHelper"
WeakBrowse,Type,"System.UriParser"
WeakBrowse,Type,"System.Uri"
WeakBrowse,Type,"System.Enum"
WeakBrowse,Type,"System.ValueType"
WeakBrowse,Type,"System.Diagnostics.Tracing.EventSourceAttribute"
WeakBrowse,Type,"System.Diagnostics.Tracing.EventSource"
WeakBrowse,Type,"System.Resources.ResourceSet"
WeakBrowse,Type,"System.Collections.Generic.IEnumerable"
WeakBrowse,Type,"System.Collections.IEnumerable"
WeakBrowse,Type,"Windows.Foundation.IPropertyValue"
WeakBrowse,Type,"Windows.Foundation.IAsyncInfo"
WeakBrowse,Type,"System.IDisposable"
WeakBrowse,Type,"System.Diagnostics.Tracing.EventAttribute"
WeakBrowse,Type,"Internal.Runtime.CompilerServices.HasEmbeddedStringResourcesAttribute"
WeakBrowse,Type,"System.Diagnostics.Tracing.PropertyValue.ReferenceTypeHelper<System.Object>"
WeakBrowse,Type,"System.Collections.Generic.IDictionary<System.String, System.String>"
WeakBrowse,Type,"System.EventHandler<System.Diagnostics.Tracing.EventCommandEventArgs>"
WeakBrowse,Type,"System.Boolean"
WeakBrowse,Type,"System.Array<System.String>"
WeakBrowse,Type,"System.Diagnostics.Tracing.EventCommandEventArgs"
WeakBrowse,Type,"System.Diagnostics.Tracing.EventSource.EventData"
WeakBrowse,Type,"System.Guid"
WeakBrowse,Type,"System.Array<System.Object>"
WeakBrowse,Type,"System.Diagnostics.Tracing.EventSourceOptions"
WeakBrowse,Type,"System.Runtime.CompilerServices.CompilationRelaxationsAttribute"
WeakBrowse,Type,"System.Runtime.CompilerServices.RuntimeCompatibilityAttribute"
WeakBrowse,Type,"System.Diagnostics.DebuggableAttribute"
WeakBrowse,Type,"System.Runtime.CompilerServices.ExtensionAttribute"
WeakBrowse,Type,"System.Reflection.AssemblyTitleAttribute"
WeakBrowse,Type,"System.Reflection.AssemblyDescriptionAttribute"
WeakBrowse,Type,"System.Reflection.AssemblyDefaultAliasAttribute"
WeakBrowse,Type,"System.Reflection.AssemblyCompanyAttribute"
WeakBrowse,Type,"System.Reflection.AssemblyProductAttribute"
WeakBrowse,Type,"System.Reflection.AssemblyCopyrightAttribute"
WeakBrowse,Type,"System.Reflection.AssemblyFileVersionAttribute"
WeakBrowse,Type,"System.Reflection.AssemblyInformationalVersionAttribute"
WeakBrowse,Type,"System.CLSCompliantAttribute"
WeakBrowse,Type,"System.Reflection.AssemblyMetadataAttribute"
WeakBrowse,Type,"System.Resources.NeutralResourcesLanguageAttribute"
WeakBrowse,Type,"System.Runtime.InteropServices.DefaultDllImportSearchPathsAttribute"
WeakBrowse,Type,"System.Reflection.AssemblyConfigurationAttribute"
WeakBrowse,Type,"System.Reflection.AssemblyTrademarkAttribute"
WeakBrowse,Type,"System.Runtime.InteropServices.ComVisibleAttribute"
WeakBrowse,Type,"System.Reflection.AssemblyDelaySignAttribute"
WeakBrowse,Type,"System.Reflection.AssemblyKeyFileAttribute"
WeakBrowse,Type,"System.Windows.Input.ICommand"
WeakBrowse,Type,"System.EventHandler"
WeakBrowse,Type,"System.EventArgs"
WeakBrowse,Type,"System.Collections.Specialized.INotifyCollectionChanged"
WeakBrowse,Type,"System.Collections.Specialized.NotifyCollectionChangedEventHandler"
WeakBrowse,Type,"System.Collections.Specialized.NotifyCollectionChangedEventArgs"
WeakBrowse,Type,"System.ComponentModel.INotifyPropertyChanged"
WeakBrowse,Type,"System.ComponentModel.PropertyChangedEventHandler"
WeakBrowse,Type,"System.ComponentModel.PropertyChangedEventArgs"
WeakBrowse,Type,"Windows.UI.Xaml.Data.ICustomProperty"
WeakBrowse,Type,"System.Reflection.FieldInfo"
WeakBrowse,Type,"System.Reflection.PropertyInfo"
WeakBrowse,Type,"System.Runtime.CompilerServices.TypeForwardedFromAttribute"
WeakBrowse,Type,"System.Diagnostics.DebuggerDisplayAttribute"
WeakBrowse,Type,"System.ObsoleteAttribute"
WeakBrowse,Type,"System.Runtime.CompilerServices.IsReadOnlyAttribute"
WeakBrowse,Type,"System.Reflection.DefaultMemberAttribute"
WeakBrowse,Type,"System.AttributeUsageAttribute"
WeakBrowse,Type,"Windows.Foundation.Metadata.ContractVersionAttribute"
WeakBrowse,Type,"Windows.Foundation.Metadata.GuidAttribute"
WeakBrowse,Type,"System.ParamArrayAttribute"
WeakBrowse,Type,"System.Collections.Generic.ICollection"
WeakBrowse,Type,"System.Array"
WeakBrowse,Type,"System.Collections.Generic.IReadOnlyCollection"
WeakBrowse,Type,"Windows.Foundation.IReferenceArray"
WeakBrowse,Type,"Windows.Foundation.Collections.IIterator"
WeakBrowse,Type,"Windows.Foundation.IAsyncOperation"
WeakBrowse,Type,"Windows.Foundation.AsyncOperationCompletedHandler"
WeakBrowse,Type,"System.Runtime.InteropServices.WindowsRuntime.IIterableOfT_CCWAdapter"
WeakBrowse,Type,"System.Runtime.InteropServices.WindowsRuntime.IIteratorOfT_CCWAdapter"
WeakBrowse,Type,"System.Runtime.InteropServices.WindowsRuntime.IVector_CCWAdapter"
WeakBrowse,Type,"System.Runtime.InteropServices.WindowsRuntime.IVectorView_CCWAdapter"
WeakBrowse,Type,"System.Runtime.InteropServices.WindowsRuntime.IMap_CCWAdapter"
WeakBrowse,Type,"System.Runtime.InteropServices.WindowsRuntime.IMapView_CCWAdapter"
WeakBrowse,Type,"System.Runtime.InteropServices.WindowsRuntime.IKeyValuePair_CCWAdapter"
WeakBrowse,Type,"System.Runtime.InteropServices.WindowsRuntime.IReference_CCWAdapter"
WeakBrowse,Type,"System.Runtime.InteropServices.WindowsRuntime.IReferenceArray_CCWAdapter"
WeakBrowse,Type,"System.Runtime.InteropServices.WindowsRuntime.EventHandler_CCWAdapter"
WeakBrowse,Type,"System.IComparable"
WeakBrowse,Type,"System.IFormattable"
WeakBrowse,Type,"System.IConvertible"
WeakBrowse,Type,"System.IComparable<System.DateTime>"
WeakBrowse,Type,"System.IEquatable<System.DateTime>"
WeakBrowse,Type,"System.IComparable<System.Int16>"
WeakBrowse,Type,"System.IEquatable<System.Int16>"
WeakBrowse,Type,"System.Collections.ICollection"
WeakBrowse,Type,"System.IComparable<System.Char>"
WeakBrowse,Type,"System.IEquatable<System.Char>"
WeakBrowse,Type,"System.IComparable<System.SByte>"
WeakBrowse,Type,"System.IEquatable<System.SByte>"
WeakBrowse,Type,"System.IComparable<System.Int32>"
WeakBrowse,Type,"System.IEquatable<System.Int32>"
WeakBrowse,Type,"System.IComparable<System.Int64>"
WeakBrowse,Type,"System.IEquatable<System.Int64>"
WeakBrowse,Type,"System.IComparable<System.Byte>"
WeakBrowse,Type,"System.IEquatable<System.Byte>"
WeakBrowse,Type,"System.IComparable<System.UInt16>"
WeakBrowse,Type,"System.IEquatable<System.UInt16>"
WeakBrowse,Type,"System.IComparable<System.UInt32>"
WeakBrowse,Type,"System.IEquatable<System.UInt32>"
WeakBrowse,Type,"System.IComparable<System.UInt64>"
WeakBrowse,Type,"System.IEquatable<System.UInt64>"
WeakBrowse,Type,"System.Attribute"
WeakBrowse,Type,"System.Runtime.InteropServices.ExternalException"
WeakBrowse,Type,"System.Collections.Generic.IEnumerable<System.Char>"
WeakBrowse,Type,"System.IComparable<System.String>"
WeakBrowse,Type,"System.IEquatable<System.String>"
WeakBrowse,Type,"System.Collections.ObjectModel.ReadOnlyCollection<System.Exception>"
WeakBrowse,Type,"System.Reflection.MemberInfo"
WeakBrowse,Type,"System.EventHandler"
WeakBrowse,Type,"System.MulticastDelegate"
WeakBrowse,Type,"System.Runtime.Serialization.SafeSerializationEventArgs"
WeakBrowse,Type,"System.ApplicationException"
WeakBrowse,Type,"System.Array"
WeakBrowse,Type,"System.Collections.Generic.IEnumerable<System.Type>"
WeakBrowse,Type,"System.Collections.Generic.ICollection<System.Type>"
WeakBrowse,Type,"System.Collections.Generic.IList<System.Type>"
WeakBrowse,Type,"System.Collections.Generic.IReadOnlyList<System.Type>"
WeakBrowse,Type,"System.Collections.Generic.IReadOnlyCollection<System.Type>"
WeakBrowse,Type,"System.Collections.Generic.ICollection<System.Exception>"
WeakBrowse,Type,"System.Collections.Generic.IList<System.Exception>"
WeakBrowse,Type,"System.Collections.Generic.IReadOnlyList<System.Exception>"
WeakBrowse,Type,"System.Collections.Generic.IReadOnlyCollection<System.Exception>"
WeakBrowse,Type,"System.Collections.Generic.IEnumerable<System.Byte>"
WeakBrowse,Type,"System.Collections.Generic.ICollection<System.Byte>"
WeakBrowse,Type,"System.Collections.Generic.IList<System.Byte>"
WeakBrowse,Type,"System.Collections.Generic.IReadOnlyList<System.Byte>"
WeakBrowse,Type,"System.Collections.Generic.IReadOnlyCollection<System.Byte>"
WeakBrowse,Type,"System.Diagnostics.Tracing.PropertyValue.TypeHelper"
WeakBrowse,Type,"System.IEquatable<System.IntPtr>"
WeakBrowse,Type,"System.Collections.Generic.ICollection<System.Collections.Generic.KeyValuePair<System.String, System.String>>"
WeakBrowse,Type,"System.Collections.Generic.IEnumerable<System.Collections.Generic.KeyValuePair<System.String, System.String>>"
WeakBrowse,Type,"System.IComparable<System.Boolean>"
WeakBrowse,Type,"System.IEquatable<System.Boolean>"
WeakBrowse,Type,"System.Collections.Generic.IEnumerable<System.String>"
WeakBrowse,Type,"System.Collections.Generic.ICollection<System.String>"
WeakBrowse,Type,"System.Collections.Generic.IList<System.String>"
WeakBrowse,Type,"System.Collections.Generic.IReadOnlyList<System.String>"
WeakBrowse,Type,"System.Collections.Generic.IReadOnlyCollection<System.String>"
WeakBrowse,Type,"System.IComparable<System.Guid>"
WeakBrowse,Type,"System.IEquatable<System.Guid>"
WeakBrowse,Type,"System.Collections.Generic.IEnumerable<System.Object>"
WeakBrowse,Type,"System.Collections.Generic.ICollection<System.Object>"
WeakBrowse,Type,"System.Collections.Generic.IList<System.Object>"
WeakBrowse,Type,"System.Collections.Generic.IReadOnlyList<System.Object>"
WeakBrowse,Type,"System.Collections.Generic.IReadOnlyCollection<System.Object>"
WeakBrowse,Type,"System.Collections.Generic.IReadOnlyList"
WeakBrowse,Type,"System.IComparable<System.Single>"
WeakBrowse,Type,"System.IEquatable<System.Single>"
WeakBrowse,Type,"System.IComparable<System.Double>"
WeakBrowse,Type,"System.IEquatable<System.Double>"
WeakBrowse,Type,"System.Collections.Generic.IList<System.RuntimeTypeHandle>"
WeakBrowse,Type,"System.Collections.Generic.ICollection<System.RuntimeTypeHandle>"
WeakBrowse,Type,"System.Collections.Generic.IEnumerable<System.RuntimeTypeHandle>"
WeakBrowse,Type,"System.Collections.Generic.IReadOnlyList<System.RuntimeTypeHandle>"
WeakBrowse,Type,"System.Collections.Generic.IReadOnlyCollection<System.RuntimeTypeHandle>"
WeakBrowse,Type,"System.RuntimeTypeHandle"
WeakBrowse,Type,"System.IComparable<System.Decimal>"
WeakBrowse,Type,"System.IEquatable<System.Decimal>"
WeakBrowse,Type,"System.IComparable<System.TimeSpan>"
WeakBrowse,Type,"System.IEquatable<System.TimeSpan>"
WeakBrowse,Type,"System.Collections.IEnumerator"
WeakBrowse,Type,"System.Resources.ResourceReader"
WeakBrowse,Type,"System.Resources.RuntimeResourceSet"
WeakBrowse,Type,"System.Diagnostics.Tracing.NonEventAttribute"
WeakBrowse,Type,"System.Diagnostics.Tracing.EventListener"
WeakBrowse,Type,"System.Array<System.Reflection.ParameterInfo>"
WeakBrowse,Type,"System.Diagnostics.Tracing.EventWrittenEventArgs"
WeakBrowse,Type,"System.Collections.Generic.Dictionary<System.String, System.String>"
WeakBrowse,Type,"System.Reflection.MethodInfo"
WeakBrowse,Type,"System.Runtime.InteropServices.GCHandle"
WeakBrowse,Type,"System.Collections.Generic.List<System.Byte>"
WeakBrowse,Type,"System.MissingFieldException"
WeakBrowse,Type,"System.TypeAccessException"
WeakBrowse,Type,"System.Threading.Tasks.TaskCanceledException"
WeakBrowse,Type,"System.Threading.Tasks.Task"
WeakBrowse,Type,"System.Threading.Tasks.TaskSchedulerException"
WeakBrowse,Type,"System.Diagnostics.Tracing.EventSourceException"
WeakBrowse,Type,"System.Collections.Generic.IEnumerable<System.Diagnostics.Tracing.EventSource>"
WeakBrowse,Type,"System.Runtime.InteropServices.CharSet"
WeakBrowse,Type,"System.Runtime.Serialization.StreamingContextStates"
WeakBrowse,Type,"System.Reflection.FieldAttributes"
WeakBrowse,Type,"System.Runtime.InteropServices.ComTypes.IMPLTYPEFLAGS"
WeakBrowse,Type,"System.Runtime.InteropServices.ComTypes.INVOKEKIND"
WeakBrowse,Type,"System.DateTimeKind"
WeakBrowse,Type,"Windows.UI.Core.CoreDispatcherPriority"
WeakBrowse,Type,"Windows.Foundation.Diagnostics.CausalityTraceLevel"
WeakBrowse,Type,"Windows.Foundation.Diagnostics.CausalitySource"
WeakBrowse,Type,"Windows.Foundation.Diagnostics.CausalityRelation"
WeakBrowse,Type,"Windows.Foundation.Diagnostics.CausalitySynchronousWork"
WeakBrowse,Type,"Windows.Foundation.Metadata.ThreadingModel"
WeakBrowse,Type,"System.Reflection.Binder"
WeakBrowse,Type,"System.Reflection.MemberFilter"
WeakBrowse,Type,"System.EventHandler<System.Diagnostics.Tracing.EventWrittenEventArgs>"
WeakBrowse,Type,"System.Collections.Generic.List<System.WeakReference>"
WeakBrowse,Type,"System.Collections.ObjectModel.ReadOnlyCollection<System.Object>"
WeakBrowse,Type,"System.Collections.ObjectModel.ReadOnlyCollection<System.String>"
WeakBrowse,Type,"System.Nullable<System.Int64>"
WeakBrowse,Type,"System.Collections.Generic.Dictionary<System.Int32, System.String>"
WeakBrowse,Type,"System.Collections.Generic.Dictionary<System.UInt64, System.String>"
WeakBrowse,Type,"System.Collections.Generic.Dictionary<System.String, System.Type>"
WeakBrowse,Type,"System.Text.StringBuilder"
WeakBrowse,Type,"System.Resources.ResourceManager"
WeakBrowse,Type,"System.Collections.Generic.Dictionary<System.String, System.Collections.Generic.List<System.Int32>>"
WeakBrowse,Type,"System.Collections.Generic.List<System.Int32>"
WeakBrowse,Type,"System.Collections.Generic.Dictionary<System.String, System.String>.KeyCollection"
WeakBrowse,Type,"System.Collections.Generic.Dictionary<System.String, System.String>.ValueCollection"
WeakBrowse,Type,"System.Collections.Generic.List<System.String>"
WeakBrowse,Type,"System.Collections.Generic.List<System.Object>"
WeakBrowse,Type,"System.UIntPtr"
WeakBrowse,Type,"System.Globalization.DateTimeFormatInfo"
WeakBrowse,Type,"System.Globalization.NumberFormatInfo"
WeakBrowse,Type,"System.WeakReference"
WeakBrowse,Type,"System.Collections.Generic.IEnumerable<System.Reflection.ParameterInfo>"
WeakBrowse,Type,"System.Collections.Generic.ICollection<System.Reflection.ParameterInfo>"
WeakBrowse,Type,"System.Collections.Generic.IList<System.Reflection.ParameterInfo>"
WeakBrowse,Type,"System.Collections.Generic.IReadOnlyList<System.Reflection.ParameterInfo>"
WeakBrowse,Type,"System.Collections.Generic.IReadOnlyCollection<System.Reflection.ParameterInfo>"
WeakBrowse,Type,"System.Reflection.ParameterInfo"
WeakBrowse,Type,"System.Collections.IList"
WeakBrowse,Type,"System.Collections.Generic.IEnumerable<System.UInt64>"
WeakBrowse,Type,"System.Collections.Generic.ICollection<System.UInt64>"
WeakBrowse,Type,"System.Collections.Generic.IList<System.UInt64>"
WeakBrowse,Type,"System.Collections.Generic.IReadOnlyList<System.UInt64>"
WeakBrowse,Type,"System.Collections.Generic.IReadOnlyCollection<System.UInt64>"
WeakBrowse,Type,"System.Collections.Generic.IList<System.WeakReference>"
WeakBrowse,Type,"System.Collections.Generic.ICollection<System.WeakReference>"
WeakBrowse,Type,"System.Collections.Generic.IEnumerable<System.WeakReference>"
WeakBrowse,Type,"System.Collections.Generic.IReadOnlyList<System.WeakReference>"
WeakBrowse,Type,"System.Collections.Generic.IReadOnlyCollection<System.WeakReference>"
WeakBrowse,Type,"System.Collections.Generic.IEnumerable<System.IntPtr>"
WeakBrowse,Type,"System.Collections.Generic.ICollection<System.IntPtr>"
WeakBrowse,Type,"System.Collections.Generic.IList<System.IntPtr>"
WeakBrowse,Type,"System.Collections.Generic.IReadOnlyList<System.IntPtr>"
WeakBrowse,Type,"System.Collections.Generic.IReadOnlyCollection<System.IntPtr>"
WeakBrowse,Type,"System.Collections.Generic.IEnumerable<System.Boolean>"
WeakBrowse,Type,"System.Collections.Generic.ICollection<System.Boolean>"
WeakBrowse,Type,"System.Collections.Generic.IList<System.Boolean>"
WeakBrowse,Type,"System.Collections.Generic.IReadOnlyList<System.Boolean>"
WeakBrowse,Type,"System.Collections.Generic.IReadOnlyCollection<System.Boolean>"
WeakBrowse,Type,"System.Collections.Generic.IList<System.Int32>"
WeakBrowse,Type,"System.Collections.Generic.ICollection<System.Int32>"
WeakBrowse,Type,"System.Collections.Generic.IEnumerable<System.Int32>"
WeakBrowse,Type,"System.Collections.Generic.IReadOnlyList<System.Int32>"
WeakBrowse,Type,"System.Collections.Generic.IReadOnlyCollection<System.Int32>"
WeakBrowse,Type,"System.Security.SecuritySafeCriticalAttribute"
WeakBrowse,Type,"System.Diagnostics.DebuggerHiddenAttribute"
WeakBrowse,Type,"System.Diagnostics.DebuggerStepThroughAttribute"
WeakBrowse,Type,"Windows.Foundation.Metadata.LengthIsAttribute"
WeakBrowse,Type,"System.FlagsAttribute"
WeakBrowse,Type,"Windows.Foundation.Metadata.WebHostHiddenAttribute"
WeakBrowse,Type,"System.ComponentModel.EditorBrowsableAttribute"
WeakBrowse,Type,"Windows.Foundation.Metadata.AllowMultipleAttribute"
WeakBrowse,Type,"Windows.Foundation.Metadata.ApiContractAttribute"
WeakBrowse,Type,"System.Collections.ListDictionaryInternal"
WeakBrowse,Type,"System.Collections.DictionaryEntry"
WeakBrowse,Type,"System.Collections.Generic.IDictionary<System.Object, System.Object>"
WeakBrowse,Type,"System.Diagnostics.DebuggerTypeProxyAttribute"
WeakBrowse,Type,"System.Array<System.Char>"
WeakBrowse,Type,"System.Text.Encoding"
WeakBrowse,Type,"System.ReadOnlySpan<System.Char>"
WeakBrowse,Type,"System.Buffers.SpanAction"
WeakBrowse,Type,"System.IFormatProvider"
WeakBrowse,Type,"System.ReadOnlySpan<System.Byte>"
WeakBrowse,Type,"System.Span<System.Byte>"
WeakBrowse,Type,"System.Span<System.Char>"
WeakBrowse,Type,"System.Array<System.Reflection.ParameterModifier>"
WeakBrowse,Type,"System.Globalization.CultureInfo"
WeakBrowse,Type,"System.Reflection.TypeFilter"
WeakBrowse,Type,"System.Func<System.Reflection.AssemblyName, System.Reflection.Assembly>"
WeakBrowse,Type,"System.Func<System.Reflection.Assembly, System.String, System.Boolean, System.Type>"
WeakBrowse,Type,"System.AsyncCallback"
WeakBrowse,Type,"System.IAsyncResult"
WeakBrowse,Type,"System.Globalization.Calendar"
WeakBrowse,Type,"System.TimeSpan"
WeakBrowse,Type,"System.Double"
WeakBrowse,Type,"System.Collections.Generic.IEqualityComparer<System.String>"
WeakBrowse,Type,"System.Array<System.WeakReference>"
WeakBrowse,Type,"System.Reflection.Assembly"
WeakBrowse,Type,"System.Array<System.Int32>"
WeakBrowse,Type,"System.IComparable"
WeakBrowse,Type,"System.IEquatable"
WeakBrowse,Type,"System.Collections.ObjectModel.ReadOnlyCollection"
WeakBrowse,Type,"System.Collections.Generic.KeyValuePair<System.String, System.String>"
WeakBrowse,Type,"System.Single"
WeakBrowse,Type,"System.IEquatable<System.RuntimeTypeHandle>"
WeakBrowse,Type,"System.Decimal"
WeakBrowse,Type,"System.Resources.IResourceReader"
WeakBrowse,Type,"System.Collections.Generic.Dictionary"
WeakBrowse,Type,"System.Collections.Generic.List"
WeakBrowse,Type,"System.Nullable"
WeakBrowse,Type,"System.Collections.Generic.Dictionary.KeyCollection"
WeakBrowse,Type,"System.Collections.Generic.Dictionary.ValueCollection"
WeakBrowse,Type,"System.IEquatable<System.UIntPtr>"
WeakBrowse,Type,"System.Collections.Generic.IReadOnlyDictionary<System.String, System.String>"
WeakBrowse,Type,"System.Collections.Generic.IReadOnlyCollection<System.Collections.Generic.KeyValuePair<System.String, System.String>>"
WeakBrowse,Type,"System.Collections.Generic.IDictionary<System.Int32, System.String>"
WeakBrowse,Type,"System.Collections.Generic.ICollection<System.Collections.Generic.KeyValuePair<System.Int32, System.String>>"
WeakBrowse,Type,"System.Collections.Generic.IEnumerable<System.Collections.Generic.KeyValuePair<System.Int32, System.String>>"
WeakBrowse,Type,"System.Collections.Generic.IReadOnlyDictionary<System.Int32, System.String>"
WeakBrowse,Type,"System.Collections.Generic.IReadOnlyCollection<System.Collections.Generic.KeyValuePair<System.Int32, System.String>>"
WeakBrowse,Type,"System.Collections.Generic.IDictionary<System.UInt64, System.String>"
WeakBrowse,Type,"System.Collections.Generic.ICollection<System.Collections.Generic.KeyValuePair<System.UInt64, System.String>>"
WeakBrowse,Type,"System.Collections.Generic.IEnumerable<System.Collections.Generic.KeyValuePair<System.UInt64, System.String>>"
WeakBrowse,Type,"System.Collections.Generic.IReadOnlyDictionary<System.UInt64, System.String>"
WeakBrowse,Type,"System.Collections.Generic.IReadOnlyCollection<System.Collections.Generic.KeyValuePair<System.UInt64, System.String>>"
WeakBrowse,Type,"System.Collections.Generic.IDictionary<System.String, System.Type>"
WeakBrowse,Type,"System.Collections.Generic.ICollection<System.Collections.Generic.KeyValuePair<System.String, System.Type>>"
WeakBrowse,Type,"System.Collections.Generic.IEnumerable<System.Collections.Generic.KeyValuePair<System.String, System.Type>>"
WeakBrowse,Type,"System.Collections.Generic.IReadOnlyDictionary<System.String, System.Type>"
WeakBrowse,Type,"System.Collections.Generic.IReadOnlyCollection<System.Collections.Generic.KeyValuePair<System.String, System.Type>>"
WeakBrowse,Type,"System.Collections.Generic.IDictionary<System.String, System.Collections.Generic.List<System.Int32>>"
WeakBrowse,Type,"System.Collections.Generic.ICollection<System.Collections.Generic.KeyValuePair<System.String, System.Collections.Generic.List<System.Int32>>>"
WeakBrowse,Type,"System.Collections.Generic.IEnumerable<System.Collections.Generic.KeyValuePair<System.String, System.Collections.Generic.List<System.Int32>>>"
WeakBrowse,Type,"System.Collections.Generic.IReadOnlyDictionary<System.String, System.Collections.Generic.List<System.Int32>>"
WeakBrowse,Type,"System.Collections.Generic.IReadOnlyCollection<System.Collections.Generic.KeyValuePair<System.String, System.Collections.Generic.List<System.Int32>>>"
WeakBrowse,Type,"System.Collections.Generic.ICollection<System.Collections.Generic.KeyValuePair<System.Object, System.Object>>"
WeakBrowse,Type,"System.Collections.Generic.IEnumerable<System.Collections.Generic.KeyValuePair<System.Object, System.Object>>"
WeakBrowse,Type,"System.Collections.Generic.ICollection<System.Char>"
WeakBrowse,Type,"System.Collections.Generic.IList<System.Char>"
WeakBrowse,Type,"System.Collections.Generic.IReadOnlyList<System.Char>"
WeakBrowse,Type,"System.Collections.Generic.IReadOnlyCollection<System.Char>"
WeakBrowse,Type,"System.ReadOnlySpan"
WeakBrowse,Type,"System.Span"
WeakBrowse,Type,"System.Collections.Generic.IEnumerable<System.Reflection.ParameterModifier>"
WeakBrowse,Type,"System.Collections.Generic.ICollection<System.Reflection.ParameterModifier>"
WeakBrowse,Type,"System.Collections.Generic.IList<System.Reflection.ParameterModifier>"
WeakBrowse,Type,"System.Collections.Generic.IReadOnlyList<System.Reflection.ParameterModifier>"
WeakBrowse,Type,"System.Collections.Generic.IReadOnlyCollection<System.Reflection.ParameterModifier>"
WeakBrowse,Type,"System.Reflection.ParameterModifier"
WeakBrowse,Type,"System.Func"
WeakBrowse,Type,"System.Reflection.AssemblyName"
WeakBrowse,Type,"System.Func"
WeakBrowse,Type,"System.Collections.Generic.IEqualityComparer"
WeakBrowse,Type,"System.Collections.Generic.IEqualityComparer<System.Int32>"
WeakBrowse,Type,"System.Collections.Generic.IEqualityComparer<System.UInt64>"
WeakBrowse,Type,"System.Collections.Generic.IEnumerable<System.Delegate>"
WeakBrowse,Type,"System.Collections.Generic.ICollection<System.Delegate>"
WeakBrowse,Type,"System.Collections.Generic.IList<System.Delegate>"
WeakBrowse,Type,"System.Collections.Generic.IReadOnlyList<System.Delegate>"
WeakBrowse,Type,"System.Collections.Generic.IReadOnlyCollection<System.Delegate>"
WeakBrowse,Type,"System.Collections.Generic.IEnumerable<System.Reflection.ConstructorInfo>"
WeakBrowse,Type,"System.Collections.Generic.ICollection<System.Reflection.ConstructorInfo>"
WeakBrowse,Type,"System.Collections.Generic.IList<System.Reflection.ConstructorInfo>"
WeakBrowse,Type,"System.Collections.Generic.IReadOnlyList<System.Reflection.ConstructorInfo>"
WeakBrowse,Type,"System.Collections.Generic.IReadOnlyCollection<System.Reflection.ConstructorInfo>"
WeakBrowse,Type,"System.Reflection.ConstructorInfo"
WeakBrowse,Type,"System.Collections.Generic.IEnumerable<System.Reflection.EventInfo>"
WeakBrowse,Type,"System.Collections.Generic.ICollection<System.Reflection.EventInfo>"
WeakBrowse,Type,"System.Collections.Generic.IList<System.Reflection.EventInfo>"
WeakBrowse,Type,"System.Collections.Generic.IReadOnlyList<System.Reflection.EventInfo>"
WeakBrowse,Type,"System.Collections.Generic.IReadOnlyCollection<System.Reflection.EventInfo>"
WeakBrowse,Type,"System.Reflection.EventInfo"
WeakBrowse,Type,"System.Collections.Generic.IEnumerable<System.Reflection.FieldInfo>"
WeakBrowse,Type,"System.Collections.Generic.ICollection<System.Reflection.FieldInfo>"
WeakBrowse,Type,"System.Collections.Generic.IList<System.Reflection.FieldInfo>"
WeakBrowse,Type,"System.Collections.Generic.IReadOnlyList<System.Reflection.FieldInfo>"
WeakBrowse,Type,"System.Collections.Generic.IReadOnlyCollection<System.Reflection.FieldInfo>"
WeakBrowse,Type,"System.Collections.Generic.IEnumerable<System.Reflection.MemberInfo>"
WeakBrowse,Type,"System.Collections.Generic.ICollection<System.Reflection.MemberInfo>"
WeakBrowse,Type,"System.Collections.Generic.IList<System.Reflection.MemberInfo>"
WeakBrowse,Type,"System.Collections.Generic.IReadOnlyList<System.Reflection.MemberInfo>"
WeakBrowse,Type,"System.Collections.Generic.IReadOnlyCollection<System.Reflection.MemberInfo>"
WeakBrowse,Type,"System.Collections.Generic.IEnumerable<System.Reflection.MethodInfo>"
WeakBrowse,Type,"System.Collections.Generic.ICollection<System.Reflection.MethodInfo>"
WeakBrowse,Type,"System.Collections.Generic.IList<System.Reflection.MethodInfo>"
WeakBrowse,Type,"System.Collections.Generic.IReadOnlyList<System.Reflection.MethodInfo>"
WeakBrowse,Type,"System.Collections.Generic.IReadOnlyCollection<System.Reflection.MethodInfo>"
WeakBrowse,Type,"System.Collections.Generic.IEnumerable<System.Reflection.PropertyInfo>"
WeakBrowse,Type,"System.Collections.Generic.ICollection<System.Reflection.PropertyInfo>"
WeakBrowse,Type,"System.Collections.Generic.IList<System.Reflection.PropertyInfo>"
WeakBrowse,Type,"System.Collections.Generic.IReadOnlyList<System.Reflection.PropertyInfo>"
WeakBrowse,Type,"System.Collections.Generic.IReadOnlyCollection<System.Reflection.PropertyInfo>"
WeakBrowse,Type,"System.Collections.Generic.IEnumerator<System.WeakReference>"
WeakBrowse,Type,"System.Runtime.InteropServices.Marshallers.InterfaceMarshaller"
WeakBrowse,Type,"System.Runtime.InteropServices.Marshallers.BlittableMarshaller"
WeakBrowse,Type,"System.Runtime.InteropServices.Marshallers.StructMarshaller"
WeakBrowse,Type,"System.Runtime.InteropServices.Marshallers.DelegateMarshaller"
WeakBrowse,Type,"System.Runtime.InteropServices.Marshallers.WinRTDelegateMarshaller"
WeakBrowse,Type,"System.Threading.CancellationToken"
WeakBrowse,Type,"System.Reflection.AmbiguousMatchException"
WeakBrowse,Type,"System.Globalization.CultureNotFoundException"
WeakBrowse,Type,"System.Resources.UltimateResourceFallbackLocation"
WeakBrowse,Type,"Windows.Foundation.Collections.CollectionChange"
WeakBrowse,Type,"System.Runtime.InteropServices.ComTypes.DESCKIND"
WeakBrowse,Type,"System.Runtime.InteropServices.ComTypes.TYPEKIND"
WeakBrowse,Type,"System.Globalization.CompareOptions"
WeakBrowse,Type,"System.Threading.EventResetMode"
WeakBrowse,Type,"System.Diagnostics.Tracing.EventFieldFormat"
WeakBrowse,Type,"System.Runtime.InteropServices.UnmanagedType"
WeakBrowse,Type,"Windows.Foundation.AsyncOperationProgressHandler"
WeakBrowse,Type,"Windows.Foundation.AsyncOperationWithProgressCompletedHandler"
WeakBrowse,Type,"Windows.Foundation.AsyncActionProgressHandler"
WeakBrowse,Type,"Windows.Foundation.AsyncActionWithProgressCompletedHandler"
WeakBrowse,Type,"System.Collections.Generic.ObjectEqualityComparer"
WeakBrowse,Type,"System.Collections.Generic.IReadOnlyDictionary"
WeakBrowse,Type,"Windows.Foundation.Metadata.AttributeNameAttribute"
WeakBrowse,Type,"System.Runtime.CompilerServices.IsByRefLikeAttribute"
WeakBrowse,Type,"System.Collections.Generic.KeyValuePair<System.Object, System.Object>"
WeakBrowse,Type,"System.Collections.Generic.Dictionary<System.Object, System.Object>"
WeakBrowse,Type,"Windows.Foundation.IAsyncOperationWithProgress"
WeakBrowse,Type,"Windows.Foundation.IAsyncActionWithProgress"
WeakBrowse,Type,"System.Array<System.Delegate>"
WeakBrowse,Type,"System.Collections.Generic.IComparer"
WeakBrowse,Type,"System.RuntimeMethodHandle"
WeakBrowse,Type,"System.Converter"
WeakBrowse,Type,"System.Predicate"
WeakBrowse,Type,"System.Action"
WeakBrowse,Type,"System.Comparison"
WeakBrowse,Type,"System.Collections.Generic.KeyValuePair"
WeakBrowse,Type,"System.Collections.Generic.KeyValuePair<System.Int32, System.String>"
WeakBrowse,Type,"System.Collections.Generic.KeyValuePair<System.UInt64, System.String>"
WeakBrowse,Type,"System.Collections.Generic.KeyValuePair<System.String, System.Type>"
WeakBrowse,Type,"System.Collections.Generic.KeyValuePair<System.String, System.Collections.Generic.List<System.Int32>>"
WeakBrowse,Type,"System.Collections.Generic.IEnumerator"
WeakBrowse,Type,"System.Runtime.InteropServices.Marshallers.Marshaller"
WeakBrowse,Type,"System.Collections.Generic.EqualityComparer"
WeakBrowse,Type,"System.Collections.Generic.IReadOnlyDictionary<System.Object, System.Object>"
WeakBrowse,Type,"System.Collections.Generic.IReadOnlyCollection<System.Collections.Generic.KeyValuePair<System.Object, System.Object>>"
WeakBrowse,Type,"System.Collections.Generic.IEnumerator<System.Byte>"
WeakBrowse,Type,"System.Collections.IDictionaryEnumerator"
WeakBrowse,Type,"System.Runtime.InteropServices.InterfaceTypeAttribute"
WeakBrowse,Type,"System.Runtime.InteropServices.Marshallers.WinRTArrayMarshaller"
WeakBrowse,Type,"System.Runtime.InteropServices.Marshallers.ArrayMarshaller"
WeakBrowse,Type,"System.Runtime.InteropServices.Marshallers.WinRTKeyValuePairMarshaller"
WeakBrowse,Type,"System.Runtime.InteropServices.Marshallers.WinRTReferenceMarshaller"
WeakBrowse,Type,"System.Resources.SatelliteContractVersionAttribute"
WeakBrowse,Type,"System.Threading.SemaphoreFullException"
WeakBrowse,Type,"System.Resources.MissingSatelliteAssemblyException"
WeakBrowse,Type,"System.Reflection.CustomAttributeFormatException"
WeakBrowse,Type,"System.DBNull"
WeakBrowse,Type,"System.Configuration.Assemblies.AssemblyHashAlgorithm"
WeakBrowse,Type,"System.Configuration.Assemblies.AssemblyVersionCompatibility"
WeakBrowse,Type,"System.Reflection.AssemblyNameFlags"
WeakBrowse,Type,"Internal.Runtime.DebuggerSupport.FuncEvalMode"
WeakBrowse,Type,"System.Threading.Tasks.Sources.ValueTaskSourceStatus"
WeakBrowse,Type,"System.IO.FileMode"
WeakBrowse,Type,"System.IO.FileAccess"
WeakBrowse,Type,"System.IO.FileShare"
WeakBrowse,Type,"System.IO.FileOptions"
WeakBrowse,Type,"System.Text.UTF8Encoding"
WeakBrowse,Type,"System.IO.MemoryStream"
WeakBrowse,Type,"System.Globalization.GregorianCalendar"
WeakBrowse,Type,"System.Threading.SynchronizationContext"
WeakBrowse,Type,"System.Runtime.InteropServices.PreserveSigAttribute"
WeakBrowse,Type,"System.Text.UnicodeEncoding"
WeakBrowse,Type,"System.Text.UTF32Encoding"
WeakBrowse,Type,"System.Tuple"
WeakBrowse,Type,"System.Runtime.CompilerServices.DecimalConstantAttribute"
WeakBrowse,Type,"System.Collections.IStructuralComparable"
WeakBrowse,Type,"System.Collections.IStructuralEquatable"
WeakBrowse,Type,"System.Collections.IEqualityComparer"
WeakBrowse,Type,"System.IO.Stream"
WeakBrowse,Type,"System.Collections.Generic.IComparer<System.Int32>"
WeakBrowse,Type,"System.Collections.Generic.ICollection<System.Collections.Generic.List<System.Int32>>"
WeakBrowse,Type,"System.Collections.Generic.IEnumerable<System.Collections.Generic.List<System.Int32>>"
WeakBrowse,Type,"System.Collections.Generic.IReadOnlyCollection<System.Collections.Generic.List<System.Int32>>"
WeakBrowse,Type,"System.Collections.Generic.IEnumerator<System.Int32>"
WeakBrowse,Type,"System.Collections.Generic.IEnumerator<System.String>"
WeakBrowse,Type,"System.DateTimeOffset"
WeakBrowse,Type,"System.Runtime.InteropServices.WindowsRuntime.EventRegistrationToken"
WeakBrowse,Type,"Windows.Foundation.Point"
WeakBrowse,Type,"Windows.Foundation.Rect"
WeakBrowse,Type,"Windows.Foundation.Size"
WeakBrowse,Type,"System.Text.CodePagesEncodingProvider"
WeakBrowse,Type,"System.Threading.ThreadStateException"
WeakBrowse,Type,"System.Threading.WaitHandleCannotBeOpenedException"
WeakBrowse,Type,"Internal.Runtime.DebuggerSupport.DebuggerResponseKind"
WeakBrowse,Type,"System.Reflection.AssemblyContentType"
WeakBrowse,Type,"System.Threading.Tasks.Sources.ValueTaskSourceOnCompletedFlags"
WeakBrowse,Type,"Windows.Storage.CreationCollisionOption"
WeakBrowse,Type,"Windows.Storage.FileAccessMode"
WeakBrowse,Type,"Windows.Storage.NameCollisionOption"
WeakBrowse,Type,"System.Threading.LockRecursionPolicy"
WeakBrowse,Type,"System.Threading.LazyThreadSafetyMode"
WeakBrowse,Type,"System.Diagnostics.Contracts.ContractFailureKind"
WeakBrowse,Type,"System.Globalization.GregorianCalendarTypes"
WeakBrowse,Type,"System.IO.FileStream"
WeakBrowse,Type,"System.Nullable<System.Int32>"
WeakBrowse,Type,"System.Text.EncoderFallback"
WeakBrowse,Type,"System.Tuple"
WeakBrowse,Type,"System.Collections.Generic.IComparer<System.String>"
WeakBrowse,Type,"System.MarshalByRefObject"
WeakBrowse,Type,"System.IComparable<System.DateTimeOffset>"
WeakBrowse,Type,"System.IEquatable<System.DateTimeOffset>"
WeakBrowse,Type,"System.IEquatable<System.Runtime.InteropServices.WindowsRuntime.EventRegistrationToken>"
WeakBrowse,Type,"System.Text.EncodingProvider"
WeakBrowse,Type,"System.Collections.Generic.IEnumerable<System.Resources.UltimateResourceFallbackLocation>"
WeakBrowse,Type,"System.Collections.Generic.ICollection<System.Resources.UltimateResourceFallbackLocation>"
WeakBrowse,Type,"System.Collections.Generic.IList<System.Resources.UltimateResourceFallbackLocation>"
WeakBrowse,Type,"System.Collections.Generic.IReadOnlyList<System.Resources.UltimateResourceFallbackLocation>"
WeakBrowse,Type,"System.Collections.Generic.IReadOnlyCollection<System.Resources.UltimateResourceFallbackLocation>"
WeakBrowse,Type,"System.Array<System.Reflection.MethodBase>"
WeakBrowse,Type,"System.IComparable<System.Version>"
WeakBrowse,Type,"System.IEquatable<System.Version>"
WeakBrowse,Type,"System.Diagnostics.Tracing.EventIgnoreAttribute"
WeakBrowse,Type,"System.Diagnostics.Tracing.EventFieldAttribute"
WeakBrowse,Type,"System.Array<System.Boolean>"
WeakBrowse,Type,"System.Array<System.SByte>"
WeakBrowse,Type,"System.Array<System.Int16>"
WeakBrowse,Type,"System.Array<System.UInt16>"
WeakBrowse,Type,"System.Array<System.UInt32>"
WeakBrowse,Type,"System.Array<System.Int64>"
WeakBrowse,Type,"System.Array<System.UInt64>"
WeakBrowse,Type,"System.Array<System.Double>"
WeakBrowse,Type,"System.Array<System.Single>"
WeakBrowse,Type,"System.Array<System.IntPtr>"
WeakBrowse,Type,"System.Array<System.UIntPtr>"
WeakBrowse,Type,"System.InvalidTimeZoneException"
WeakBrowse,Type,"System.Threading.AbandonedMutexException"
WeakBrowse,Type,"System.Threading.LockRecursionException"
WeakBrowse,Type,"System.Threading.ThreadState"
WeakBrowse,Type,"Internal.Runtime.DebuggerSupport.FuncEvalEntryPointMode"
WeakBrowse,Type,"System.Threading.ThreadPriority"
WeakBrowse,Type,"System.Reflection.ProcessorArchitecture"
WeakBrowse,Type,"System.MidpointRounding"
WeakBrowse,Type,"System.StringSplitOptions"
WeakBrowse,Type,"System.PlatformID"
WeakBrowse,Type,"System.Reflection.ParameterAttributes"
WeakBrowse,Type,"System.Globalization.JapaneseCalendar"
WeakBrowse,Type,"System.Globalization.TaiwanCalendar"
WeakBrowse,Type,"System.Text.DecoderFallback"
WeakBrowse,Type,"System.Collections.Generic.IEnumerable<System.Reflection.MethodBase>"
WeakBrowse,Type,"System.Collections.Generic.ICollection<System.Reflection.MethodBase>"
WeakBrowse,Type,"System.Collections.Generic.IList<System.Reflection.MethodBase>"
WeakBrowse,Type,"System.Collections.Generic.IReadOnlyList<System.Reflection.MethodBase>"
WeakBrowse,Type,"System.Collections.Generic.IReadOnlyCollection<System.Reflection.MethodBase>"
WeakBrowse,Type,"System.Version"
WeakBrowse,Type,"System.Collections.Generic.IEnumerable<System.SByte>"
WeakBrowse,Type,"System.Collections.Generic.ICollection<System.SByte>"
WeakBrowse,Type,"System.Collections.Generic.IList<System.SByte>"
WeakBrowse,Type,"System.Collections.Generic.IReadOnlyList<System.SByte>"
WeakBrowse,Type,"System.Collections.Generic.IReadOnlyCollection<System.SByte>"
WeakBrowse,Type,"System.Collections.Generic.IEnumerable<System.Int16>"
WeakBrowse,Type,"System.Collections.Generic.ICollection<System.Int16>"
WeakBrowse,Type,"System.Collections.Generic.IList<System.Int16>"
WeakBrowse,Type,"System.Collections.Generic.IReadOnlyList<System.Int16>"
WeakBrowse,Type,"System.Collections.Generic.IReadOnlyCollection<System.Int16>"
WeakBrowse,Type,"System.Collections.Generic.IEnumerable<System.UInt16>"
WeakBrowse,Type,"System.Collections.Generic.ICollection<System.UInt16>"
WeakBrowse,Type,"System.Collections.Generic.IList<System.UInt16>"
WeakBrowse,Type,"System.Collections.Generic.IReadOnlyList<System.UInt16>"
WeakBrowse,Type,"System.Collections.Generic.IReadOnlyCollection<System.UInt16>"
WeakBrowse,Type,"System.Collections.Generic.IEnumerable<System.UInt32>"
WeakBrowse,Type,"System.Collections.Generic.ICollection<System.UInt32>"
WeakBrowse,Type,"System.Collections.Generic.IList<System.UInt32>"
WeakBrowse,Type,"System.Collections.Generic.IReadOnlyList<System.UInt32>"
WeakBrowse,Type,"System.Collections.Generic.IReadOnlyCollection<System.UInt32>"
WeakBrowse,Type,"System.Collections.Generic.IEnumerable<System.Int64>"
WeakBrowse,Type,"System.Collections.Generic.ICollection<System.Int64>"
WeakBrowse,Type,"System.Collections.Generic.IList<System.Int64>"
WeakBrowse,Type,"System.Collections.Generic.IReadOnlyList<System.Int64>"
WeakBrowse,Type,"System.Collections.Generic.IReadOnlyCollection<System.Int64>"
WeakBrowse,Type,"System.Collections.Generic.IEnumerable<System.Double>"
WeakBrowse,Type,"System.Collections.Generic.ICollection<System.Double>"
WeakBrowse,Type,"System.Collections.Generic.IList<System.Double>"
WeakBrowse,Type,"System.Collections.Generic.IReadOnlyList<System.Double>"
WeakBrowse,Type,"System.Collections.Generic.IReadOnlyCollection<System.Double>"
WeakBrowse,Type,"System.Collections.Generic.IEnumerable<System.Single>"
WeakBrowse,Type,"System.Collections.Generic.ICollection<System.Single>"
WeakBrowse,Type,"System.Collections.Generic.IList<System.Single>"
WeakBrowse,Type,"System.Collections.Generic.IReadOnlyList<System.Single>"
WeakBrowse,Type,"System.Collections.Generic.IReadOnlyCollection<System.Single>"
WeakBrowse,Type,"System.Collections.Generic.IEnumerable<System.UIntPtr>"
WeakBrowse,Type,"System.Collections.Generic.ICollection<System.UIntPtr>"
WeakBrowse,Type,"System.Collections.Generic.IList<System.UIntPtr>"
WeakBrowse,Type,"System.Collections.Generic.IReadOnlyList<System.UIntPtr>"
WeakBrowse,Type,"System.Collections.Generic.IReadOnlyCollection<System.UIntPtr>"
WeakBrowse,Type,"Internal.Runtime.DebuggerSupport.DebugFuncEval"
WeakBrowse,Type,"System.Collections.Generic.IEnumerable<System.Byte[]>"
WeakBrowse,Type,"System.Collections.Generic.ICollection<System.Byte[]>"
WeakBrowse,Type,"System.Collections.Generic.IList<System.Byte[]>"
WeakBrowse,Type,"System.Collections.Generic.IReadOnlyList<System.Byte[]>"
WeakBrowse,Type,"System.Collections.Generic.IReadOnlyCollection<System.Byte[]>"
WeakBrowse,Type,"System.DuplicateWaitObjectException"
WeakBrowse,Type,"System.Reflection.TargetException"
WeakBrowse,Type,"Windows.UI.Xaml.Interop.TypeKind"
WeakBrowse,Type,"System.Diagnostics.Tracing.EventFieldTags"
WeakBrowse,Type,"System.Reflection.CustomAttributeTypedArgument"
WeakBrowse,Type,"System.Reflection.CustomAttributeNamedArgument"
WeakBrowse,Type,"System.Tuple"
WeakBrowse,Type,"System.Array<System.Reflection.FieldInfo>"
WeakBrowse,Type,"System.Array<System.Reflection.PropertyInfo>"
WeakBrowse,Type,"System.Reflection.CustomAttributeData"
WeakBrowse,Type,"System.Runtime.InteropServices.LayoutKind"
WeakBrowse,Type,"System.GCCollectionMode"
WeakBrowse,Type,"System.Globalization.KoreanCalendar"
WeakBrowse,Type,"System.Runtime.InteropServices.ComImportAttribute"
WeakBrowse,Type,"System.TimeZoneInfo"
WeakBrowse,Type,"System.Array<System.Byte[]>"
WeakBrowse,Type,"System.IEquatable<System.TimeZoneInfo>"
WeakBrowse,Type,"System.Array<System.TimeZoneInfo.AdjustmentRule>"
WeakBrowse,Type,"System.OperatingSystem"
WeakBrowse,Type,"System.Collections.Generic.IEnumerable<System.TimeZoneInfo.AdjustmentRule>"
WeakBrowse,Type,"System.Collections.Generic.ICollection<System.TimeZoneInfo.AdjustmentRule>"
WeakBrowse,Type,"System.Collections.Generic.IList<System.TimeZoneInfo.AdjustmentRule>"
WeakBrowse,Type,"System.Collections.Generic.IReadOnlyList<System.TimeZoneInfo.AdjustmentRule>"
WeakBrowse,Type,"System.Collections.Generic.IReadOnlyCollection<System.TimeZoneInfo.AdjustmentRule>"
WeakBrowse,Type,"System.TimeZoneInfo.AdjustmentRule"
WeakBrowse,Type,"System.Collections.Generic.ICollection<System.Reflection.CustomAttributeData>"
WeakBrowse,Type,"System.Collections.Generic.IEnumerable<System.Reflection.CustomAttributeData>"
WeakBrowse,Type,"System.Collections.ObjectModel.ReadOnlyCollection<System.Reflection.CustomAttributeTypedArgument>"
WeakBrowse,Type,"System.ValueTuple"
WeakBrowse,Type,"System.ValueTuple<System.IntPtr, System.Int32, System.IntPtr, System.Int32, System.Boolean>"
WeakBrowse,Type,"System.Threading.PreAllocatedOverlapped"
WeakBrowse,Type,"System.Runtime.InteropServices.InAttribute"
WeakBrowse,Type,"System.Runtime.InteropServices.OutAttribute"
WeakBrowse,Type,"System.Runtime.InteropServices.OptionalAttribute"
WeakBrowse,Type,"System.IEquatable<System.TimeZoneInfo.AdjustmentRule>"
WeakBrowse,Type,"System.Collections.Generic.IList<System.Reflection.CustomAttributeTypedArgument>"
WeakBrowse,Type,"System.Collections.Generic.ICollection<System.Reflection.CustomAttributeTypedArgument>"
WeakBrowse,Type,"System.Collections.Generic.IEnumerable<System.Reflection.CustomAttributeTypedArgument>"
WeakBrowse,Type,"System.Collections.Generic.IReadOnlyList<System.Reflection.CustomAttributeTypedArgument>"
WeakBrowse,Type,"System.Collections.Generic.IReadOnlyCollection<System.Reflection.CustomAttributeTypedArgument>"
WeakBrowse,Type,"System.IEquatable<System.ValueTuple<System.IntPtr, System.Int32, System.IntPtr, System.Int32, System.Boolean>>"
WeakBrowse,Type,"System.IComparable<System.ValueTuple<System.IntPtr, System.Int32, System.IntPtr, System.Int32, System.Boolean>>"
WeakBrowse,Type,"System.Runtime.InteropServices.WindowsRuntime.EventRegistrationTokenTable<System.EventHandler>"
WeakBrowse,Type,"System.Runtime.InteropServices.WindowsRuntime.EventRegistrationTokenTable<System.ComponentModel.PropertyChangedEventHandler>"
WeakBrowse,Type,"System.Runtime.InteropServices.WindowsRuntime.EventRegistrationTokenTable<System.Collections.Specialized.NotifyCollectionChangedEventHandler>"
WeakBrowse,Type,"System.Text.DecoderFallbackException"
WeakBrowse,Type,"System.Runtime.CompilerServices.CustomConstantAttribute"
WeakBrowse,Type,"System.Runtime.InteropServices.WindowsRuntime.EventRegistrationTokenTable"
WeakBrowse,Type,"System.Array<System.Char[]>"
WeakBrowse,Type,"System.Collections.Generic.IEnumerable<System.Char[]>"
WeakBrowse,Type,"System.Collections.Generic.ICollection<System.Char[]>"
WeakBrowse,Type,"System.Collections.Generic.IList<System.Char[]>"
WeakBrowse,Type,"System.Collections.Generic.IReadOnlyList<System.Char[]>"
WeakBrowse,Type,"System.Collections.Generic.IReadOnlyCollection<System.Char[]>"
WeakBrowse,Type,"System.IEquatable<System.ValueTuple>"
WeakBrowse,Type,"System.IComparable<System.ValueTuple>"
WeakBrowse,Type,"System.Array<System.Int32[]>"
WeakBrowse,Type,"System.Collections.Generic.IEnumerable<System.Int32[]>"
WeakBrowse,Type,"System.Collections.Generic.ICollection<System.Int32[]>"
WeakBrowse,Type,"System.Collections.Generic.IList<System.Int32[]>"
WeakBrowse,Type,"System.Collections.Generic.IReadOnlyList<System.Int32[]>"
WeakBrowse,Type,"System.Collections.Generic.IReadOnlyCollection<System.Int32[]>"
WeakBrowse,Type,"System.ValueTuple"
WeakBrowse,Type,"Windows.Storage.Streams.InputStreamOptions"
WeakBrowse,Type,"System.Reflection.PropertyAttributes"
WeakBrowse,Type,"System.Reflection.EventAttributes"
WeakBrowse,Type,"System.Runtime.InteropServices.FieldOffsetAttribute"
WeakBrowse,Type,"System.FieldAccessException"
WeakDynamic,Type,"System.Void"
WeakDynamic,Type,"System.Boolean"
WeakDynamic,Type,"Windows.Foundation.UniversalApiContract"
WeakDynamic,Type,"Windows.Foundation.FoundationContract"
WeakDynamic,Type,"System.Byte"
WeakDynamic,Type,"System.Char"
WeakDynamic,Type,"System.Int64"
WeakDynamic,Type,"System.Int32"
WeakDynamic,Type,"System.Single"
WeakDynamic,Type,"System.Double"
WeakDynamic,Type,"System.SByte"
WeakDynamic,Type,"System.Int16"
WeakDynamic,Type,"System.UInt16"
WeakDynamic,Type,"System.UInt32"
WeakDynamic,Type,"System.UInt64"
WeakDynamic,Type,"System.Collections.Generic.KeyValuePair"
WeakDynamic,Type,"System.ArraySegment<System.RuntimeTypeHandle>"
WeakDynamic,Type,"System.Decimal"
WeakDynamic,Type,"System.Guid"
WeakDynamic,Type,"System.TimeSpan"
WeakDynamic,Type,"Fake"
WeakDynamic,Type,"Windows.UI.Xaml.LayoutCycleException"
WeakDynamic,Type,"Windows.UI.Xaml.Markup.XamlParseException"
WeakDynamic,Type,"Windows.UI.Xaml.Automation.ElementNotAvailableException"
WeakDynamic,Type,"Windows.UI.Xaml.Automation.ElementNotEnabledException"
WeakDynamic,Type,"System.String"
WeakDynamic,Type,"System.Diagnostics.Tracing.EventSourceAttribute"
WeakDynamic,Type,"System.Diagnostics.Tracing.EventAttribute"
WeakDynamic,Type,"System.Diagnostics.Tracing.EventLevel"
WeakDynamic,Type,"System.Diagnostics.Tracing.EventKeywords"
WeakDynamic,Type,"System.Diagnostics.Tracing.EventOpcode"
WeakDynamic,Type,"System.Diagnostics.Tracing.EventTask"
WeakDynamic,Type,"System.Diagnostics.Tracing.EventChannel"
WeakDynamic,Type,"System.Diagnostics.Tracing.EventTags"
WeakDynamic,Type,"System.Diagnostics.Tracing.EventActivityOptions"
WeakDynamic,Type,"System.Diagnostics.Tracing.EventDataAttribute"
WeakDynamic,Type,"Internal.Runtime.CompilerServices.HasEmbeddedStringResourcesAttribute"
WeakDynamic,Type,"System.Diagnostics.Tracing.PropertyValue.ReferenceTypeHelper<System.Object>"
WeakDynamic,Type,"System.Diagnostics.Tracing.EventSource"
WeakDynamic,Type,"System.Diagnostics.Tracing.EventSourceSettings"
WeakDynamic,Type,"System.Collections.Generic.IEnumerable<System.Diagnostics.Tracing.EventSource>"
WeakDynamic,Type,"System.Exception"
WeakDynamic,Type,"System.Runtime.CompilerServices.CompilationRelaxationsAttribute"
WeakDynamic,Type,"System.Runtime.CompilerServices.RuntimeCompatibilityAttribute"
WeakDynamic,Type,"System.Diagnostics.DebuggableAttribute"
WeakDynamic,Type,"System.Runtime.CompilerServices.ExtensionAttribute"
WeakDynamic,Type,"System.Reflection.AssemblyTitleAttribute"
WeakDynamic,Type,"System.Reflection.AssemblyDescriptionAttribute"
WeakDynamic,Type,"System.Reflection.AssemblyDefaultAliasAttribute"
WeakDynamic,Type,"System.Reflection.AssemblyCompanyAttribute"
WeakDynamic,Type,"System.Reflection.AssemblyProductAttribute"
WeakDynamic,Type,"System.Reflection.AssemblyCopyrightAttribute"
WeakDynamic,Type,"System.Reflection.AssemblyFileVersionAttribute"
WeakDynamic,Type,"System.Reflection.AssemblyInformationalVersionAttribute"
WeakDynamic,Type,"System.CLSCompliantAttribute"
WeakDynamic,Type,"System.Reflection.AssemblyMetadataAttribute"
WeakDynamic,Type,"System.Resources.NeutralResourcesLanguageAttribute"
WeakDynamic,Type,"System.Runtime.InteropServices.DefaultDllImportSearchPathsAttribute"
WeakDynamic,Type,"System.Reflection.AssemblyConfigurationAttribute"
WeakDynamic,Type,"System.Reflection.AssemblyTrademarkAttribute"
WeakDynamic,Type,"System.Runtime.InteropServices.ComVisibleAttribute"
WeakDynamic,Type,"System.Runtime.Versioning.TargetFrameworkAttribute"
WeakDynamic,Type,"System.Reflection.AssemblyDelaySignAttribute"
WeakDynamic,Type,"System.Reflection.AssemblyKeyFileAttribute"
WeakDynamic,Type,"System.Windows.Input.ICommand"
WeakDynamic,Type,"System.EventHandler"
WeakDynamic,Type,"System.Collections.Specialized.INotifyCollectionChanged"
WeakDynamic,Type,"System.Collections.Specialized.NotifyCollectionChangedEventHandler"
WeakDynamic,Type,"System.ComponentModel.INotifyPropertyChanged"
WeakDynamic,Type,"System.ComponentModel.PropertyChangedEventHandler"
WeakDynamic,Type,"Windows.UI.Xaml.Data.ICustomProperty"
WeakDynamic,Type,"System.Collections.IDictionary"
WeakDynamic,Type,"System.Reflection.FieldInfo"
WeakDynamic,Type,"System.Reflection.PropertyInfo"
WeakDynamic,Type,"System.Runtime.CompilerServices.TypeForwardedFromAttribute"
WeakDynamic,Type,"System.Diagnostics.DebuggerDisplayAttribute"
WeakDynamic,Type,"System.ObsoleteAttribute"
WeakDynamic,Type,"System.Runtime.CompilerServices.IsReadOnlyAttribute"
WeakDynamic,Type,"System.Reflection.DefaultMemberAttribute"
WeakDynamic,Type,"System.AttributeUsageAttribute"
WeakDynamic,Type,"Windows.Foundation.Metadata.ContractVersionAttribute"
WeakDynamic,Type,"Windows.Foundation.Metadata.GuidAttribute"
WeakDynamic,Type,"System.ParamArrayAttribute"
WeakDynamic,Type,"System.Collections.Generic.ICollection"
WeakDynamic,Type,"System.Collections.Generic.IReadOnlyCollection"
WeakDynamic,Type,"System.Array"
WeakDynamic,Type,"Windows.Foundation.IReferenceArray"
WeakDynamic,Type,"Windows.Foundation.Collections.IIterator"
WeakDynamic,Type,"Windows.Foundation.IAsyncOperation"
WeakDynamic,Type,"Windows.Foundation.AsyncOperationCompletedHandler"
WeakDynamic,Type,"System.Collections.Generic.IEnumerator"
WeakDynamic,Type,"System.Collections.Generic.IEnumerable"
WeakDynamic,Type,"System.Object"
WeakDynamic,Type,"System.Runtime.InteropServices.WindowsRuntime.IIterableOfT_CCWAdapter"
WeakDynamic,Type,"System.Runtime.InteropServices.WindowsRuntime.IIteratorOfT_CCWAdapter"
WeakDynamic,Type,"System.Runtime.InteropServices.WindowsRuntime.IVector_CCWAdapter"
WeakDynamic,Type,"System.Runtime.InteropServices.WindowsRuntime.IVectorView_CCWAdapter"
WeakDynamic,Type,"System.Runtime.InteropServices.WindowsRuntime.IMap_CCWAdapter"
WeakDynamic,Type,"System.Runtime.InteropServices.WindowsRuntime.IMapView_CCWAdapter"
WeakDynamic,Type,"System.Runtime.InteropServices.WindowsRuntime.IKeyValuePair_CCWAdapter"
WeakDynamic,Type,"System.Runtime.InteropServices.WindowsRuntime.IReference_CCWAdapter"
WeakDynamic,Type,"System.Runtime.InteropServices.WindowsRuntime.IReferenceArray_CCWAdapter"
WeakDynamic,Type,"System.Runtime.InteropServices.WindowsRuntime.EventHandler_CCWAdapter"
WeakDynamic,Type,"System.IntPtr"
WeakDynamic,Type,"System.Diagnostics.Tracing.EventSource.EventData"
WeakDynamic,Type,"System.ValueType"
WeakDynamic,Type,"System.ArraySegment"
WeakDynamic,Type,"System.Collections.Generic.KeyValuePair<System.String, System.Resources.ResourceSet>"
WeakDynamic,Type,"System.Attribute"
WeakDynamic,Type,"System.Enum"
WeakDynamic,Type,"System.Diagnostics.Tracing.PropertyValue.ReferenceTypeHelper"
WeakDynamic,Type,"System.Diagnostics.Tracing.PropertyValue.TypeHelper"
WeakDynamic,Type,"System.MulticastDelegate"
WeakDynamic,Type,"System.Reflection.MemberInfo"
WeakDynamic,Type,"System.Array"
WeakDynamic,Type,"System.Collections.DictionaryEntry"
WeakDynamic,Type,"System.Collections.Generic.KeyValuePair<System.String, System.Object>"
WeakDynamic,Type,"System.Collections.Generic.KeyValuePair<System.Object, System.Object>"
WeakDynamic,Type,"System.Runtime.CompilerServices.CompilerGeneratedAttribute"
WeakDynamic,Type,"System.Security.SecuritySafeCriticalAttribute"
WeakDynamic,Type,"System.Diagnostics.DebuggerHiddenAttribute"
WeakDynamic,Type,"System.Diagnostics.DebuggerStepThroughAttribute"
WeakDynamic,Type,"Windows.Foundation.Metadata.LengthIsAttribute"
WeakDynamic,Type,"System.FlagsAttribute"
WeakDynamic,Type,"Windows.Foundation.Metadata.WebHostHiddenAttribute"
WeakDynamic,Type,"System.ComponentModel.EditorBrowsableAttribute"
WeakDynamic,Type,"Windows.Foundation.Metadata.AllowMultipleAttribute"
WeakDynamic,Type,"Windows.Foundation.Metadata.ApiContractAttribute"
WeakDynamic,Type,"System.Collections.ListDictionaryInternal"
WeakDynamic,Type,"System.Collections.Generic.IDictionary<System.Object, System.Object>"
WeakDynamic,Type,"System.Type"
WeakDynamic,Type,"System.Reflection.MemberFilter"
WeakDynamic,Type,"System.EventHandler<System.Diagnostics.Tracing.EventCommandEventArgs>"
WeakDynamic,Type,"System.EventHandler<System.Diagnostics.Tracing.EventWrittenEventArgs>"
WeakDynamic,Type,"System.Diagnostics.DebuggerTypeProxyAttribute"
WeakDynamic,Type,"System.Array<System.Delegate>"
WeakDynamic,Type,"System.Delegate"
WeakDynamic,Type,"System.Reflection.MethodInfo"
WeakDynamic,Type,"System.Reflection.MethodBase"
WeakDynamic,Type,"System.ReadOnlySpan<System.Char>"
WeakDynamic,Type,"System.Array<System.Char>"
WeakDynamic,Type,"System.Array<System.Byte>"
WeakDynamic,Type,"System.Reflection.MemberTypes"
WeakDynamic,Type,"System.Reflection.Assembly"
WeakDynamic,Type,"System.Reflection.Module"
WeakDynamic,Type,"System.Array<System.Type>"
WeakDynamic,Type,"System.Reflection.GenericParameterAttributes"
WeakDynamic,Type,"System.Reflection.TypeAttributes"
WeakDynamic,Type,"System.Runtime.InteropServices.StructLayoutAttribute"
WeakDynamic,Type,"System.Reflection.ConstructorInfo"
WeakDynamic,Type,"System.Array<System.Reflection.ConstructorInfo>"
WeakDynamic,Type,"System.Reflection.EventInfo"
WeakDynamic,Type,"System.Array<System.Reflection.EventInfo>"
WeakDynamic,Type,"System.Array<System.Reflection.FieldInfo>"
WeakDynamic,Type,"System.Array<System.Reflection.MemberInfo>"
WeakDynamic,Type,"System.Array<System.Reflection.MethodInfo>"
WeakDynamic,Type,"System.Array<System.Reflection.PropertyInfo>"
WeakDynamic,Type,"System.RuntimeTypeHandle"
WeakDynamic,Type,"System.TypeCode"
WeakDynamic,Type,"System.Reflection.InterfaceMapping"
WeakDynamic,Type,"System.Reflection.Binder"
WeakDynamic,Type,"System.Array<System.String>"
WeakDynamic,Type,"System.Collections.Generic.IDictionary<System.String, System.String>"
WeakDynamic,Type,"System.Collections.Generic.ICollection<System.String>"
WeakDynamic,Type,"System.IAsyncResult"
WeakDynamic,Type,"System.Diagnostics.Tracing.EventListener"
WeakDynamic,Type,"System.DateTime"
WeakDynamic,Type,"System.DayOfWeek"
WeakDynamic,Type,"System.DateTimeKind"
WeakDynamic,Type,"System.Array<System.Object>"
WeakDynamic,Type,"System.Reflection.FieldAttributes"
WeakDynamic,Type,"System.Collections.Generic.Dictionary<System.String, System.String>"
WeakDynamic,Type,"System.Diagnostics.Tracing.EventSourceOptions"
WeakDynamic,Type,"System.Runtime.InteropServices.GCHandle"
WeakDynamic,Type,"System.Globalization.UnicodeCategory"
WeakDynamic,Type,"System.EventArgs"
WeakDynamic,Type,"System.Collections.Generic.List<System.WeakReference>"
WeakDynamic,Type,"System.WeakReference"
WeakDynamic,Type,"System.Collections.Generic.List<System.WeakReference>.Enumerator"
WeakDynamic,Type,"System.Collections.ObjectModel.ReadOnlyCollection<System.Object>"
WeakDynamic,Type,"System.Collections.ObjectModel.ReadOnlyCollection<System.String>"
WeakDynamic,Type,"System.Nullable<System.Int64>"
WeakDynamic,Type,"System.Collections.IDictionaryEnumerator"
WeakDynamic,Type,"System.Collections.Generic.Dictionary<System.Int32, System.String>"
WeakDynamic,Type,"System.Collections.Generic.Dictionary<System.UInt64, System.String>"
WeakDynamic,Type,"System.Collections.Generic.Dictionary<System.String, System.Type>"
WeakDynamic,Type,"System.Text.StringBuilder"
WeakDynamic,Type,"System.Resources.ResourceManager"
WeakDynamic,Type,"System.Resources.ResourceSet"
WeakDynamic,Type,"System.IO.UnmanagedMemoryStream"
WeakDynamic,Type,"System.Collections.Generic.IList<System.String>"
WeakDynamic,Type,"System.Collections.Generic.Dictionary<System.String, System.Collections.Generic.List<System.Int32>>"
WeakDynamic,Type,"System.Collections.Generic.List<System.Int32>"
WeakDynamic,Type,"System.Collections.Generic.IEqualityComparer<System.String>"
WeakDynamic,Type,"System.Collections.Generic.Dictionary<System.String, System.String>.KeyCollection"
WeakDynamic,Type,"System.Collections.Generic.Dictionary<System.String, System.String>.ValueCollection"
WeakDynamic,Type,"System.Collections.Generic.List<System.String>"
WeakDynamic,Type,"System.Collections.Generic.List<System.Object>"
WeakDynamic,Type,"System.Array<System.RuntimeTypeHandle>"
WeakDynamic,Type,"System.Diagnostics.Tracing.EventManifestOptions"
WeakDynamic,Type,"System.Diagnostics.Tracing.EventCommand"
WeakDynamic,Type,"System.Collections.Generic.List<System.Byte>"
WeakDynamic,Type,"System.Collections.Generic.List"
WeakDynamic,Type,"System.Reflection.BindingFlags"
WeakDynamic,Type,"System.Collections.Generic.IDictionary"
WeakDynamic,Type,"System.EventHandler"
WeakDynamic,Type,"System.ReadOnlySpan"
WeakDynamic,Type,"System.Collections.Generic.Dictionary"
WeakDynamic,Type,"System.Collections.Generic.List.Enumerator"
WeakDynamic,Type,"System.Collections.ObjectModel.ReadOnlyCollection"
WeakDynamic,Type,"System.Nullable"
WeakDynamic,Type,"System.IO.Stream"
WeakDynamic,Type,"System.Collections.Generic.IList"
WeakDynamic,Type,"System.Collections.Generic.IEqualityComparer"
WeakDynamic,Type,"System.Collections.Generic.Dictionary.KeyCollection"
WeakDynamic,Type,"System.Collections.Generic.Dictionary.ValueCollection"
WeakDynamic,Type,"System.Collections.Generic.KeyValuePair<System.RuntimeTypeHandle, System.RuntimeTypeHandle>"
WeakDynamic,Type,"System.Collections.Generic.KeyValuePair<System.Int32, System.Text.Encoding>"
WeakDynamic,Type,"System.Diagnostics.Tracing.EventCommandEventArgs"
WeakDynamic,Type,"System.Reflection.ParameterInfo"
WeakDynamic,Type,"System.Collections.Generic.List<System.Byte>.Enumerator"
WeakDynamic,Type,"System.Collections.Generic.IEnumerator<System.Object>"
WeakDynamic,Type,"System.Collections.Generic.IEnumerator<System.String>"
WeakDynamic,Type,"Windows.Foundation.Metadata.AttributeNameAttribute"
WeakDynamic,Type,"System.Runtime.CompilerServices.IsByRefLikeAttribute"
WeakDynamic,Type,"System.Collections.Generic.Dictionary<System.Object, System.Object>"
WeakDynamic,Type,"System.Runtime.InteropServices.Marshallers.InterfaceMarshaller"
WeakDynamic,Type,"System.Runtime.InteropServices.Marshallers.BlittableMarshaller"
WeakDynamic,Type,"System.Runtime.InteropServices.Marshallers.StructMarshaller"
WeakDynamic,Type,"System.Runtime.InteropServices.Marshallers.DelegateMarshaller"
WeakDynamic,Type,"System.Runtime.InteropServices.Marshallers.WinRTDelegateMarshaller"
WeakDynamic,Type,"Windows.Foundation.AsyncOperationProgressHandler"
WeakDynamic,Type,"Windows.Foundation.AsyncOperationWithProgressCompletedHandler"
WeakDynamic,Type,"Windows.Foundation.AsyncActionProgressHandler"
WeakDynamic,Type,"Windows.Foundation.AsyncActionWithProgressCompletedHandler"
WeakDynamic,Type,"System.Func"
WeakDynamic,Type,"System.Collections.IEnumerator"
WeakDynamic,Type,"System.Collections.Generic.Dictionary.Enumerator"
WeakDynamic,Type,"System.Array<System.Reflection.ParameterInfo>"
WeakDynamic,Type,"System.Reflection.MethodAttributes"
WeakDynamic,Type,"System.Reflection.MethodImplAttributes"
WeakDynamic,Type,"System.Reflection.MethodBody"
WeakDynamic,Type,"System.Reflection.CallingConventions"
WeakDynamic,Type,"System.RuntimeMethodHandle"
WeakDynamic,Type,"System.Collections.Generic.Dictionary.KeyCollection.Enumerator"
WeakDynamic,Type,"System.Text.Encoding"
WeakDynamic,Type,"System.MarshalByRefObject"
WeakDynamic,Type,"System.Runtime.InteropServices.Marshallers.Marshaller"
WeakDynamic,Type,"System.Collections.Generic.KeyValuePair<System.String, System.String>"
WeakDynamic,Type,"System.Collections.Generic.KeyValuePair<System.Int32, System.String>"
WeakDynamic,Type,"System.Collections.Generic.KeyValuePair<System.UInt64, System.String>"
WeakDynamic,Type,"System.Collections.Generic.KeyValuePair<System.String, System.Type>"
WeakDynamic,Type,"System.Collections.Generic.KeyValuePair<System.String, System.Collections.Generic.List<System.Int32>>"
WeakDynamic,Type,"System.Collections.Generic.KeyValuePair<System.String, System.UriParser>"
WeakDynamic,Type,"System.Nullable<System.Char>"
WeakDynamic,Type,"System.Collections.Generic.KeyValuePair<System.Object, System.Runtime.Serialization.SerializationInfo>"
WeakDynamic,Type,"System.Collections.Generic.KeyValuePair<System.String, System.Int32>"
WeakDynamic,Type,"System.Array<System.WeakReference>"
WeakDynamic,Type,"System.Collections.Generic.Dictionary<System.Int32, System.String>.KeyCollection"
WeakDynamic,Type,"System.Collections.Generic.Dictionary<System.Int32, System.String>.ValueCollection"
WeakDynamic,Type,"System.Collections.Generic.Dictionary<System.UInt64, System.String>.KeyCollection"
WeakDynamic,Type,"System.Collections.Generic.Dictionary<System.UInt64, System.String>.ValueCollection"
WeakDynamic,Type,"System.Collections.Generic.Dictionary<System.String, System.Type>.KeyCollection"
WeakDynamic,Type,"System.Collections.Generic.Dictionary<System.String, System.Type>.ValueCollection"
WeakDynamic,Type,"System.Resources.UltimateResourceFallbackLocation"
WeakDynamic,Type,"System.Collections.Generic.Dictionary<System.String, System.Collections.Generic.List<System.Int32>>.KeyCollection"
WeakDynamic,Type,"System.Collections.Generic.Dictionary<System.String, System.Collections.Generic.List<System.Int32>>.ValueCollection"
WeakDynamic,Type,"System.Collections.Generic.List<System.Int32>.Enumerator"
WeakDynamic,Type,"System.Collections.Generic.List<System.String>.Enumerator"
WeakDynamic,Type,"System.Collections.Generic.Dictionary.ValueCollection.Enumerator"
WeakDynamic,Type,"System.Runtime.CompilerServices.DecimalConstantAttribute"
WeakDynamic,Type,"System.Runtime.InteropServices.Marshallers.WinRTArrayMarshaller"
WeakDynamic,Type,"System.Runtime.InteropServices.Marshallers.ArrayMarshaller"
WeakDynamic,Type,"System.Runtime.InteropServices.Marshallers.WinRTKeyValuePairMarshaller"
WeakDynamic,Type,"System.Runtime.InteropServices.Marshallers.WinRTReferenceMarshaller"
WeakDynamic,Type,"System.UriParser"
WeakDynamic,Type,"System.Runtime.Serialization.SerializationInfo"
WeakDynamic,Type,"System.Nullable<System.Int32>"
WeakDynamic,Type,"System.Version"
WeakDynamic,Type,"Internal.Runtime.DebuggerSupport.DebugFuncEval.InvokeFunctionData"
WeakDynamic,Type,"Internal.Runtime.DebuggerSupport.DebugFuncEval.FuncEvalResult"
WeakDynamic,Type,"System.Array<System.Byte[]>"
WeakDynamic,Type,"System.Collections.Generic.KeyValuePair<System.Int32, System.Int32>"
WeakDynamic,Type,"System.Collections.Generic.IEnumerable<System.Reflection.CustomAttributeData>"
WeakDynamic,Type,"System.Collections.Generic.KeyValuePair<System.String, System.TimeZoneInfo>"
WeakDynamic,Type,"System.Collections.Generic.KeyValuePair<System.Byte[][], System.Object>"
WeakDynamic,Type,"System.TimeZoneInfo"
WeakDynamic,Type,"System.Collections.Generic.IList<System.Reflection.CustomAttributeData>"
WeakDynamic,Type,"System.ValueTuple"
WeakDynamic,Type,"System.ValueTuple<System.IntPtr, System.Int32, System.IntPtr, System.Int32, System.Boolean>"
WeakDynamic,Type,"System.Collections.Generic.KeyValuePair<System.Windows.Input.ICommand, System.Runtime.InteropServices.WindowsRuntime.EventRegistrationTokenTable<System.EventHandler>>"
WeakDynamic,Type,"System.Collections.Generic.KeyValuePair<System.ComponentModel.INotifyPropertyChanged, System.Runtime.InteropServices.WindowsRuntime.EventRegistrationTokenTable<System.ComponentModel.PropertyChangedEventHandler>>"
WeakDynamic,Type,"System.Collections.Generic.KeyValuePair<System.Collections.Specialized.INotifyCollectionChanged, System.Runtime.InteropServices.WindowsRuntime.EventRegistrationTokenTable<System.Collections.Specialized.NotifyCollectionChangedEventHandler>>"
WeakDynamic,Type,"System.Runtime.InteropServices.WindowsRuntime.EventRegistrationTokenTable<System.EventHandler>"
WeakDynamic,Type,"System.Runtime.InteropServices.WindowsRuntime.EventRegistrationTokenTable<System.ComponentModel.PropertyChangedEventHandler>"
WeakDynamic,Type,"System.Runtime.InteropServices.WindowsRuntime.EventRegistrationTokenTable<System.Collections.Specialized.NotifyCollectionChangedEventHandler>"
WeakDynamic,Type,"System.Runtime.InteropServices.WindowsRuntime.EventRegistrationTokenTable"
WeakDynamic,Type,"System.Collections.Generic.KeyValuePair<System.Runtime.InteropServices.WindowsRuntime.EventRegistrationToken, System.EventHandler>"
WeakDynamic,Type,"System.Collections.Generic.KeyValuePair<System.Runtime.InteropServices.WindowsRuntime.EventRegistrationToken, System.ComponentModel.PropertyChangedEventHandler>"
WeakDynamic,Type,"System.Collections.Generic.KeyValuePair<System.Runtime.InteropServices.WindowsRuntime.EventRegistrationToken, System.Collections.Specialized.NotifyCollectionChangedEventHandler>"
WeakDynamic,Type,"System.Collections.Generic.KeyValuePair<System.Char[][], System.Object>"
WeakDynamic,Type,"System.Runtime.InteropServices.WindowsRuntime.EventRegistrationToken"
WeakDynamic,Type,"System.Array<System.Char[]>"
WeakDynamic,Type,"System.ValueTuple"
WeakDynamic,Type,"System.Collections.Generic.KeyValuePair<System.Int32[][], System.Object>"
WeakDynamic,Type,"System.Collections.Generic.KeyValuePair<System.Object, System.IO.Stream>"
WeakDynamic,Type,"System.Array<System.Int32[]>"
WeakDynamic,Type,"Windows.Foundation.IAsyncOperationWithProgress"
DispatchProxy,Method,"T System.Reflection.DispatchProxy.Create<T, TProxy>()"
